thermal_case,source_run,source_solution_id,pv_kw,bsv_kwh,biomethane_storage_nm3,chp_kw,P_peak_grid_opt_kw,base_lcoe_usd_kwh,recomputed_lcoe_usd_kwh,lcoe_audit_error,chp_electric_energy_kwh,chp_capacity_factor,heat_available_kwh_th,thermal_demand_kwh_th,heat_useful_kwh_th,heat_dumped_kwh_th,heat_utilization_ratio,thermal_demand_coverage_ratio,heat_credit_usd_per_year,adjusted_lcoe_usd_kwh,lcoe_reduction_usd_kwh,lcoe_reduction_percent,dominated_by_h2,n_h2_dominators,solver_status,solve_time_sec
TMAX,seed42,0,303.0,50.0,369.0,63.0,410.4523135750388,0.1896951589458584,0.1896951589458584,5.551115123125783e-17,90801.8228367426,0.1645318236514144,106132.00071827056,0.0,106132.00071827056,0.0,1.0,0.0,8490.560057461646,0.1859516842917949,0.0037434746540634944,1.9734160190835095,True,34,OPTIMAL,7.199999999999998
TMAX,seed42,1,301.0,49.0,368.0,63.0,410.89810198526726,0.1896638543215509,0.1896638543215509,8.326672684688674e-17,90386.81211958527,0.1637798291650092,105646.9232566581,0.0,105646.9232566581,0.0,1.0,0.0,8451.753860532648,0.1859374892590386,0.0037263650625122824,1.9647207296518951,True,34,OPTIMAL,6.579000000000008
TMAX,seed42,2,299.0,48.0,367.0,63.0,411.3515545949132,0.1896327739858213,0.1896327739858213,2.775557561562892e-17,89968.58257061415,0.1630220021936184,105158.08352409446,0.0,105158.08352409446,0.0,1.0,0.0,8412.646681927557,0.18592365121721063,0.0037091227686106565,1.955950277291195,True,34,OPTIMAL,6.883999999999997
TMAX,seed42,3,290.0,55.0,350.0,62.0,415.8640348984492,0.1889148842379263,0.1889148842379263,0.0,84115.22822551776,0.1548741129502094,98316.50052333243,0.0,98316.50052333243,0.0,1.0,0.0,7865.320041866595,0.1854470769291552,0.0034678073087710815,1.835645361010093,True,36,OPTIMAL,6.849000000000005
TMAX,seed42,4,268.0,69.0,382.0,51.0,417.2476001141025,0.1880357124302613,0.1880357124302613,8.326672684688674e-17,79476.43135268515,0.1778951368803947,92894.53015248914,0.0,92894.53015248914,0.0,1.0,0.0,7431.562412199131,0.1847591481822162,0.003276564248045094,1.7425223143504227,True,37,OPTIMAL,6.886000000000003
TMAX,seed42,5,268.0,69.0,345.0,51.0,417.7717201674743,0.1874495245897559,0.1874495245897559,5.551115123125783e-17,70053.97784384288,0.1568044987103654,81881.27280449167,0.0,81881.27280449167,0.0,1.0,0.0,6550.501824359334,0.184561418577322,0.0028881060124338886,1.540737976665812,True,38,OPTIMAL,6.797999999999999
TMAX,seed42,6,257.0,63.0,330.0,43.0,425.24760011410217,0.1869900375412441,0.1869900375412441,2.775557561562892e-17,62763.7586317611,0.166623549516197,73360.2373617987,0.0,73360.2373617987,0.0,1.0,0.0,5868.818988943896,0.18440248442511123,0.0025875531161328735,1.383791965688087,True,41,OPTIMAL,6.683000000000001
TMAX,seed42,7,248.0,77.0,310.0,43.0,425.2476001141032,0.1862552695362151,0.1862552695362151,0.0,62279.10945651827,0.1653369158344437,72793.76429982655,0.0,72793.76429982655,0.0,1.0,0.0,5823.501143986125,0.18368769698706816,0.0025675725491469403,1.378523440190618,True,39,OPTIMAL,6.745000000000003
TMAX,seed42,8,227.0,79.0,354.0,41.0,427.2476001141026,0.1861305528652083,0.1861305528652083,5.551115123125783e-17,58277.36500329402,0.1622601765321695,68116.4006532008,0.0,68116.4006532008,0.0,1.0,0.0,5449.312052256065,0.18372795970154815,0.0024025931636601494,1.2908107383101446,True,40,OPTIMAL,6.839000000000005
TMAX,seed42,9,231.0,69.0,264.0,40.0,428.2476001141022,0.1856939619004292,0.1856939619004292,2.775557561562892e-17,56661.16897711744,0.1617042493639196,66227.34036286456,0.0,66227.34036286456,0.0,1.0,0.0,5298.187229029165,0.1833579994350411,0.002335962465388086,1.2579636093071518,True,39,OPTIMAL,6.729000000000002
TMAX,seed42,10,245.0,105.0,346.0,41.0,428.3578345096222,0.185306319655312,0.185306319655312,5.551115123125783e-17,52860.18244425416,0.1471772537149297,61784.628830946414,0.0,61784.628830946414,0.0,1.0,0.0,4942.770306475713,0.18312705995537162,0.0021792596999403724,1.1760309653734475,True,39,OPTIMAL,8.464999999999987
TMAX,seed42,11,231.0,97.0,249.0,38.0,430.2476001141024,0.1844669162026829,0.1844669162026829,2.775557561562892e-17,49913.85010388404,0.1499454761592286,58340.86375778654,0.0,58340.86375778654,0.0,1.0,0.0,4667.269100622923,0.1824091245536478,0.0020577916490351067,1.1155342602323928,True,38,OPTIMAL,11.65
TMAX,seed42,12,252.0,113.0,315.0,32.0,436.2476001141032,0.1844436944185219,0.1844436944185219,2.775557561562892e-17,42108.60643488949,0.1502162044623626,49217.85167714355,0.0,49217.85167714355,0.0,1.0,0.0,3937.4281341714845,0.18270768851046476,0.0017360059080571422,0.9412118497897599,True,40,OPTIMAL,11.469999999999992
TMAX,seed42,13,240.0,70.0,168.0,29.0,439.24760011410217,0.1842310197452163,0.1842310197452163,8.326672684688674e-17,37398.75552964048,0.147216011374746,43712.83113854081,0.0,43712.83113854081,0.0,1.0,0.0,3497.026491083265,0.18268918623301422,0.0015418335122020788,0.8369022297843053,True,42,OPTIMAL,9.271999999999986
TMAX,seed42,14,251.0,113.0,300.0,29.0,439.2476001141031,0.1841112831778918,0.1841112831778918,5.551115123125783e-17,37317.77158184415,0.1468972271368452,43618.17457618147,0.0,43618.17457618147,0.0,1.0,0.0,3489.4539660945175,0.18257278838011737,0.0015384947977744312,0.8356330862611547,True,42,OPTIMAL,10.710999999999991
TMAX,seed42,15,249.0,114.0,288.0,28.0,440.24760011410217,0.1838903840195606,0.1838903840195606,0.0,35759.555995357485,0.1457907534057301,41796.88363093732,0.0,41796.88363093732,0.0,1.0,0.0,3343.7506904749857,0.18241612956819492,0.0014742544513656752,0.801702850981516,True,42,OPTIMAL,20.106
TMAX,seed42,16,241.0,129.0,227.0,26.0,442.2476001141025,0.1826997698082532,0.1826997698082532,0.0,32703.733684499945,0.1435885743084823,38225.14326759735,0.0,38225.14326759735,0.0,1.0,0.0,3058.011461407788,0.18135149733622052,0.0013482724720326744,0.7379716315174952,True,40,OPTIMAL,22.496999999999986
TMAX,seed43,0,229.0,118.0,180.0,25.0,443.24760011410217,0.1824317355828486,0.1824317355828486,5.551115123125783e-17,30383.58499201095,0.1387378310137486,35513.281159493315,0.0,35513.281159493315,0.0,1.0,0.0,2841.0624927594654,0.18117911557188607,0.0012526200109625185,0.6866239620867173,True,41,OPTIMAL,7.554999999999995
TMAX,seed43,1,223.0,134.0,191.0,25.0,443.2476001141024,0.1819924357681663,0.1819924357681663,5.551115123125783e-17,31193.91848669453,0.1424379839575092,36460.42420522737,0.0,36460.42420522737,0.0,1.0,0.0,2916.8339364181898,0.1807064082461658,0.0012860275220004935,0.7066378976534599,True,40,OPTIMAL,9.56499999999998
TMAX,seed43,2,208.0,135.0,196.0,25.0,443.4132164387021,0.1818002142053701,0.1818002142053701,5.551115123125783e-17,28708.632666027443,0.1310896468768376,33555.544674577526,0.0,33555.544674577526,0.0,1.0,0.0,2684.443573966202,0.18061664723082466,0.0011835669745454414,0.651026171623994,True,40,OPTIMAL,10.544999999999996
TMAX,seed43,3,208.0,136.0,196.0,25.0,443.888325495238,0.1817663688987137,0.1817663688987137,2.775557561562892e-17,28628.00334873591,0.1307214764782461,33461.3026154056,0.0,33461.3026154056,0.0,1.0,0.0,2676.904209232448,0.18058612601829133,0.001180242880422372,0.6493186212461793,True,41,OPTIMAL,9.09199999999998
TMAX,seed43,4,207.0,137.0,196.0,25.0,444.4525024531778,0.1817269387936106,0.1817269387936106,5.551115123125783e-17,28545.09179799279,0.1303428849223415,33364.39301064092,0.0,33364.39301064092,0.0,1.0,0.0,2669.1514408512735,0.1805501140966458,0.0011768246969648122,0.6475785619771792,True,41,OPTIMAL,7.340999999999994
TMAX,seed43,5,207.0,138.0,196.0,25.0,445.0569792098141,0.1816927970705297,0.1816927970705297,2.775557561562892e-17,28458.139492674574,0.129945842432304,33262.760445983266,0.0,33262.760445983266,0.0,1.0,0.0,2661.020835678661,0.18051955714467302,0.0011732399258566895,0.6457272631458582,True,41,OPTIMAL,10.390999999999984
TMAX,seed42,17,249.0,230.0,274.0,23.0,445.2476001141024,0.1798323053306534,0.1798323053306534,8.326672684688674e-17,26956.735996246756,0.1337936072873077,31507.87324236634,0.0,31507.87324236634,0.0,1.0,0.0,2520.629859389307,0.17872096356673675,0.00111134176391664,0.6179878314261958,True,38,OPTIMAL,10.775999999999994
TMAX,seed43,8,242.0,255.0,250.0,21.0,447.9349765967564,0.1786353756972715,0.1786353756972715,2.775557561562892e-17,23803.78500397388,0.1293965264403885,27822.605848800635,0.0,27822.605848800635,0.0,1.0,0.0,2225.8084679040508,0.17765402022389773,0.000981355473373774,0.549362336291581,True,36,OPTIMAL,11.280999999999992
TMAX,seed43,9,212.0,253.0,275.0,20.0,448.24760011410257,0.1785389203925819,0.1785389203925819,5.551115123125783e-17,22643.173369786626,0.1292418571334853,26466.046795854498,0.0,26466.046795854498,0.0,1.0,0.0,2117.28374366836,0.17760541330044166,0.00093350709214024,0.5228591559126657,True,36,OPTIMAL,11.676999999999984
TMAX,seed43,10,206.0,290.0,232.0,20.0,448.6937270185009,0.1770125942932474,0.1770125942932474,2.775557561562892e-17,22562.90519185285,0.12878370543295,26372.22684762021,0.0,26372.22684762021,0.0,1.0,0.0,2109.778147809617,0.17608239640658602,0.0009301978866613769,0.5254981377880759,True,35,OPTIMAL,11.736999999999991
TMAX,seed43,11,206.0,291.0,217.0,19.0,449.2476001141023,0.176811587805854,0.176811587805854,0.0,21445.141584504323,0.1288460801760654,25065.74990396609,0.0,25065.74990396609,0.0,1.0,0.0,2005.2599923172872,0.1759274718105316,0.0008841159953223987,0.5000328351177936,True,35,OPTIMAL,10.777999999999984
TMAX,seed43,12,206.0,313.0,212.0,18.0,451.6051142380329,0.1760417945530227,0.1760417945530227,2.775557561562892e-17,20365.465899649007,0.1291569374660642,23803.79131127806,0.0,23803.79131127806,0.0,1.0,0.0,1904.3033049022447,0.17520219020333247,0.0008396043496902428,0.47693466873706464,True,34,OPTIMAL,12.431999999999997
TMAX,seed43,13,206.0,323.0,208.0,18.0,457.263901370698,0.1756872637582665,0.1756872637582665,2.775557561562892e-17,20066.746522573834,0.1272624716043495,23454.638792618767,0.0,23454.638792618767,0.0,1.0,0.0,1876.3711034095013,0.1748599746725415,0.0008272890857249915,0.4708873415339225,True,35,OPTIMAL,12.289999999999983
TMAX,seed43,14,242.0,575.0,191.0,21.0,457.8096680508502,0.1682453963728939,0.1682453963728939,8.326672684688674e-17,23302.23065070293,0.1266700948613988,27236.373487834608,0.0,27236.373487834608,0.0,1.0,0.0,2178.9098790267685,0.16728471841402862,0.0009606779588652858,0.570998065668358,True,25,OPTIMAL,16.43499999999999
TMAX,seed43,15,266.0,619.0,187.0,22.0,461.13987986295103,0.167261545367826,0.167261545367826,2.775557561562892e-17,24380.995841153017,0.1265099410603622,28497.267866282746,0.0,28497.267866282746,0.0,1.0,0.0,2279.78142930262,0.16625639330016012,0.001005152067665882,0.600946299674229,True,23,OPTIMAL,12.575999999999986
TMAX,seed42,23,232.0,647.0,182.0,28.0,462.5668151816717,0.166196214672857,0.166196214672857,2.775557561562892e-17,30942.77017705646,0.1261528464491864,36166.87423292313,0.0,36166.87423292313,0.0,1.0,0.0,2893.349938633851,0.16492054120876162,0.0012756734640953782,0.767570709481219,True,21,OPTIMAL,12.669999999999996
TMAX,seed43,16,304.0,1500.0,250.0,17.0,468.2476001141024,0.1426389278527557,0.1426389278527557,5.551115123125783e-17,14231.477574842402,0.0955645821571474,16634.194567997616,0.0,16634.194567997616,0.0,1.0,0.0,1330.7355654398093,0.14205220862260234,0.0005867192301533541,0.41133177245907,False,0,OPTIMAL,14.552000000000003
