thermal_case,source_run,source_solution_id,pv_kw,bsv_kwh,biomethane_storage_nm3,chp_kw,P_peak_grid_opt_kw,lcoe_T0_original_usd_kwh,recovery_fraction,thermal_demand_kwh_th,estimated_chp_el_energy_kwh,heat_generated_kwh_th,heat_recoverable_kwh_th,heat_useful_kwh_th,heat_utilization_ratio,heat_credit_usd_per_year,adjusted_annual_cost_usd,adjusted_lcoe_usd_kwh,lcoe_reduction_usd_kwh,lcoe_reduction_percent,dominated_by_h2,n_h2_dominators
T0,seed42,0,303.0,50.0,369.0,63.0,410.4523135750388,0.1896951589458584,0.0,0.0,137970.0,177390.0,0.0,0.0,0.0,0.0,430246.8397619133,0.18969515894585845,-5.551115123125783e-17,-2.926334627606468e-14,True,38
T1,seed42,0,303.0,50.0,369.0,63.0,410.4523135750388,0.1896951589458584,0.5,200000.0,137970.0,177390.0,88695.0,88695.0,0.5,7095.6,423151.2397619133,0.18656672000006383,0.003128438945794565,1.6491928224101198,True,34
T2,seed42,0,303.0,50.0,369.0,63.0,410.4523135750388,0.1896951589458584,0.8,400000.0,137970.0,177390.0,141912.0,141912.0,0.8,11352.960000000001,418893.87976191327,0.18468965663258702,0.005005502313271376,2.6387085158562296,True,33
T0,seed42,1,301.0,49.0,368.0,63.0,410.89810198526726,0.1896638543215509,0.0,0.0,137970.0,177390.0,0.0,0.0,0.0,0.0,430175.8378673312,0.18966385432155103,-1.3877787807814457e-16,-7.317044071184189e-14,True,38
T1,seed42,1,301.0,49.0,368.0,63.0,410.89810198526726,0.1896638543215509,0.5,200000.0,137970.0,177390.0,88695.0,88695.0,0.5,7095.6,423080.23786733125,0.1865354153757564,0.0031284389457944817,1.6494650269474183,True,34
T2,seed42,1,301.0,49.0,368.0,63.0,410.89810198526726,0.1896638543215509,0.8,400000.0,137970.0,177390.0,141912.0,141912.0,0.8,11352.960000000001,418822.8778673312,0.1846583520082796,0.005005502313271293,2.6391440431159334,True,33
T0,seed42,2,299.0,48.0,367.0,63.0,411.3515545949132,0.1896327739858213,0.0,0.0,137970.0,177390.0,0.0,0.0,0.0,0.0,430105.3446807852,0.18963277398582132,-2.7755575615628914e-17,-1.463648663268733e-14,True,38
T1,seed42,2,299.0,48.0,367.0,63.0,411.3515545949132,0.1896327739858213,0.5,200000.0,137970.0,177390.0,88695.0,88695.0,0.5,7095.6,423009.7446807852,0.1865043350400267,0.0031284389457945927,1.649735370125685,True,34
T2,seed42,2,299.0,48.0,367.0,63.0,411.3515545949132,0.1896327739858213,0.8,400000.0,137970.0,177390.0,141912.0,141912.0,0.8,11352.960000000001,418752.3846807852,0.1846272716725499,0.005005502313271404,2.6395765922011254,True,33
T0,seed42,3,290.0,55.0,350.0,62.0,415.8640348984492,0.1889148842379263,0.0,0.0,135780.0,174574.28571428574,0.0,0.0,0.0,0.0,428477.10178283404,0.1889148842379263,0.0,0.0,True,39
T1,seed42,3,290.0,55.0,350.0,62.0,415.8640348984492,0.1889148842379263,0.5,200000.0,135780.0,174574.28571428574,87287.14285714287,87287.14285714287,0.5,6982.97142857143,421494.1303542626,0.18583610305317602,0.0030787811847502733,1.6297186943050732,True,36
T2,seed42,3,290.0,55.0,350.0,62.0,415.8640348984492,0.1889148842379263,0.8,400000.0,135780.0,174574.28571428574,139659.4285714286,139659.4285714286,0.8000000000000002,11172.754285714289,417304.34749711974,0.18398883434232585,0.004926049895600443,2.6075499108881206,True,34
T0,seed42,4,268.0,69.0,382.0,51.0,417.2476001141025,0.1880357124302613,0.0,0.0,111690.0,143601.42857142858,0.0,0.0,0.0,0.0,426483.0556829884,0.18803571243026138,-8.326672684688674e-17,-4.4282400279557915e-14,True,40
T1,seed42,4,268.0,69.0,382.0,51.0,417.2476001141025,0.1880357124302613,0.5,200000.0,111690.0,143601.42857142858,71800.71428571429,71800.71428571429,0.5,5744.057142857143,420738.9985401312,0.18550316661699906,0.0025325458132622325,1.3468429909033919,True,38
T2,seed42,4,268.0,69.0,382.0,51.0,417.2476001141025,0.1880357124302613,0.8,400000.0,111690.0,143601.42857142858,114881.14285714287,114881.14285714287,0.8,9190.49142857143,417292.56425441697,0.18398363912904167,0.004052073301219622,2.1549487854454537,True,36
T0,seed42,5,268.0,69.0,345.0,51.0,417.7717201674743,0.1874495245897559,0.0,0.0,111690.0,143601.42857142858,0.0,0.0,0.0,0.0,425153.5253603073,0.18744952458975594,-5.551115123125783e-17,-2.961391945524919e-14,True,40
T1,seed42,5,268.0,69.0,345.0,51.0,417.7717201674743,0.1874495245897559,0.5,200000.0,111690.0,143601.42857142858,71800.71428571429,71800.71428571429,0.5,5744.057142857143,419409.46821745014,0.18491697877649363,0.0025325458132622602,1.3510548073167339,True,39
T2,seed42,5,268.0,69.0,345.0,51.0,417.7717201674743,0.1874495245897559,0.8,400000.0,111690.0,143601.42857142858,114881.14285714287,114881.14285714287,0.8,9190.49142857143,415963.0339317359,0.18339745128853624,0.00405207330121965,2.161687691706792,True,36
T0,seed42,6,257.0,63.0,330.0,43.0,425.24760011410217,0.1869900375412441,0.0,0.0,94170.0,121075.71428571429,0.0,0.0,0.0,0.0,424111.3646028461,0.18699003754124413,-2.7755575615628914e-17,-1.484334458701144e-14,True,42
T1,seed42,6,257.0,63.0,330.0,43.0,425.24760011410217,0.1869900375412441,0.5,200000.0,94170.0,121075.71428571429,60537.857142857145,60537.857142857145,0.5,4843.028571428572,419268.33603141754,0.18485475381633668,0.0021352837249074275,1.1419237906920316,True,41
T2,seed42,6,257.0,63.0,330.0,43.0,425.24760011410217,0.1869900375412441,0.8,400000.0,94170.0,121075.71428571429,96860.57142857143,96860.57142857143,0.8,7748.845714285715,416362.51888856036,0.1835735835813922,0.003416453959851906,1.8270780651072622,True,39
T0,seed42,7,248.0,77.0,310.0,43.0,425.2476001141032,0.1862552695362151,0.0,0.0,94170.0,121075.71428571429,0.0,0.0,0.0,0.0,422444.8401966426,0.18625526953621507,2.7755575615628914e-17,1.4901900861512095e-14,True,42
T1,seed42,7,248.0,77.0,310.0,43.0,425.2476001141032,0.1862552695362151,0.5,200000.0,94170.0,121075.71428571429,60537.857142857145,60537.857142857145,0.5,4843.028571428572,417601.81162521406,0.18411998581130762,0.002135283724907483,1.1464286246635844,True,40
T2,seed42,7,248.0,77.0,310.0,43.0,425.2476001141032,0.1862552695362151,0.8,400000.0,94170.0,121075.71428571429,96860.57142857143,96860.57142857143,0.8,7748.845714285715,414695.9944823569,0.18283881557636314,0.0034164539598519617,1.8342857994617292,True,38
T0,seed42,8,227.0,79.0,354.0,41.0,427.2476001141026,0.1861305528652083,0.0,0.0,89790.0,115444.28571428572,0.0,0.0,0.0,0.0,422161.97080838593,0.18613055286520835,-5.551115123125783e-17,-2.9823771743405177e-14,True,42
T1,seed42,8,227.0,79.0,354.0,41.0,427.2476001141026,0.1861305528652083,0.5,200000.0,89790.0,115444.28571428572,57722.14285714286,57722.14285714286,0.5,4617.771428571429,417544.1993798145,0.18409458466238962,0.0020359682028186776,1.0938387983476745,True,40
T2,seed42,8,227.0,79.0,354.0,41.0,427.2476001141026,0.1861305528652083,0.8,400000.0,89790.0,115444.28571428572,92355.42857142858,92355.42857142858,0.8,7388.4342857142865,414773.53652267164,0.18287300374069837,0.0032575491245099286,1.7501420773563032,True,38
T0,seed42,9,231.0,69.0,264.0,40.0,428.2476001141022,0.1856939619004292,0.0,0.0,87600.0,112628.57142857143,0.0,0.0,0.0,0.0,421171.740567885,0.18569396190042922,-2.7755575615628914e-17,-1.4946945679640197e-14,True,42
T1,seed42,9,231.0,69.0,264.0,40.0,428.2476001141022,0.1856939619004292,0.5,200000.0,87600.0,112628.57142857143,56314.28571428572,56314.28571428572,0.5,4505.142857142858,416666.59771074215,0.18370765145865486,0.0019863104417743305,1.0696688365340647,True,40
T2,seed42,9,231.0,69.0,264.0,40.0,428.2476001141022,0.1856939619004292,0.8,400000.0,87600.0,112628.57142857143,90102.85714285716,90102.85714285716,0.8000000000000002,7208.228571428573,413963.5119964564,0.18251586519359023,0.0031780967068389676,1.7114701384545246,True,37
T0,seed42,10,245.0,105.0,346.0,41.0,428.3578345096222,0.185306319655312,0.0,0.0,89790.0,115444.28571428572,0.0,0.0,0.0,0.0,420292.53072485747,0.18530631965531205,-5.551115123125783e-17,-2.9956426383360285e-14,True,42
T1,seed42,10,245.0,105.0,346.0,41.0,428.3578345096222,0.185306319655312,0.5,200000.0,89790.0,115444.28571428572,57722.14285714286,57722.14285714286,0.5,4617.771428571429,415674.75929628604,0.18327035145249335,0.00203596820281865,1.098704138426445,True,39
T2,seed42,10,245.0,105.0,346.0,41.0,428.3578345096222,0.185306319655312,0.8,400000.0,89790.0,115444.28571428572,92355.42857142858,92355.42857142858,0.8,7388.4342857142865,412904.0964391432,0.1820487705308021,0.003257549124509901,1.757926621482345,True,37
T0,seed42,11,231.0,97.0,249.0,38.0,430.2476001141024,0.1844669162026829,0.0,0.0,83220.0,106997.14285714287,0.0,0.0,0.0,0.0,418388.6830737848,0.18446691620268293,-2.7755575615628914e-17,-1.5046370474981264e-14,True,42
T1,seed42,11,231.0,97.0,249.0,38.0,430.2476001141024,0.1844669162026829,0.5,200000.0,83220.0,106997.14285714287,53498.571428571435,53498.571428571435,0.5,4279.885714285715,414108.7973594991,0.18257992128299727,0.0018869949196856362,1.0229449044468775,True,38
T2,seed42,11,231.0,97.0,249.0,38.0,430.2476001141024,0.1844669162026829,0.8,400000.0,83220.0,106997.14285714287,85597.7142857143,85597.7142857143,0.8,6847.817142857144,411540.8659309277,0.1814477243311859,0.003019191871497018,1.636711847115004,True,36
T0,seed42,12,252.0,113.0,315.0,32.0,436.2476001141032,0.1844436944185219,0.0,0.0,70080.0,90102.85714285714,0.0,0.0,0.0,0.0,418336.01383697125,0.18444369441852193,-2.7755575615628914e-17,-1.50482648393762e-14,True,44
T1,seed42,12,252.0,113.0,315.0,32.0,436.2476001141032,0.1844436944185219,0.5,200000.0,70080.0,90102.85714285714,45051.42857142857,45051.42857142857,0.5,3604.114285714286,414731.89955125697,0.18285464606510243,0.00158904835341947,0.8615357431595109,True,41
T2,seed42,12,252.0,113.0,315.0,32.0,436.2476001141032,0.1844436944185219,0.8,400000.0,70080.0,90102.85714285714,72082.28571428572,72082.28571428572,0.8,5766.582857142858,412569.4309798284,0.18190121705305073,0.0025424773654711685,1.3784571890552264,True,39
T0,seed42,13,240.0,70.0,168.0,29.0,439.24760011410217,0.1842310197452163,0.0,0.0,63510.0,81655.71428571429,0.0,0.0,0.0,0.0,417853.647251574,0.18423101974521638,-8.326672684688674e-17,-4.519690927295582e-14,True,45
T1,seed42,13,240.0,70.0,168.0,29.0,439.24760011410217,0.1842310197452163,0.5,200000.0,63510.0,81655.71428571429,40827.857142857145,40827.857142857145,0.5,3266.2285714285717,414587.4186801454,0.18279094467492996,0.0014400750702863452,0.7816680775462829,True,42
T2,seed42,13,240.0,70.0,168.0,29.0,439.24760011410217,0.1842310197452163,0.8,400000.0,63510.0,81655.71428571429,65324.571428571435,65324.571428571435,0.8,5225.965714285715,412627.68153728824,0.1819268996327581,0.0023041201124582023,1.2506689240740798,True,42
T0,seed42,14,251.0,113.0,300.0,29.0,439.2476001141031,0.1841112831778918,0.0,0.0,63510.0,81655.71428571429,0.0,0.0,0.0,0.0,417582.0732167826,0.18411128317789185,-5.551115123125783e-17,-3.015086868827148e-14,True,45
T1,seed42,14,251.0,113.0,300.0,29.0,439.2476001141031,0.1841112831778918,0.5,200000.0,63510.0,81655.71428571429,40827.857142857145,40827.857142857145,0.5,3266.2285714285717,414315.844645354,0.18267120810760543,0.001440075070286373,0.7821764345072458,True,42
T2,seed42,14,251.0,113.0,300.0,29.0,439.2476001141031,0.1841112831778918,0.8,400000.0,63510.0,81655.71428571429,65324.571428571435,65324.571428571435,0.8,5225.965714285715,412356.10750249686,0.18180716306543357,0.00230412011245823,1.2514822952116116,True,41
T0,seed42,15,249.0,114.0,288.0,28.0,440.24760011410217,0.1838903840195606,0.0,0.0,61320.0,78840.0,0.0,0.0,0.0,0.0,417081.05270942627,0.1838903840195606,0.0,0.0,True,45
T1,seed42,15,249.0,114.0,288.0,28.0,440.24760011410217,0.1838903840195606,0.5,200000.0,61320.0,78840.0,39420.0,39420.0,0.5,3153.6,413927.4527094263,0.18249996671031854,0.0013904173092420535,0.7561120265506398,True,42
T2,seed42,15,249.0,114.0,288.0,28.0,440.24760011410217,0.1838903840195606,0.8,400000.0,61320.0,78840.0,63072.0,63072.0,0.8,5045.76,412035.29270942626,0.18166571632477327,0.0022246676947873245,1.209779242481045,True,41
T0,seed42,16,241.0,129.0,227.0,26.0,442.2476001141025,0.1826997698082532,0.0,0.0,56940.0,73208.57142857143,0.0,0.0,0.0,0.0,414380.6253256319,0.1826997698082532,0.0,0.0,True,42
T1,seed42,16,241.0,129.0,227.0,26.0,442.2476001141025,0.1826997698082532,0.5,200000.0,56940.0,73208.57142857143,36604.28571428572,36604.28571428572,0.5,2928.3428571428576,411452.282468489,0.18140866802109987,0.0012911017871533315,0.7066794821407639,True,40
T2,seed42,16,241.0,129.0,227.0,26.0,442.2476001141025,0.1826997698082532,0.8,400000.0,56940.0,73208.57142857143,58566.85714285715,58566.85714285715,0.8,4685.3485714285725,409695.2767542033,0.18063400694880785,0.002065762859445347,1.1306871714252313,True,39
T0,seed43,0,229.0,118.0,180.0,25.0,443.24760011410217,0.1824317355828486,0.0,0.0,54750.0,70392.85714285714,0.0,0.0,0.0,0.0,413772.6979590656,0.18243173558284867,-8.326672684688674e-17,-4.5642676467917736e-14,True,43
T1,seed43,0,229.0,118.0,180.0,25.0,443.24760011410217,0.1824317355828486,0.5,200000.0,54750.0,70392.85714285714,35196.42857142857,35196.42857142857,0.5,2815.714285714286,410956.98367335135,0.1811902915567397,0.0012414440261088733,0.6804978432851068,True,41
T2,seed43,0,229.0,118.0,180.0,25.0,443.24760011410217,0.1824317355828486,0.8,400000.0,54750.0,70392.85714285714,56314.28571428572,56314.28571428572,0.8,4505.142857142858,409267.5551019228,0.1804454251410743,0.001986310441774275,1.0887965492562135,True,40
T0,seed43,1,223.0,134.0,191.0,25.0,443.2476001141024,0.1819924357681663,0.0,0.0,54750.0,70392.85714285714,0.0,0.0,0.0,0.0,412776.32378681266,0.18199243576816634,-5.551115123125783e-17,-3.0501900255882895e-14,True,43
T1,seed43,1,223.0,134.0,191.0,25.0,443.2476001141024,0.1819924357681663,0.5,200000.0,54750.0,70392.85714285714,35196.42857142857,35196.42857142857,0.5,2815.714285714286,409960.6095010984,0.18075099174205736,0.0012414440261089288,0.6821404531836479,True,40
T2,seed43,1,223.0,134.0,191.0,25.0,443.2476001141024,0.1819924357681663,0.8,400000.0,54750.0,70392.85714285714,56314.28571428572,56314.28571428572,0.8,4505.142857142858,408271.1809296698,0.18000612532639199,0.0019863104417743027,1.0914247250938458,True,39
T0,seed43,2,208.0,135.0,196.0,25.0,443.4132164387021,0.1818002142053701,0.0,0.0,54750.0,70392.85714285714,0.0,0.0,0.0,0.0,412340.3468204697,0.18180021420537015,-5.551115123125783e-17,-3.053415061906903e-14,True,42
T1,seed43,2,208.0,135.0,196.0,25.0,443.4132164387021,0.1818002142053701,0.5,200000.0,54750.0,70392.85714285714,35196.42857142857,35196.42857142857,0.5,2815.714285714286,409524.63253475545,0.18055877017926117,0.0012414440261089288,0.682861696029981,True,40
T2,seed43,2,208.0,135.0,196.0,25.0,443.4132164387021,0.1818002142053701,0.8,400000.0,54750.0,70392.85714285714,56314.28571428572,56314.28571428572,0.8,4505.142857142858,407835.2039633269,0.17981390376359577,0.0019863104417743305,1.092578713647994,True,39
T0,seed43,3,208.0,136.0,196.0,25.0,443.888325495238,0.1817663688987137,0.0,0.0,54750.0,70392.85714285714,0.0,0.0,0.0,0.0,412263.5824143003,0.18176636889871373,-2.7755575615628914e-17,-1.5269918073290694e-14,True,43
T1,seed43,3,208.0,136.0,196.0,25.0,443.888325495238,0.1817663688987137,0.5,200000.0,54750.0,70392.85714285714,35196.42857142857,35196.42857142857,0.5,2815.714285714286,409447.86812858604,0.18052492487260477,0.0012414440261089288,0.6829888464134435,True,41
T2,seed43,3,208.0,136.0,196.0,25.0,443.888325495238,0.1817663688987137,0.8,400000.0,54750.0,70392.85714285714,56314.28571428572,56314.28571428572,0.8,4505.142857142858,407758.43955715746,0.17978005845693937,0.0019863104417743305,1.0927821542615341,True,40
T0,seed43,4,207.0,137.0,196.0,25.0,444.4525024531778,0.1817269387936106,0.0,0.0,54750.0,70392.85714285714,0.0,0.0,0.0,0.0,412174.1511488618,0.18172693879361065,-5.551115123125783e-17,-3.0546462511153884e-14,True,43
T1,seed43,4,207.0,137.0,196.0,25.0,444.4525024531778,0.1817269387936106,0.5,200000.0,54750.0,70392.85714285714,35196.42857142857,35196.42857142857,0.5,2815.714285714286,409358.43686314754,0.18048549476750167,0.0012414440261089288,0.6831370375521767,True,41
T2,seed43,4,207.0,137.0,196.0,25.0,444.4525024531778,0.1817269387936106,0.8,400000.0,54750.0,70392.85714285714,56314.28571428572,56314.28571428572,0.8,4505.142857142858,407669.00829171896,0.1797406283518363,0.0019863104417743027,1.0930192600834918,True,40
T0,seed43,5,207.0,138.0,196.0,25.0,445.0569792098141,0.1816927970705297,0.0,0.0,54750.0,70392.85714285714,0.0,0.0,0.0,0.0,412096.71444177226,0.1816927970705297,0.0,0.0,True,43
T1,seed43,5,207.0,138.0,196.0,25.0,445.0569792098141,0.1816927970705297,0.5,200000.0,54750.0,70392.85714285714,35196.42857142857,35196.42857142857,0.5,2815.714285714286,409281.000156058,0.18045135304442075,0.0012414440261089565,0.683265405192178,True,41
T2,seed43,5,207.0,138.0,196.0,25.0,445.0569792098141,0.1816927970705297,0.8,400000.0,54750.0,70392.85714285714,56314.28571428572,56314.28571428572,0.8,4505.142857142858,407591.5715846294,0.17970648662875535,0.0019863104417743582,1.0932246483075,True,39
T0,seed42,17,249.0,230.0,274.0,23.0,445.2476001141024,0.1798323053306534,0.0,0.0,50370.0,64761.42857142857,0.0,0.0,0.0,0.0,407876.94048479234,0.17983230533065347,-8.326672684688674e-17,-4.630242975186587e-14,True,40
T1,seed42,17,249.0,230.0,274.0,23.0,445.2476001141024,0.1798323053306534,0.5,200000.0,50370.0,64761.42857142857,32380.714285714286,32380.714285714286,0.5,2590.457142857143,405286.4833419352,0.1786901768266332,0.001142128504020179,0.6351075252692637,True,38
T2,seed42,17,249.0,230.0,274.0,23.0,445.2476001141024,0.1798323053306534,0.8,400000.0,50370.0,64761.42857142857,51809.14285714286,51809.14285714286,0.8,4144.731428571429,403732.2090562209,0.17800489972422104,0.001827405606432353,1.016172040430859,True,38
T0,seed43,8,242.0,255.0,250.0,21.0,447.9349765967564,0.1786353756972715,0.0,0.0,45990.0,59130.00000000001,0.0,0.0,0.0,0.0,405162.1891171681,0.17863537569727153,-2.7755575615628914e-17,-1.5537558284460706e-14,True,38
T1,seed43,8,242.0,255.0,250.0,21.0,447.9349765967564,0.1786353756972715,0.5,200000.0,45990.0,59130.00000000001,29565.000000000004,29565.000000000004,0.5,2365.2000000000003,402796.98911716806,0.17759256271533996,0.0010428129819315402,0.5837662209185077,True,36
T2,seed43,8,242.0,255.0,250.0,21.0,447.9349765967564,0.1786353756972715,0.8,400000.0,45990.0,59130.00000000001,47304.00000000001,47304.00000000001,0.8,3784.3200000000006,401377.86911716807,0.17696687492618104,0.0016685007710904587,0.9340259534696091,True,36
T0,seed43,9,212.0,253.0,275.0,20.0,448.24760011410257,0.1785389203925819,0.0,0.0,43800.0,56314.28571428572,0.0,0.0,0.0,0.0,404943.41922208184,0.17853892039258196,-5.551115123125783e-17,-3.109190484024247e-14,True,38
T1,seed43,9,212.0,253.0,275.0,20.0,448.24760011410257,0.1785389203925819,0.5,200000.0,43800.0,56314.28571428572,28157.14285714286,28157.14285714286,0.5,2252.571428571429,402690.8477935104,0.1775457651716948,0.0009931552208871097,0.5562681899852993,True,36
T2,seed43,9,212.0,253.0,275.0,20.0,448.24760011410257,0.1785389203925819,0.8,400000.0,43800.0,56314.28571428572,45051.42857142858,45051.42857142858,0.8000000000000002,3604.1142857142863,401339.30493636755,0.17694987203916246,0.0015890483534194422,0.8900291039765161,True,36
T0,seed43,10,206.0,290.0,232.0,20.0,448.6937270185009,0.1770125942932474,0.0,0.0,43800.0,56314.28571428572,0.0,0.0,0.0,0.0,401481.5650327915,0.17701259429324742,-2.7755575615628914e-17,-1.5680000469146122e-14,True,36
T1,seed43,10,206.0,290.0,232.0,20.0,448.6937270185009,0.1770125942932474,0.5,200000.0,43800.0,56314.28571428572,28157.14285714286,28157.14285714286,0.5,2252.571428571429,399228.9936042201,0.17601943907236026,0.0009931552208871375,0.5610647224580132,True,35
T2,seed43,10,206.0,290.0,232.0,20.0,448.6937270185009,0.1770125942932474,0.8,400000.0,43800.0,56314.28571428572,45051.42857142858,45051.42857142858,0.8000000000000002,3604.1142857142863,397877.45074707724,0.17542354593982792,0.00158904835341947,0.8977035559328495,True,35
T0,seed43,11,206.0,291.0,217.0,19.0,449.2476001141023,0.176811587805854,0.0,0.0,41610.0,53498.571428571435,0.0,0.0,0.0,0.0,401025.6630137139,0.176811587805854,0.0,0.0,True,36
T1,seed43,11,206.0,291.0,217.0,19.0,449.2476001141023,0.176811587805854,0.5,200000.0,41610.0,53498.571428571435,26749.285714285717,26749.285714285717,0.5,2139.9428571428575,398885.7201565711,0.17586809034601117,0.0009434974598428181,0.5336174351190235,True,35
T2,seed43,11,206.0,291.0,217.0,19.0,449.2476001141023,0.176811587805854,0.8,400000.0,41610.0,53498.571428571435,42798.85714285715,42798.85714285715,0.8,3423.908571428572,397601.75444228534,0.17530199187010548,0.001509595935748509,0.8537878961904375,True,34
T0,seed43,12,206.0,313.0,212.0,18.0,451.6051142380329,0.1760417945530227,0.0,0.0,39420.0,50682.857142857145,0.0,0.0,0.0,0.0,399279.6979814949,0.17604179455302274,-2.7755575615628914e-17,-1.5766469369448007e-14,True,35
T1,seed43,12,206.0,313.0,212.0,18.0,451.6051142380329,0.1760417945530227,0.5,200000.0,39420.0,50682.857142857145,25341.428571428572,25341.428571428572,0.5,2027.314285714286,397252.3836957806,0.17514795485422427,0.0008938396987984432,0.5077428920035374,True,34
T2,seed43,12,206.0,313.0,212.0,18.0,451.6051142380329,0.1760417945530227,0.8,400000.0,39420.0,50682.857142857145,40546.28571428572,40546.28571428572,0.8,3243.7028571428573,396035.99512435205,0.1746116510349452,0.0014301435180775202,0.8123886272056661,True,34
T0,seed43,13,206.0,323.0,208.0,18.0,457.263901370698,0.1756872637582665,0.0,0.0,39420.0,50682.857142857145,0.0,0.0,0.0,0.0,398475.58808807546,0.17568726375826652,-2.7755575615628914e-17,-1.5798285556896522e-14,True,36
T1,seed43,13,206.0,323.0,208.0,18.0,457.263901370698,0.1756872637582665,0.5,200000.0,39420.0,50682.857142857145,25341.428571428572,25341.428571428572,0.5,2027.314285714286,396448.27380236116,0.17479342405946804,0.0008938396987984432,0.5087674995202297,True,35
T2,seed43,13,206.0,323.0,208.0,18.0,457.263901370698,0.1756872637582665,0.8,400000.0,39420.0,50682.857142857145,40546.28571428572,40546.28571428572,0.8,3243.7028571428573,395231.8852309326,0.174257120240189,0.0014301435180774924,0.8140279992323581,True,35
T0,seed43,14,242.0,575.0,191.0,21.0,457.8096680508502,0.1682453963728939,0.0,0.0,45990.0,59130.00000000001,0.0,0.0,0.0,0.0,381596.7181038518,0.16824539637289398,-8.326672684688674e-17,-4.949123639753978e-14,True,28
T1,seed43,14,242.0,575.0,191.0,21.0,457.8096680508502,0.1682453963728939,0.5,200000.0,45990.0,59130.00000000001,29565.000000000004,29565.000000000004,0.5,2365.2000000000003,379231.51810385176,0.16720258339096242,0.0010428129819314846,0.6198166513990232,True,25
T2,seed43,14,242.0,575.0,191.0,21.0,457.8096680508502,0.1682453963728939,0.8,400000.0,45990.0,59130.00000000001,47304.00000000001,47304.00000000001,0.8,3784.3200000000006,377812.39810385177,0.1665768956018035,0.0016685007710904032,0.9917066422384536,True,24
T0,seed43,15,266.0,619.0,187.0,22.0,461.13987986295103,0.167261545367826,0.0,0.0,48180.0,61945.71428571429,0.0,0.0,0.0,0.0,379365.2495303818,0.16726154536782603,-2.7755575615628914e-17,-1.6594116450730763e-14,True,26
T1,seed43,15,266.0,619.0,187.0,22.0,461.13987986295103,0.167261545367826,0.5,200000.0,48180.0,61945.71428571429,30972.857142857145,30972.857142857145,0.5,2477.8285714285716,376887.42095895327,0.16616907462485012,0.0010924707429758873,0.6531511714622912,True,23
T2,seed43,15,266.0,619.0,187.0,22.0,461.13987986295103,0.167261545367826,0.8,400000.0,48180.0,61945.71428571429,49556.571428571435,49556.571428571435,0.8,3964.525714285715,375400.7238160961,0.16551359217906456,0.0017479531887614475,1.0450418743396825,True,23
T0,seed42,23,232.0,647.0,182.0,28.0,462.5668151816717,0.166196214672857,0.0,0.0,61320.0,78840.0,0.0,0.0,0.0,0.0,376948.977194499,0.16619621467285703,-2.7755575615628914e-17,-1.6700486031082828e-14,True,23
T1,seed42,23,232.0,647.0,182.0,28.0,462.5668151816717,0.166196214672857,0.5,200000.0,61320.0,78840.0,39420.0,39420.0,0.5,3153.6,373795.377194499,0.16480579736361498,0.0013904173092420258,0.8366118999635118,True,20
T2,seed42,23,232.0,647.0,182.0,28.0,462.5668151816717,0.166196214672857,0.8,400000.0,61320.0,78840.0,63072.0,63072.0,0.8,5045.76,371903.217194499,0.16397154697806973,0.002224667694787269,1.3385790399416355,True,18
T0,seed43,16,304.0,1500.0,250.0,17.0,468.2476001141024,0.1426389278527557,0.0,0.0,37230.0,47867.14285714286,0.0,0.0,0.0,0.0,323518.78812675196,0.14263892785275575,-5.551115123125783e-17,-3.891725216033681e-14,True,1
T1,seed43,16,304.0,1500.0,250.0,17.0,468.2476001141024,0.1426389278527557,0.5,200000.0,37230.0,47867.14285714286,23933.57142857143,23933.57142857143,0.5,1914.6857142857145,321604.10241246625,0.14179474591500166,0.0008441819377540405,0.5918313818409224,False,0
T2,seed43,16,304.0,1500.0,250.0,17.0,468.2476001141024,0.1426389278527557,0.8,400000.0,37230.0,47867.14285714286,38293.71428571429,38293.71428571429,0.8,3063.4971428571434,320455.29098389484,0.1412882367523492,0.0013506911004065036,0.9469302109455032,False,0
