route,global_solution_id,source_run,source_solution_id,month,monthly_peak_grid_kw,demand_charge_usd_kw_month,monthly_demand_charge_usd
H2,0,warm_start_20260831_030140,0,1,346.36750420102567,30.0,10391.02512603077
H2,0,warm_start_20260831_030140,0,2,346.3675042010256,30.0,10391.025126030769
H2,0,warm_start_20260831_030140,0,3,346.36750420102544,30.0,10391.025126030763
H2,0,warm_start_20260831_030140,0,4,346.36750420102544,30.0,10391.025126030763
H2,0,warm_start_20260831_030140,0,5,346.36750420102544,30.0,10391.025126030763
H2,0,warm_start_20260831_030140,0,6,346.3675042010257,30.0,10391.025126030772
H2,0,warm_start_20260831_030140,0,7,346.36750420102544,30.0,10391.025126030763
H2,0,warm_start_20260831_030140,0,8,346.3675042010257,30.0,10391.025126030772
H2,0,warm_start_20260831_030140,0,9,346.36750420102544,30.0,10391.025126030763
H2,0,warm_start_20260831_030140,0,10,346.36750420102544,30.0,10391.025126030763
H2,0,warm_start_20260831_030140,0,11,346.3675042010255,30.0,10391.025126030765
H2,0,warm_start_20260831_030140,0,12,351.2476001141024,30.0,10537.428003423072
H2,1,warm_start_20260831_030140,1,1,350.0541521641654,30.0,10501.624564924961
H2,1,warm_start_20260831_030140,1,2,350.0541521641653,30.0,10501.62456492496
H2,1,warm_start_20260831_030140,1,3,350.0541521641653,30.0,10501.62456492496
H2,1,warm_start_20260831_030140,1,4,350.0541521641653,30.0,10501.62456492496
H2,1,warm_start_20260831_030140,1,5,350.05415216416543,30.0,10501.624564924963
H2,1,warm_start_20260831_030140,1,6,350.0541521641653,30.0,10501.62456492496
H2,1,warm_start_20260831_030140,1,7,350.0541521641653,30.0,10501.62456492496
H2,1,warm_start_20260831_030140,1,8,350.0541521641656,30.0,10501.624564924969
H2,1,warm_start_20260831_030140,1,9,350.0541521641653,30.0,10501.62456492496
H2,1,warm_start_20260831_030140,1,10,350.0541521641653,30.0,10501.62456492496
H2,1,warm_start_20260831_030140,1,11,350.0541521641653,30.0,10501.62456492496
H2,1,warm_start_20260831_030140,1,12,352.2476001141024,30.0,10567.428003423072
H2,2,warm_start_20260831_030140,2,1,350.6382809993768,30.0,10519.148429981304
H2,2,warm_start_20260831_030140,2,2,350.63828099937666,30.0,10519.1484299813
H2,2,warm_start_20260831_030140,2,3,350.63828099937655,30.0,10519.148429981296
H2,2,warm_start_20260831_030140,2,4,350.63828099937655,30.0,10519.148429981296
H2,2,warm_start_20260831_030140,2,5,350.63828099937655,30.0,10519.148429981296
H2,2,warm_start_20260831_030140,2,6,350.63828099937666,30.0,10519.1484299813
H2,2,warm_start_20260831_030140,2,7,350.63828099937655,30.0,10519.148429981296
H2,2,warm_start_20260831_030140,2,8,350.63828099937655,30.0,10519.148429981296
H2,2,warm_start_20260831_030140,2,9,350.63828099937655,30.0,10519.148429981296
H2,2,warm_start_20260831_030140,2,10,350.63828099937655,30.0,10519.148429981296
H2,2,warm_start_20260831_030140,2,11,350.6382809993766,30.0,10519.148429981298
H2,2,warm_start_20260831_030140,2,12,353.2476001141024,30.0,10597.428003423072
H2,3,warm_start_20260831_030140,3,1,349.65609855402465,30.0,10489.68295662074
H2,3,warm_start_20260831_030140,3,2,349.65609855402454,30.0,10489.682956620736
H2,3,warm_start_20260831_030140,3,3,349.65609855402454,30.0,10489.682956620736
H2,3,warm_start_20260831_030140,3,4,349.65609855402454,30.0,10489.682956620736
H2,3,warm_start_20260831_030140,3,5,349.65609855402454,30.0,10489.682956620736
H2,3,warm_start_20260831_030140,3,6,349.65609855402465,30.0,10489.68295662074
H2,3,warm_start_20260831_030140,3,7,349.65609855402465,30.0,10489.68295662074
H2,3,warm_start_20260831_030140,3,8,349.6560985540246,30.0,10489.682956620738
H2,3,warm_start_20260831_030140,3,9,349.65609855402454,30.0,10489.682956620736
H2,3,warm_start_20260831_030140,3,10,349.65609855402454,30.0,10489.682956620736
H2,3,warm_start_20260831_030140,3,11,349.65609855402454,30.0,10489.682956620736
H2,3,warm_start_20260831_030140,3,12,354.2476001141024,30.0,10627.428003423072
H2,4,warm_start_20260831_030140,4,1,349.50985038132694,30.0,10485.295511439808
H2,4,warm_start_20260831_030140,4,2,349.50985038132694,30.0,10485.295511439808
H2,4,warm_start_20260831_030140,4,3,349.50985038132694,30.0,10485.295511439808
H2,4,warm_start_20260831_030140,4,4,349.50985038132694,30.0,10485.295511439808
H2,4,warm_start_20260831_030140,4,5,349.50985038132694,30.0,10485.295511439808
H2,4,warm_start_20260831_030140,4,6,349.50985038132694,30.0,10485.295511439808
H2,4,warm_start_20260831_030140,4,7,349.50985038132694,30.0,10485.295511439808
H2,4,warm_start_20260831_030140,4,8,349.50985038132694,30.0,10485.295511439808
H2,4,warm_start_20260831_030140,4,9,349.50985038132694,30.0,10485.295511439808
H2,4,warm_start_20260831_030140,4,10,349.50985038132694,30.0,10485.295511439808
H2,4,warm_start_20260831_030140,4,11,349.5668151816717,30.0,10487.004455450151
H2,4,warm_start_20260831_030140,4,12,355.2476001141024,30.0,10657.428003423072
H2,5,warm_start_20260831_030140,5,1,355.3151603765601,30.0,10659.454811296802
H2,5,warm_start_20260831_030140,5,2,355.3151603765601,30.0,10659.454811296802
H2,5,warm_start_20260831_030140,5,3,355.3151603765601,30.0,10659.454811296802
H2,5,warm_start_20260831_030140,5,4,355.3151603765601,30.0,10659.454811296802
H2,5,warm_start_20260831_030140,5,5,355.3151603765601,30.0,10659.454811296802
H2,5,warm_start_20260831_030140,5,6,355.3151603765601,30.0,10659.454811296802
H2,5,warm_start_20260831_030140,5,7,355.3151603765601,30.0,10659.454811296802
H2,5,warm_start_20260831_030140,5,8,355.3151603765601,30.0,10659.454811296802
H2,5,warm_start_20260831_030140,5,9,355.3151603765601,30.0,10659.454811296802
H2,5,warm_start_20260831_030140,5,10,355.3151603765601,30.0,10659.454811296802
H2,5,warm_start_20260831_030140,5,11,355.3151603765601,30.0,10659.454811296802
H2,5,warm_start_20260831_030140,5,12,356.2522600419826,30.0,10687.567801259478
H2,6,warm_start_20260831_030140,6,1,354.13036141458815,30.0,10623.910842437645
H2,6,warm_start_20260831_030140,6,2,354.13036141458815,30.0,10623.910842437645
H2,6,warm_start_20260831_030140,6,3,354.13036141458815,30.0,10623.910842437645
H2,6,warm_start_20260831_030140,6,4,354.1303614145882,30.0,10623.910842437646
H2,6,warm_start_20260831_030140,6,5,354.13036141458815,30.0,10623.910842437645
H2,6,warm_start_20260831_030140,6,6,354.13036141458815,30.0,10623.910842437645
H2,6,warm_start_20260831_030140,6,7,354.1303614145882,30.0,10623.910842437646
H2,6,warm_start_20260831_030140,6,8,354.13036141458815,30.0,10623.910842437645
H2,6,warm_start_20260831_030140,6,9,354.13036141458815,30.0,10623.910842437645
H2,6,warm_start_20260831_030140,6,10,354.1303614145882,30.0,10623.910842437646
H2,6,warm_start_20260831_030140,6,11,354.13036141458844,30.0,10623.910842437654
H2,6,warm_start_20260831_030140,6,12,358.2476001141024,30.0,10747.428003423072
H2,7,warm_start_20260831_030140,7,1,357.67814697402474,30.0,10730.344409220743
H2,7,warm_start_20260831_030140,7,2,357.6781469740245,30.0,10730.344409220736
H2,7,warm_start_20260831_030140,7,3,357.6781469740245,30.0,10730.344409220736
H2,7,warm_start_20260831_030140,7,4,357.6781469740245,30.0,10730.344409220736
H2,7,warm_start_20260831_030140,7,5,357.6781469740245,30.0,10730.344409220736
H2,7,warm_start_20260831_030140,7,6,357.6781469740245,30.0,10730.344409220736
H2,7,warm_start_20260831_030140,7,7,357.6781469740245,30.0,10730.344409220736
H2,7,warm_start_20260831_030140,7,8,357.6781469740245,30.0,10730.344409220736
H2,7,warm_start_20260831_030140,7,9,357.6781469740245,30.0,10730.344409220736
H2,7,warm_start_20260831_030140,7,10,357.6781469740245,30.0,10730.344409220736
H2,7,warm_start_20260831_030140,7,11,357.6781469740245,30.0,10730.344409220736
H2,7,warm_start_20260831_030140,7,12,358.6139342315874,30.0,10758.418026947622
H2,8,warm_start_20260831_030140,8,1,357.44990888656866,30.0,10723.49726659706
H2,8,warm_start_20260831_030140,8,2,357.4499088865687,30.0,10723.497266597062
H2,8,warm_start_20260831_030140,8,3,357.44990888656866,30.0,10723.49726659706
H2,8,warm_start_20260831_030140,8,4,357.44990888656866,30.0,10723.49726659706
H2,8,warm_start_20260831_030140,8,5,357.4499088865687,30.0,10723.497266597062
H2,8,warm_start_20260831_030140,8,6,357.4499088865687,30.0,10723.497266597062
H2,8,warm_start_20260831_030140,8,7,357.44990888656883,30.0,10723.497266597065
H2,8,warm_start_20260831_030140,8,8,357.4499088865689,30.0,10723.497266597067
H2,8,warm_start_20260831_030140,8,9,357.44990888656866,30.0,10723.49726659706
H2,8,warm_start_20260831_030140,8,10,357.44990888656866,30.0,10723.49726659706
H2,8,warm_start_20260831_030140,8,11,357.4499088865687,30.0,10723.497266597062
H2,8,warm_start_20260831_030140,8,12,361.2476001141024,30.0,10837.428003423072
H2,9,warm_start_20260831_030140,9,1,360.69070828913846,30.0,10820.721248674154
H2,9,warm_start_20260831_030140,9,2,360.69070828913846,30.0,10820.721248674154
H2,9,warm_start_20260831_030140,9,3,360.69070828913846,30.0,10820.721248674154
H2,9,warm_start_20260831_030140,9,4,360.69070828913846,30.0,10820.721248674154
H2,9,warm_start_20260831_030140,9,5,360.6907082891386,30.0,10820.72124867416
H2,9,warm_start_20260831_030140,9,6,360.6907082891385,30.0,10820.721248674156
H2,9,warm_start_20260831_030140,9,7,360.69070828913846,30.0,10820.721248674154
H2,9,warm_start_20260831_030140,9,8,360.6907082891386,30.0,10820.72124867416
H2,9,warm_start_20260831_030140,9,9,360.69070828913846,30.0,10820.721248674154
H2,9,warm_start_20260831_030140,9,10,360.69070828913846,30.0,10820.721248674154
H2,9,warm_start_20260831_030140,9,11,360.69070828913846,30.0,10820.721248674154
H2,9,warm_start_20260831_030140,9,12,362.05226530430394,30.0,10861.56795912912
H2,10,warm_start_20260831_030140,10,1,361.95066387788415,30.0,10858.519916336525
H2,10,warm_start_20260831_030140,10,2,361.9506638778839,30.0,10858.519916336518
H2,10,warm_start_20260831_030140,10,3,361.9506638778839,30.0,10858.519916336518
H2,10,warm_start_20260831_030140,10,4,361.9506638778839,30.0,10858.519916336518
H2,10,warm_start_20260831_030140,10,5,361.9506638778839,30.0,10858.519916336518
H2,10,warm_start_20260831_030140,10,6,361.9506638778839,30.0,10858.519916336518
H2,10,warm_start_20260831_030140,10,7,361.9506638778839,30.0,10858.519916336518
H2,10,warm_start_20260831_030140,10,8,361.9506638778839,30.0,10858.519916336518
H2,10,warm_start_20260831_030140,10,9,361.9506638778839,30.0,10858.519916336518
H2,10,warm_start_20260831_030140,10,10,361.9506638778839,30.0,10858.519916336518
H2,10,warm_start_20260831_030140,10,11,361.9506638778839,30.0,10858.519916336518
H2,10,warm_start_20260831_030140,10,12,364.2476001141024,30.0,10927.428003423072
H2,11,warm_start_20260831_030140,11,1,365.82345004219405,30.0,10974.703501265822
H2,11,warm_start_20260831_030140,11,2,365.8234500421941,30.0,10974.703501265823
H2,11,warm_start_20260831_030140,11,3,365.82345004219405,30.0,10974.703501265822
H2,11,warm_start_20260831_030140,11,4,365.82345004219405,30.0,10974.703501265822
H2,11,warm_start_20260831_030140,11,5,365.82345004219405,30.0,10974.703501265822
H2,11,warm_start_20260831_030140,11,6,365.82345004219405,30.0,10974.703501265822
H2,11,warm_start_20260831_030140,11,7,365.82345004219405,30.0,10974.703501265822
H2,11,warm_start_20260831_030140,11,8,365.8234500421941,30.0,10974.703501265823
H2,11,warm_start_20260831_030140,11,9,365.82345004219405,30.0,10974.703501265822
H2,11,warm_start_20260831_030140,11,10,365.82345004219405,30.0,10974.703501265822
H2,11,warm_start_20260831_030140,11,11,365.82345004219405,30.0,10974.703501265822
H2,11,warm_start_20260831_030140,11,12,366.69099209102114,30.0,11000.729762730634
H2,12,warm_start_20260831_030140,12,1,368.3573428219125,30.0,11050.720284657375
H2,12,warm_start_20260831_030140,12,2,368.3573428219124,30.0,11050.720284657373
H2,12,warm_start_20260831_030140,12,3,368.3573428219124,30.0,11050.720284657373
H2,12,warm_start_20260831_030140,12,4,368.3573428219124,30.0,11050.720284657373
H2,12,warm_start_20260831_030140,12,5,368.3573428219124,30.0,11050.720284657373
H2,12,warm_start_20260831_030140,12,6,368.3573428219124,30.0,11050.720284657373
H2,12,warm_start_20260831_030140,12,7,368.3573428219124,30.0,11050.720284657373
H2,12,warm_start_20260831_030140,12,8,368.3573428219124,30.0,11050.720284657373
H2,12,warm_start_20260831_030140,12,9,368.3573428219124,30.0,11050.720284657373
H2,12,warm_start_20260831_030140,12,10,368.3573428219124,30.0,11050.720284657373
H2,12,warm_start_20260831_030140,12,11,368.3573428219124,30.0,11050.720284657373
H2,12,warm_start_20260831_030140,12,12,369.21438560785737,30.0,11076.431568235721
H2,13,warm_start_20260831_030140,13,1,368.62019539402536,30.0,11058.60586182076
H2,13,warm_start_20260831_030140,13,2,368.62019539402536,30.0,11058.60586182076
H2,13,warm_start_20260831_030140,13,3,368.62019539402536,30.0,11058.60586182076
H2,13,warm_start_20260831_030140,13,4,368.62019539402536,30.0,11058.60586182076
H2,13,warm_start_20260831_030140,13,5,368.62019539402536,30.0,11058.60586182076
H2,13,warm_start_20260831_030140,13,6,368.6201953940254,30.0,11058.605861820763
H2,13,warm_start_20260831_030140,13,7,368.62019539402536,30.0,11058.60586182076
H2,13,warm_start_20260831_030140,13,8,368.62019539402536,30.0,11058.60586182076
H2,13,warm_start_20260831_030140,13,9,368.62019539402536,30.0,11058.60586182076
H2,13,warm_start_20260831_030140,13,10,368.62019539402536,30.0,11058.60586182076
H2,13,warm_start_20260831_030140,13,11,368.62019539402536,30.0,11058.60586182076
H2,13,warm_start_20260831_030140,13,12,369.8845469503185,30.0,11096.536408509555
H2,14,warm_start_20260831_030140,14,1,367.5724098345884,30.0,11027.172295037653
H2,14,warm_start_20260831_030140,14,2,367.57240983458814,30.0,11027.172295037644
H2,14,warm_start_20260831_030140,14,3,367.57240983458814,30.0,11027.172295037644
H2,14,warm_start_20260831_030140,14,4,367.57240983458814,30.0,11027.172295037644
H2,14,warm_start_20260831_030140,14,5,367.57240983458814,30.0,11027.172295037644
H2,14,warm_start_20260831_030140,14,6,367.57240983458814,30.0,11027.172295037644
H2,14,warm_start_20260831_030140,14,7,367.57240983458826,30.0,11027.172295037648
H2,14,warm_start_20260831_030140,14,8,367.57240983458814,30.0,11027.172295037644
H2,14,warm_start_20260831_030140,14,9,367.57240983458814,30.0,11027.172295037644
H2,14,warm_start_20260831_030140,14,10,367.57240983458814,30.0,11027.172295037644
H2,14,warm_start_20260831_030140,14,11,367.57240983458814,30.0,11027.172295037644
H2,14,warm_start_20260831_030140,14,12,371.2476001141024,30.0,11137.428003423072
H2,15,warm_start_20260831_030140,15,1,365.74788743464796,30.0,10972.436623039439
H2,15,warm_start_20260831_030140,15,2,365.74788743464796,30.0,10972.436623039439
H2,15,warm_start_20260831_030140,15,3,365.74788743464796,30.0,10972.436623039439
H2,15,warm_start_20260831_030140,15,4,365.74788743464796,30.0,10972.436623039439
H2,15,warm_start_20260831_030140,15,5,365.74788743464796,30.0,10972.436623039439
H2,15,warm_start_20260831_030140,15,6,365.74788743464796,30.0,10972.436623039439
H2,15,warm_start_20260831_030140,15,7,365.74788743464796,30.0,10972.436623039439
H2,15,warm_start_20260831_030140,15,8,365.74788743464796,30.0,10972.436623039439
H2,15,warm_start_20260831_030140,15,9,365.74788743464796,30.0,10972.436623039439
H2,15,warm_start_20260831_030140,15,10,365.74788743464796,30.0,10972.436623039439
H2,15,warm_start_20260831_030140,15,11,368.5668151816717,30.0,11057.004455450151
H2,15,warm_start_20260831_030140,15,12,374.2476001141024,30.0,11227.428003423072
H2,16,warm_start_20260831_030140,16,1,374.2291891496393,30.0,11226.87567448918
H2,16,warm_start_20260831_030140,16,2,374.22918914963884,30.0,11226.875674489165
H2,16,warm_start_20260831_030140,16,3,374.22918914963884,30.0,11226.875674489165
H2,16,warm_start_20260831_030140,16,4,374.22918914963884,30.0,11226.875674489165
H2,16,warm_start_20260831_030140,16,5,374.22918914963884,30.0,11226.875674489165
H2,16,warm_start_20260831_030140,16,6,374.22918914963884,30.0,11226.875674489165
H2,16,warm_start_20260831_030140,16,7,374.22918914963884,30.0,11226.875674489165
H2,16,warm_start_20260831_030140,16,8,374.22918914963884,30.0,11226.875674489165
H2,16,warm_start_20260831_030140,16,9,374.22918914963884,30.0,11226.875674489165
H2,16,warm_start_20260831_030140,16,10,374.22918914963884,30.0,11226.875674489165
H2,16,warm_start_20260831_030140,16,11,374.22918914963884,30.0,11226.875674489165
H2,16,warm_start_20260831_030140,16,12,375.2476001141024,30.0,11257.428003423072
H2,17,warm_start_20260831_030140,17,1,370.84371253473313,30.0,11125.311376041995
H2,17,warm_start_20260831_030140,17,2,370.9307451310128,30.0,11127.922353930386
H2,17,warm_start_20260831_030140,17,3,370.9307451310124,30.0,11127.922353930371
H2,17,warm_start_20260831_030140,17,4,370.93074513101243,30.0,11127.922353930373
H2,17,warm_start_20260831_030140,17,5,370.9307451310125,30.0,11127.922353930375
H2,17,warm_start_20260831_030140,17,6,370.93074513101254,30.0,11127.922353930377
H2,17,warm_start_20260831_030140,17,7,370.9307451310125,30.0,11127.922353930375
H2,17,warm_start_20260831_030140,17,8,370.9307451310124,30.0,11127.922353930371
H2,17,warm_start_20260831_030140,17,9,370.93074513101254,30.0,11127.922353930377
H2,17,warm_start_20260831_030140,17,10,370.9307451310124,30.0,11127.922353930371
H2,17,warm_start_20260831_030140,17,11,370.9307451310124,30.0,11127.922353930371
H2,17,warm_start_20260831_030140,17,12,376.2476001141024,30.0,11287.428003423072
H2,18,warm_start_20260831_030140,18,1,376.39422219909557,30.0,11291.826665972867
H2,18,warm_start_20260831_030140,18,2,376.39422219909557,30.0,11291.826665972867
H2,18,warm_start_20260831_030140,18,3,376.39422219909557,30.0,11291.826665972867
H2,18,warm_start_20260831_030140,18,4,376.39422219909557,30.0,11291.826665972867
H2,18,warm_start_20260831_030140,18,5,376.3942221990956,30.0,11291.826665972869
H2,18,warm_start_20260831_030140,18,6,376.39422219909574,30.0,11291.826665972872
H2,18,warm_start_20260831_030140,18,7,376.39422219909557,30.0,11291.826665972867
H2,18,warm_start_20260831_030140,18,8,376.39422219909557,30.0,11291.826665972867
H2,18,warm_start_20260831_030140,18,9,376.39422219909557,30.0,11291.826665972867
H2,18,warm_start_20260831_030140,18,10,376.39422219909557,30.0,11291.826665972867
H2,18,warm_start_20260831_030140,18,11,376.39422219909557,30.0,11291.826665972867
H2,18,warm_start_20260831_030140,18,12,377.23945331429786,30.0,11317.183599428936
H2,19,warm_start_20260831_030140,19,1,375.3543800785577,30.0,11260.631402356732
H2,19,warm_start_20260831_030140,19,2,375.35438007855737,30.0,11260.631402356721
H2,19,warm_start_20260831_030140,19,3,375.35438007855737,30.0,11260.631402356721
H2,19,warm_start_20260831_030140,19,4,375.35438007855737,30.0,11260.631402356721
H2,19,warm_start_20260831_030140,19,5,375.3543800785574,30.0,11260.631402356723
H2,19,warm_start_20260831_030140,19,6,375.3543800785574,30.0,11260.631402356723
H2,19,warm_start_20260831_030140,19,7,375.35438007855737,30.0,11260.631402356721
H2,19,warm_start_20260831_030140,19,8,375.35438007855737,30.0,11260.631402356721
H2,19,warm_start_20260831_030140,19,9,375.35438007855737,30.0,11260.631402356721
H2,19,warm_start_20260831_030140,19,10,375.35438007855737,30.0,11260.631402356721
H2,19,warm_start_20260831_030140,19,11,375.35438007855737,30.0,11260.631402356721
H2,19,warm_start_20260831_030140,19,12,377.2476001141024,30.0,11317.428003423072
H2,20,warm_start_20260831_030140,20,1,373.7932890940101,30.0,11213.798672820303
H2,20,warm_start_20260831_030140,20,2,373.7932890940101,30.0,11213.798672820303
H2,20,warm_start_20260831_030140,20,3,373.7932890940101,30.0,11213.798672820303
H2,20,warm_start_20260831_030140,20,4,373.7932890940111,30.0,11213.798672820332
H2,20,warm_start_20260831_030140,20,5,373.79328909401113,30.0,11213.798672820334
H2,20,warm_start_20260831_030140,20,6,373.793289094011,30.0,11213.79867282033
H2,20,warm_start_20260831_030140,20,7,373.79328909401113,30.0,11213.798672820334
H2,20,warm_start_20260831_030140,20,8,373.7932890940112,30.0,11213.798672820336
H2,20,warm_start_20260831_030140,20,9,373.793289094011,30.0,11213.79867282033
H2,20,warm_start_20260831_030140,20,10,373.793289094011,30.0,11213.79867282033
H2,20,warm_start_20260831_030140,20,11,374.5668151816717,30.0,11237.004455450151
H2,20,warm_start_20260831_030140,20,12,380.2476001141024,30.0,11407.428003423072
H2,21,warm_start_20260831_030140,21,1,381.1460890001781,30.0,11434.382670005343
H2,21,warm_start_20260831_030140,21,2,381.1460890001781,30.0,11434.382670005343
H2,21,warm_start_20260831_030140,21,3,381.14608900017816,30.0,11434.382670005345
H2,21,warm_start_20260831_030140,21,4,381.1460890001781,30.0,11434.382670005343
H2,21,warm_start_20260831_030140,21,5,381.1460890001781,30.0,11434.382670005343
H2,21,warm_start_20260831_030140,21,6,381.14608900017816,30.0,11434.382670005345
H2,21,warm_start_20260831_030140,21,7,381.1460890001781,30.0,11434.382670005343
H2,21,warm_start_20260831_030140,21,8,381.1460890001781,30.0,11434.382670005343
H2,21,warm_start_20260831_030140,21,9,381.1460890001781,30.0,11434.382670005343
H2,21,warm_start_20260831_030140,21,10,381.14608900017816,30.0,11434.382670005345
H2,21,warm_start_20260831_030140,21,11,381.2308203903544,30.0,11436.924611710632
H2,21,warm_start_20260831_030140,21,12,381.9500064836302,30.0,11458.500194508906
H2,22,warm_start_20260831_030140,22,1,379.1970713623268,30.0,11375.912140869805
H2,22,warm_start_20260831_030140,22,2,379.2514917917524,30.0,11377.544753752572
H2,22,warm_start_20260831_030140,22,3,379.2514917917524,30.0,11377.544753752572
H2,22,warm_start_20260831_030140,22,4,379.2514917917524,30.0,11377.544753752572
H2,22,warm_start_20260831_030140,22,5,379.25149179175247,30.0,11377.544753752574
H2,22,warm_start_20260831_030140,22,6,379.2514917917525,30.0,11377.544753752576
H2,22,warm_start_20260831_030140,22,7,379.2514917917524,30.0,11377.544753752572
H2,22,warm_start_20260831_030140,22,8,379.2514917917524,30.0,11377.544753752572
H2,22,warm_start_20260831_030140,22,9,379.25149179175247,30.0,11377.544753752574
H2,22,warm_start_20260831_030140,22,10,379.2514917917524,30.0,11377.544753752572
H2,22,warm_start_20260831_030140,22,11,379.2514917917524,30.0,11377.544753752572
H2,22,warm_start_20260831_030140,22,12,384.2476001141024,30.0,11527.428003423072
H2,23,warm_start_20260831_030140,23,1,382.93151989214874,30.0,11487.945596764463
H2,23,warm_start_20260831_030140,23,2,382.9315198921486,30.0,11487.945596764457
H2,23,warm_start_20260831_030140,23,3,382.9315198921486,30.0,11487.945596764457
H2,23,warm_start_20260831_030140,23,4,382.9315198921486,30.0,11487.945596764457
H2,23,warm_start_20260831_030140,23,5,382.9315198921486,30.0,11487.945596764457
H2,23,warm_start_20260831_030140,23,6,382.93151989214863,30.0,11487.945596764459
H2,23,warm_start_20260831_030140,23,7,382.9315198921486,30.0,11487.945596764457
H2,23,warm_start_20260831_030140,23,8,382.9315198921486,30.0,11487.945596764457
H2,23,warm_start_20260831_030140,23,9,382.9315198921486,30.0,11487.945596764457
H2,23,warm_start_20260831_030140,23,10,382.9315198921486,30.0,11487.945596764457
H2,23,warm_start_20260831_030140,23,11,382.9315198921486,30.0,11487.945596764457
H2,23,warm_start_20260831_030140,23,12,385.2476001141024,30.0,11557.428003423072
H2,24,warm_start_20260831_030140,24,1,382.24068792459025,30.0,11467.220637737708
H2,24,warm_start_20260831_030140,24,2,382.24068792459,30.0,11467.2206377377
H2,24,warm_start_20260831_030140,24,3,382.24068792459013,30.0,11467.220637737704
H2,24,warm_start_20260831_030140,24,4,382.24068792459,30.0,11467.2206377377
H2,24,warm_start_20260831_030140,24,5,382.24068792459,30.0,11467.2206377377
H2,24,warm_start_20260831_030140,24,6,382.24068792459013,30.0,11467.220637737704
H2,24,warm_start_20260831_030140,24,7,382.2406879245901,30.0,11467.220637737702
H2,24,warm_start_20260831_030140,24,8,382.2406879245901,30.0,11467.220637737702
H2,24,warm_start_20260831_030140,24,9,382.24068792459,30.0,11467.2206377377
H2,24,warm_start_20260831_030140,24,10,382.24068792459,30.0,11467.2206377377
H2,24,warm_start_20260831_030140,24,11,382.2775878190196,30.0,11468.327634570587
H2,24,warm_start_20260831_030140,24,12,386.2476001141024,30.0,11587.428003423072
H2,25,warm_start_20260831_030140,25,1,385.4070551509576,30.0,11562.211654528728
H2,25,warm_start_20260831_030140,25,2,385.4070551509576,30.0,11562.211654528728
H2,25,warm_start_20260831_030140,25,3,385.4070551509576,30.0,11562.211654528728
H2,25,warm_start_20260831_030140,25,4,385.4070551509579,30.0,11562.211654528737
H2,25,warm_start_20260831_030140,25,5,385.4070551509576,30.0,11562.211654528728
H2,25,warm_start_20260831_030140,25,6,385.4070551509576,30.0,11562.211654528728
H2,25,warm_start_20260831_030140,25,7,385.4070551509576,30.0,11562.211654528728
H2,25,warm_start_20260831_030140,25,8,385.4070551509576,30.0,11562.211654528728
H2,25,warm_start_20260831_030140,25,9,385.4070551509576,30.0,11562.211654528728
H2,25,warm_start_20260831_030140,25,10,385.4070551509576,30.0,11562.211654528728
H2,25,warm_start_20260831_030140,25,11,385.4070551509576,30.0,11562.211654528728
H2,25,warm_start_20260831_030140,25,12,387.2476001141024,30.0,11617.428003423072
H2,26,warm_start_20260831_030140,26,1,388.71308776703245,30.0,11661.392633010973
H2,26,warm_start_20260831_030140,26,2,388.71308776703245,30.0,11661.392633010973
H2,26,warm_start_20260831_030140,26,3,388.71308776703245,30.0,11661.392633010973
H2,26,warm_start_20260831_030140,26,4,388.71308776703245,30.0,11661.392633010973
H2,26,warm_start_20260831_030140,26,5,388.71308776703245,30.0,11661.392633010973
H2,26,warm_start_20260831_030140,26,6,388.71308776703245,30.0,11661.392633010973
H2,26,warm_start_20260831_030140,26,7,388.71308776703245,30.0,11661.392633010973
H2,26,warm_start_20260831_030140,26,8,388.71308776703245,30.0,11661.392633010973
H2,26,warm_start_20260831_030140,26,9,388.71308776703245,30.0,11661.392633010973
H2,26,warm_start_20260831_030140,26,10,388.71308776703245,30.0,11661.392633010973
H2,26,warm_start_20260831_030140,26,11,388.71308776703245,30.0,11661.392633010973
H2,26,warm_start_20260831_030140,26,12,389.49137618966324,30.0,11684.741285689897
H2,27,warm_start_20260831_030140,27,1,389.80102253488286,30.0,11694.030676046486
H2,27,warm_start_20260831_030140,27,2,389.8010225348826,30.0,11694.030676046477
H2,27,warm_start_20260831_030140,27,3,389.8010225348826,30.0,11694.030676046477
H2,27,warm_start_20260831_030140,27,4,389.8010225348826,30.0,11694.030676046477
H2,27,warm_start_20260831_030140,27,5,389.8010225348826,30.0,11694.030676046477
H2,27,warm_start_20260831_030140,27,6,389.8010225348826,30.0,11694.030676046477
H2,27,warm_start_20260831_030140,27,7,389.8010225348826,30.0,11694.030676046477
H2,27,warm_start_20260831_030140,27,8,389.8010225348826,30.0,11694.030676046477
H2,27,warm_start_20260831_030140,27,9,389.8010225348826,30.0,11694.030676046477
H2,27,warm_start_20260831_030140,27,10,389.8010225348826,30.0,11694.030676046477
H2,27,warm_start_20260831_030140,27,11,389.8010225348826,30.0,11694.030676046477
H2,27,warm_start_20260831_030140,27,12,390.5644295673601,30.0,11716.932887020803
H2,28,warm_start_20260831_030140,28,1,391.46950684341857,30.0,11744.085205302557
H2,28,warm_start_20260831_030140,28,2,391.46950684341846,30.0,11744.085205302554
H2,28,warm_start_20260831_030140,28,3,391.46950684341846,30.0,11744.085205302554
H2,28,warm_start_20260831_030140,28,4,391.46950684341846,30.0,11744.085205302554
H2,28,warm_start_20260831_030140,28,5,391.4695068434186,30.0,11744.08520530256
H2,28,warm_start_20260831_030140,28,6,391.46950684341857,30.0,11744.085205302557
H2,28,warm_start_20260831_030140,28,7,391.46950684341846,30.0,11744.085205302554
H2,28,warm_start_20260831_030140,28,8,391.46950684341846,30.0,11744.085205302554
H2,28,warm_start_20260831_030140,28,9,391.46950684341846,30.0,11744.085205302554
H2,28,warm_start_20260831_030140,28,10,391.46950684341846,30.0,11744.085205302554
H2,28,warm_start_20260831_030140,28,11,391.46950684341846,30.0,11744.085205302554
H2,28,warm_start_20260831_030140,28,12,392.2476001141024,30.0,11767.428003423072
H2,29,warm_start_20260831_030140,29,1,392.3898933037303,30.0,11771.696799111909
H2,29,warm_start_20260831_030140,29,2,392.3898933037299,30.0,11771.696799111896
H2,29,warm_start_20260831_030140,29,3,392.3898933037299,30.0,11771.696799111896
H2,29,warm_start_20260831_030140,29,4,392.3898933037299,30.0,11771.696799111896
H2,29,warm_start_20260831_030140,29,5,392.3898933037299,30.0,11771.696799111896
H2,29,warm_start_20260831_030140,29,6,392.3898933037299,30.0,11771.696799111896
H2,29,warm_start_20260831_030140,29,7,392.3898933037299,30.0,11771.696799111896
H2,29,warm_start_20260831_030140,29,8,392.3898933037299,30.0,11771.696799111896
H2,29,warm_start_20260831_030140,29,9,392.3898933037299,30.0,11771.696799111896
H2,29,warm_start_20260831_030140,29,10,392.3898933037299,30.0,11771.696799111896
H2,29,warm_start_20260831_030140,29,11,392.3898933037299,30.0,11771.696799111896
H2,29,warm_start_20260831_030140,29,12,393.2476001141024,30.0,11797.428003423072
H2,30,cold_start_20260830_174912,6,1,391.7416022253505,30.0,11752.248066760516
H2,30,cold_start_20260830_174912,6,2,391.7987557818583,30.0,11753.96267345575
H2,30,cold_start_20260830_174912,6,3,391.79875578185784,30.0,11753.962673455735
H2,30,cold_start_20260830_174912,6,4,391.79875578185784,30.0,11753.962673455735
H2,30,cold_start_20260830_174912,6,5,391.79875578185795,30.0,11753.962673455739
H2,30,cold_start_20260830_174912,6,6,391.79875578185784,30.0,11753.962673455735
H2,30,cold_start_20260830_174912,6,7,391.79875578185784,30.0,11753.962673455735
H2,30,cold_start_20260830_174912,6,8,391.79875578185806,30.0,11753.962673455742
H2,30,cold_start_20260830_174912,6,9,391.79875578185784,30.0,11753.962673455735
H2,30,cold_start_20260830_174912,6,10,391.79875578185784,30.0,11753.962673455735
H2,30,cold_start_20260830_174912,6,11,391.79875578185784,30.0,11753.962673455735
H2,30,cold_start_20260830_174912,6,12,396.2476001141024,30.0,11887.428003423072
H2,31,cold_start_20260830_174912,7,1,394.44066622435383,30.0,11833.219986730615
H2,31,cold_start_20260830_174912,7,2,394.44066622435366,30.0,11833.21998673061
H2,31,cold_start_20260830_174912,7,3,394.44066622435366,30.0,11833.21998673061
H2,31,cold_start_20260830_174912,7,4,394.44066622435366,30.0,11833.21998673061
H2,31,cold_start_20260830_174912,7,5,394.4406662243537,30.0,11833.219986730612
H2,31,cold_start_20260830_174912,7,6,394.44066622435366,30.0,11833.21998673061
H2,31,cold_start_20260830_174912,7,7,394.44066622435366,30.0,11833.21998673061
H2,31,cold_start_20260830_174912,7,8,394.44066622435366,30.0,11833.21998673061
H2,31,cold_start_20260830_174912,7,9,394.44066622435366,30.0,11833.21998673061
H2,31,cold_start_20260830_174912,7,10,394.44066622435366,30.0,11833.21998673061
H2,31,cold_start_20260830_174912,7,11,394.44066622435366,30.0,11833.21998673061
H2,31,cold_start_20260830_174912,7,12,398.2476001141024,30.0,11947.428003423072
H2,32,cold_start_20260830_174912,8,1,397.8886538406598,30.0,11936.659615219794
H2,32,cold_start_20260830_174912,8,2,397.8886538406596,30.0,11936.659615219787
H2,32,cold_start_20260830_174912,8,3,397.8886538406596,30.0,11936.659615219787
H2,32,cold_start_20260830_174912,8,4,397.8886538406596,30.0,11936.659615219787
H2,32,cold_start_20260830_174912,8,5,397.88865384065963,30.0,11936.659615219789
H2,32,cold_start_20260830_174912,8,6,397.88865384065963,30.0,11936.659615219789
H2,32,cold_start_20260830_174912,8,7,397.8886538406596,30.0,11936.659615219787
H2,32,cold_start_20260830_174912,8,8,397.88865384065963,30.0,11936.659615219789
H2,32,cold_start_20260830_174912,8,9,397.8886538406596,30.0,11936.659615219787
H2,32,cold_start_20260830_174912,8,10,397.88865384065963,30.0,11936.659615219789
H2,32,cold_start_20260830_174912,8,11,397.8886538406596,30.0,11936.659615219787
H2,32,cold_start_20260830_174912,8,12,399.2476001141024,30.0,11977.428003423072
H2,33,cold_start_20260830_174912,9,1,399.90812493173144,30.0,11997.243747951943
H2,33,cold_start_20260830_174912,9,2,399.90812493173144,30.0,11997.243747951943
H2,33,cold_start_20260830_174912,9,3,399.90812493173144,30.0,11997.243747951943
H2,33,cold_start_20260830_174912,9,4,399.90812493173235,30.0,11997.24374795197
H2,33,cold_start_20260830_174912,9,5,399.90812493173235,30.0,11997.24374795197
H2,33,cold_start_20260830_174912,9,6,399.90812493173235,30.0,11997.24374795197
H2,33,cold_start_20260830_174912,9,7,399.90812493173235,30.0,11997.24374795197
H2,33,cold_start_20260830_174912,9,8,399.90812493173235,30.0,11997.24374795197
H2,33,cold_start_20260830_174912,9,9,399.90812493173235,30.0,11997.24374795197
H2,33,cold_start_20260830_174912,9,10,399.90812493173235,30.0,11997.24374795197
H2,33,cold_start_20260830_174912,9,11,399.90812493173235,30.0,11997.24374795197
H2,33,cold_start_20260830_174912,9,12,399.90812493173235,30.0,11997.24374795197
H2,34,cold_start_20260830_174912,10,1,397.15185811202747,30.0,11914.555743360825
H2,34,cold_start_20260830_174912,10,2,397.1518581120272,30.0,11914.555743360816
H2,34,cold_start_20260830_174912,10,3,397.15185811202724,30.0,11914.555743360817
H2,34,cold_start_20260830_174912,10,4,397.15185811202724,30.0,11914.555743360817
H2,34,cold_start_20260830_174912,10,5,397.15185811202724,30.0,11914.555743360817
H2,34,cold_start_20260830_174912,10,6,397.1518581120273,30.0,11914.55574336082
H2,34,cold_start_20260830_174912,10,7,397.15185811202815,30.0,11914.555743360845
H2,34,cold_start_20260830_174912,10,8,397.1518581120281,30.0,11914.555743360843
H2,34,cold_start_20260830_174912,10,9,397.1518581120291,30.0,11914.555743360874
H2,34,cold_start_20260830_174912,10,10,397.15185811202906,30.0,11914.555743360872
H2,34,cold_start_20260830_174912,10,11,397.151858112029,30.0,11914.55574336087
H2,34,cold_start_20260830_174912,10,12,400.2476001141024,30.0,12007.428003423072
H2,35,cold_start_20260830_174912,11,1,393.31387624370745,30.0,11799.416287311224
H2,35,cold_start_20260830_174912,11,2,393.31387624370745,30.0,11799.416287311224
H2,35,cold_start_20260830_174912,11,3,393.31387624370745,30.0,11799.416287311224
H2,35,cold_start_20260830_174912,11,4,393.31387624370745,30.0,11799.416287311224
H2,35,cold_start_20260830_174912,11,5,393.3138762437075,30.0,11799.416287311225
H2,35,cold_start_20260830_174912,11,6,393.31387624370745,30.0,11799.416287311224
H2,35,cold_start_20260830_174912,11,7,393.3138762437078,30.0,11799.416287311235
H2,35,cold_start_20260830_174912,11,8,393.31387624370745,30.0,11799.416287311224
H2,35,cold_start_20260830_174912,11,9,393.31387624370745,30.0,11799.416287311224
H2,35,cold_start_20260830_174912,11,10,393.31387624370745,30.0,11799.416287311224
H2,35,cold_start_20260830_174912,11,11,397.5668151816717,30.0,11927.004455450151
H2,35,cold_start_20260830_174912,11,12,403.2476001141024,30.0,12097.428003423072
H2,36,cold_start_20260830_174912,12,1,403.1791505328895,30.0,12095.374515986685
H2,36,cold_start_20260830_174912,12,2,403.17915053288925,30.0,12095.374515986678
H2,36,cold_start_20260830_174912,12,3,403.17915053288925,30.0,12095.374515986678
H2,36,cold_start_20260830_174912,12,4,403.17915053288925,30.0,12095.374515986678
H2,36,cold_start_20260830_174912,12,5,403.17915053288925,30.0,12095.374515986678
H2,36,cold_start_20260830_174912,12,6,403.17915053288925,30.0,12095.374515986678
H2,36,cold_start_20260830_174912,12,7,403.17915053288925,30.0,12095.374515986678
H2,36,cold_start_20260830_174912,12,8,403.17915053288925,30.0,12095.374515986678
H2,36,cold_start_20260830_174912,12,9,403.17915053288925,30.0,12095.374515986678
H2,36,cold_start_20260830_174912,12,10,403.17915053288925,30.0,12095.374515986678
H2,36,cold_start_20260830_174912,12,11,403.17915053288925,30.0,12095.374515986678
H2,36,cold_start_20260830_174912,12,12,403.6642641627534,30.0,12109.927924882602
H2,37,cold_start_20260830_174912,13,1,400.19218191581814,30.0,12005.765457474545
H2,37,cold_start_20260830_174912,13,2,400.19218191581786,30.0,12005.765457474536
H2,37,cold_start_20260830_174912,13,3,400.19218191581786,30.0,12005.765457474536
H2,37,cold_start_20260830_174912,13,4,400.19218191581786,30.0,12005.765457474536
H2,37,cold_start_20260830_174912,13,5,400.19218191581786,30.0,12005.765457474536
H2,37,cold_start_20260830_174912,13,6,400.19218191581797,30.0,12005.76545747454
H2,37,cold_start_20260830_174912,13,7,400.19218191581786,30.0,12005.765457474536
H2,37,cold_start_20260830_174912,13,8,400.19218191581786,30.0,12005.765457474536
H2,37,cold_start_20260830_174912,13,9,400.19218191581786,30.0,12005.765457474536
H2,37,cold_start_20260830_174912,13,10,400.19218191581786,30.0,12005.765457474536
H2,37,cold_start_20260830_174912,13,11,400.19218191581786,30.0,12005.765457474536
H2,37,cold_start_20260830_174912,13,12,404.2476001141024,30.0,12127.428003423072
H2,38,cold_start_20260830_174912,14,1,403.15634252989946,30.0,12094.690275896985
H2,38,cold_start_20260830_174912,14,2,403.1563425298991,30.0,12094.690275896974
H2,38,cold_start_20260830_174912,14,3,403.1563425298991,30.0,12094.690275896974
H2,38,cold_start_20260830_174912,14,4,403.1563425298991,30.0,12094.690275896974
H2,38,cold_start_20260830_174912,14,5,403.1563425298991,30.0,12094.690275896974
H2,38,cold_start_20260830_174912,14,6,403.1563425298991,30.0,12094.690275896974
H2,38,cold_start_20260830_174912,14,7,403.1563425298991,30.0,12094.690275896974
H2,38,cold_start_20260830_174912,14,8,403.1563425298991,30.0,12094.690275896974
H2,38,cold_start_20260830_174912,14,9,403.1563425298991,30.0,12094.690275896974
H2,38,cold_start_20260830_174912,14,10,403.1563425298991,30.0,12094.690275896974
H2,38,cold_start_20260830_174912,14,11,403.1563425298991,30.0,12094.690275896974
H2,38,cold_start_20260830_174912,14,12,405.2476001141024,30.0,12157.428003423072
H2,39,cold_start_20260830_174912,15,1,406.2318256052895,30.0,12186.954768158685
H2,39,cold_start_20260830_174912,15,2,406.2318256052895,30.0,12186.954768158685
H2,39,cold_start_20260830_174912,15,3,406.2318256052895,30.0,12186.954768158685
H2,39,cold_start_20260830_174912,15,4,406.2318256052895,30.0,12186.954768158685
H2,39,cold_start_20260830_174912,15,5,406.2318256052895,30.0,12186.954768158685
H2,39,cold_start_20260830_174912,15,6,406.2318256052895,30.0,12186.954768158685
H2,39,cold_start_20260830_174912,15,7,406.2318256052895,30.0,12186.954768158685
H2,39,cold_start_20260830_174912,15,8,406.2318256052895,30.0,12186.954768158685
H2,39,cold_start_20260830_174912,15,9,406.2318256052895,30.0,12186.954768158685
H2,39,cold_start_20260830_174912,15,10,406.2318256052895,30.0,12186.954768158685
H2,39,cold_start_20260830_174912,15,11,406.2318256052895,30.0,12186.954768158685
H2,39,cold_start_20260830_174912,15,12,406.2318256052895,30.0,12186.954768158685
H2,40,cold_start_20260830_174912,16,1,402.57574252828493,30.0,12077.272275848549
H2,40,cold_start_20260830_174912,16,2,402.57574252828454,30.0,12077.272275848536
H2,40,cold_start_20260830_174912,16,3,402.57574252828454,30.0,12077.272275848536
H2,40,cold_start_20260830_174912,16,4,402.57574252828454,30.0,12077.272275848536
H2,40,cold_start_20260830_174912,16,5,402.57574252828454,30.0,12077.272275848536
H2,40,cold_start_20260830_174912,16,6,402.57574252828454,30.0,12077.272275848536
H2,40,cold_start_20260830_174912,16,7,402.57574252828454,30.0,12077.272275848536
H2,40,cold_start_20260830_174912,16,8,402.57574252828454,30.0,12077.272275848536
H2,40,cold_start_20260830_174912,16,9,402.5757425282847,30.0,12077.272275848542
H2,40,cold_start_20260830_174912,16,10,402.5757425282847,30.0,12077.272275848542
H2,40,cold_start_20260830_174912,16,11,402.57574252828454,30.0,12077.272275848536
H2,40,cold_start_20260830_174912,16,12,407.2476001141024,30.0,12217.428003423072
H2,41,cold_start_20260830_174912,17,1,409.2257929892148,30.0,12276.773789676445
H2,41,cold_start_20260830_174912,17,2,409.2257929892148,30.0,12276.773789676445
H2,41,cold_start_20260830_174912,17,3,409.2257929892148,30.0,12276.773789676445
H2,41,cold_start_20260830_174912,17,4,409.2257929892148,30.0,12276.773789676445
H2,41,cold_start_20260830_174912,17,5,409.2257929892148,30.0,12276.773789676445
H2,41,cold_start_20260830_174912,17,6,409.2257929892148,30.0,12276.773789676445
H2,41,cold_start_20260830_174912,17,7,409.2257929892148,30.0,12276.773789676445
H2,41,cold_start_20260830_174912,17,8,409.2257929892148,30.0,12276.773789676445
H2,41,cold_start_20260830_174912,17,9,409.2257929892148,30.0,12276.773789676445
H2,41,cold_start_20260830_174912,17,10,409.2257929892148,30.0,12276.773789676445
H2,41,cold_start_20260830_174912,17,11,409.2257929892148,30.0,12276.773789676445
H2,41,cold_start_20260830_174912,17,12,409.2257929892148,30.0,12276.773789676445
H2,42,cold_start_20260830_174912,18,1,413.2444705279062,30.0,12397.334115837186
H2,42,cold_start_20260830_174912,18,2,413.24447052790583,30.0,12397.334115837175
H2,42,cold_start_20260830_174912,18,3,413.2444705279059,30.0,12397.334115837177
H2,42,cold_start_20260830_174912,18,4,413.24447052790583,30.0,12397.334115837175
H2,42,cold_start_20260830_174912,18,5,413.24447052790583,30.0,12397.334115837175
H2,42,cold_start_20260830_174912,18,6,413.24447052790583,30.0,12397.334115837175
H2,42,cold_start_20260830_174912,18,7,413.24447052790583,30.0,12397.334115837175
H2,42,cold_start_20260830_174912,18,8,413.24447052790583,30.0,12397.334115837175
H2,42,cold_start_20260830_174912,18,9,413.24447052790583,30.0,12397.334115837175
H2,42,cold_start_20260830_174912,18,10,413.24447052790583,30.0,12397.334115837175
H2,42,cold_start_20260830_174912,18,11,413.24447052790583,30.0,12397.334115837175
H2,42,cold_start_20260830_174912,18,12,413.24447052790583,30.0,12397.334115837175
H2,43,cold_start_20260830_174912,19,1,415.525792989215,30.0,12465.77378967645
H2,43,cold_start_20260830_174912,19,2,415.525792989215,30.0,12465.77378967645
H2,43,cold_start_20260830_174912,19,3,415.525792989215,30.0,12465.77378967645
H2,43,cold_start_20260830_174912,19,4,415.525792989215,30.0,12465.77378967645
H2,43,cold_start_20260830_174912,19,5,415.525792989215,30.0,12465.77378967645
H2,43,cold_start_20260830_174912,19,6,415.525792989215,30.0,12465.77378967645
H2,43,cold_start_20260830_174912,19,7,415.525792989215,30.0,12465.77378967645
H2,43,cold_start_20260830_174912,19,8,415.525792989215,30.0,12465.77378967645
H2,43,cold_start_20260830_174912,19,9,415.525792989215,30.0,12465.77378967645
H2,43,cold_start_20260830_174912,19,10,415.525792989215,30.0,12465.77378967645
H2,43,cold_start_20260830_174912,19,11,415.525792989215,30.0,12465.77378967645
H2,43,cold_start_20260830_174912,19,12,415.525792989215,30.0,12465.77378967645
H2,44,cold_start_20260830_174912,20,1,412.34068595340915,30.0,12370.220578602275
H2,44,cold_start_20260830_174912,20,2,412.34068595340887,30.0,12370.220578602266
H2,44,cold_start_20260830_174912,20,3,412.3406859534089,30.0,12370.220578602268
H2,44,cold_start_20260830_174912,20,4,412.34068595340887,30.0,12370.220578602266
H2,44,cold_start_20260830_174912,20,5,412.34068595340887,30.0,12370.220578602266
H2,44,cold_start_20260830_174912,20,6,412.34068595340887,30.0,12370.220578602266
H2,44,cold_start_20260830_174912,20,7,412.34068595340887,30.0,12370.220578602266
H2,44,cold_start_20260830_174912,20,8,412.34068595340887,30.0,12370.220578602266
H2,44,cold_start_20260830_174912,20,9,412.34068595340887,30.0,12370.220578602266
H2,44,cold_start_20260830_174912,20,10,412.3406859534089,30.0,12370.220578602268
H2,44,cold_start_20260830_174912,20,11,412.3406859534089,30.0,12370.220578602268
H2,44,cold_start_20260830_174912,20,12,416.2476001141024,30.0,12487.428003423072
H2,45,cold_start_20260830_174912,21,1,416.68485698821786,30.0,12500.545709646536
H2,45,cold_start_20260830_174912,21,2,416.6848569882177,30.0,12500.54570964653
H2,45,cold_start_20260830_174912,21,3,416.6848569882177,30.0,12500.54570964653
H2,45,cold_start_20260830_174912,21,4,416.6848569882177,30.0,12500.54570964653
H2,45,cold_start_20260830_174912,21,5,416.6848569882177,30.0,12500.54570964653
H2,45,cold_start_20260830_174912,21,6,416.6848569882177,30.0,12500.54570964653
H2,45,cold_start_20260830_174912,21,7,416.6848569882177,30.0,12500.54570964653
H2,45,cold_start_20260830_174912,21,8,416.6848569882177,30.0,12500.54570964653
H2,45,cold_start_20260830_174912,21,9,416.6848569882177,30.0,12500.54570964653
H2,45,cold_start_20260830_174912,21,10,416.708559535566,30.0,12501.25678606698
H2,45,cold_start_20260830_174912,21,11,416.70855953556566,30.0,12501.25678606697
H2,45,cold_start_20260830_174912,21,12,416.70855953556566,30.0,12501.25678606697
H2,46,cold_start_20260830_174912,22,1,417.6075019108348,30.0,12528.225057325044
H2,46,cold_start_20260830_174912,22,2,417.6075019108348,30.0,12528.225057325044
H2,46,cold_start_20260830_174912,22,3,417.6075019108348,30.0,12528.225057325044
H2,46,cold_start_20260830_174912,22,4,417.6075019108348,30.0,12528.225057325044
H2,46,cold_start_20260830_174912,22,5,417.6075019108348,30.0,12528.225057325044
H2,46,cold_start_20260830_174912,22,6,415.0850248215926,30.0,12452.550744647777
H2,46,cold_start_20260830_174912,22,7,415.35313030562855,30.0,12460.593909168856
H2,46,cold_start_20260830_174912,22,8,417.6075019108348,30.0,12528.225057325044
H2,46,cold_start_20260830_174912,22,9,417.6075019108348,30.0,12528.225057325044
H2,46,cold_start_20260830_174912,22,10,417.6075019108348,30.0,12528.225057325044
H2,46,cold_start_20260830_174912,22,11,417.6075019108348,30.0,12528.225057325044
H2,46,cold_start_20260830_174912,22,12,417.6075019108348,30.0,12528.225057325044
H2,47,cold_start_20260830_174912,23,1,420.12884650043765,30.0,12603.86539501313
H2,47,cold_start_20260830_174912,23,2,420.12884650043725,30.0,12603.865395013117
H2,47,cold_start_20260830_174912,23,3,420.12884650043725,30.0,12603.865395013117
H2,47,cold_start_20260830_174912,23,4,420.12884650043725,30.0,12603.865395013117
H2,47,cold_start_20260830_174912,23,5,420.12884650043725,30.0,12603.865395013117
H2,47,cold_start_20260830_174912,23,6,411.0611691701298,30.0,12331.835075103894
H2,47,cold_start_20260830_174912,23,7,415.63821889263977,30.0,12469.146566779193
H2,47,cold_start_20260830_174912,23,8,420.12884650043725,30.0,12603.865395013117
H2,47,cold_start_20260830_174912,23,9,420.12884650043725,30.0,12603.865395013117
H2,47,cold_start_20260830_174912,23,10,420.12884650043725,30.0,12603.865395013117
H2,47,cold_start_20260830_174912,23,11,420.12884650043725,30.0,12603.865395013117
H2,47,cold_start_20260830_174912,23,12,420.2040016631363,30.0,12606.120049894089
H2,48,cold_start_20260830_174912,24,1,421.6724933103924,30.0,12650.174799311771
H2,48,cold_start_20260830_174912,24,2,421.6724933103924,30.0,12650.174799311771
H2,48,cold_start_20260830_174912,24,3,421.6724933103924,30.0,12650.174799311771
H2,48,cold_start_20260830_174912,24,4,421.6724933103924,30.0,12650.174799311771
H2,48,cold_start_20260830_174912,24,5,421.6724933103924,30.0,12650.174799311771
H2,48,cold_start_20260830_174912,24,6,421.1881191042464,30.0,12635.643573127392
H2,48,cold_start_20260830_174912,24,7,417.811638392541,30.0,12534.34915177623
H2,48,cold_start_20260830_174912,24,8,421.6724933103924,30.0,12650.174799311771
H2,48,cold_start_20260830_174912,24,9,421.6724933103924,30.0,12650.174799311771
H2,48,cold_start_20260830_174912,24,10,421.6724933103924,30.0,12650.174799311771
H2,48,cold_start_20260830_174912,24,11,421.6724933103924,30.0,12650.174799311771
H2,48,cold_start_20260830_174912,24,12,422.3718753759081,30.0,12671.156261277243
H2,49,cold_start_20260830_174912,25,1,419.20155541500424,30.0,12576.046662450128
H2,49,cold_start_20260830_174912,25,2,419.2514917917524,30.0,12577.544753752572
H2,49,cold_start_20260830_174912,25,3,419.2514917917524,30.0,12577.544753752572
H2,49,cold_start_20260830_174912,25,4,419.2514917917524,30.0,12577.544753752572
H2,49,cold_start_20260830_174912,25,5,419.2514917917524,30.0,12577.544753752572
H2,49,cold_start_20260830_174912,25,6,419.2514917917524,30.0,12577.544753752572
H2,49,cold_start_20260830_174912,25,7,417.06332944790665,30.0,12511.8998834372
H2,49,cold_start_20260830_174912,25,8,419.2514917917524,30.0,12577.544753752572
H2,49,cold_start_20260830_174912,25,9,419.2623266816672,30.0,12577.869800450017
H2,49,cold_start_20260830_174912,25,10,419.2623266816672,30.0,12577.869800450017
H2,49,cold_start_20260830_174912,25,11,419.2623266816672,30.0,12577.869800450017
H2,49,cold_start_20260830_174912,25,12,424.2476001141024,30.0,12727.428003423072
H2,50,cold_start_20260830_174912,26,1,428.276106188594,30.0,12848.28318565782
H2,50,cold_start_20260830_174912,26,2,428.276106188594,30.0,12848.28318565782
H2,50,cold_start_20260830_174912,26,3,428.276106188594,30.0,12848.28318565782
H2,50,cold_start_20260830_174912,26,4,428.276106188594,30.0,12848.28318565782
H2,50,cold_start_20260830_174912,26,5,428.276106188594,30.0,12848.28318565782
H2,50,cold_start_20260830_174912,26,6,421.1881191042465,30.0,12635.643573127394
H2,50,cold_start_20260830_174912,26,7,417.81163839254106,30.0,12534.349151776232
H2,50,cold_start_20260830_174912,26,8,428.276106188594,30.0,12848.28318565782
H2,50,cold_start_20260830_174912,26,9,428.276106188594,30.0,12848.28318565782
H2,50,cold_start_20260830_174912,26,10,428.28234253770404,30.0,12848.470276131122
H2,50,cold_start_20260830_174912,26,11,428.2823425377037,30.0,12848.470276131111
H2,50,cold_start_20260830_174912,26,12,428.94762280145187,30.0,12868.428684043556
H2,51,cold_start_20260830_174912,27,1,429.47791262769454,30.0,12884.337378830836
H2,51,cold_start_20260830_174912,27,2,429.4779126276944,30.0,12884.337378830833
H2,51,cold_start_20260830_174912,27,3,429.4779126276944,30.0,12884.337378830833
H2,51,cold_start_20260830_174912,27,4,429.4779126276944,30.0,12884.337378830833
H2,51,cold_start_20260830_174912,27,5,429.2536724222156,30.0,12877.610172666467
H2,51,cold_start_20260830_174912,27,6,421.1881191042465,30.0,12635.643573127394
H2,51,cold_start_20260830_174912,27,7,417.81163839254106,30.0,12534.349151776232
H2,51,cold_start_20260830_174912,27,8,422.75292429079104,30.0,12682.58772872373
H2,51,cold_start_20260830_174912,27,9,429.42509473001314,30.0,12882.752841900394
H2,51,cold_start_20260830_174912,27,10,429.4779126276944,30.0,12884.337378830833
H2,51,cold_start_20260830_174912,27,11,429.4779126276944,30.0,12884.337378830833
H2,51,cold_start_20260830_174912,27,12,431.2476001141024,30.0,12937.428003423072
H2,52,cold_start_20260830_174912,28,1,425.20466736145863,30.0,12756.140020843759
H2,52,cold_start_20260830_174912,28,2,425.20466736145863,30.0,12756.140020843759
H2,52,cold_start_20260830_174912,28,3,425.20466736145863,30.0,12756.140020843759
H2,52,cold_start_20260830_174912,28,4,425.20466736145863,30.0,12756.140020843759
H2,52,cold_start_20260830_174912,28,5,425.20466736145863,30.0,12756.140020843759
H2,52,cold_start_20260830_174912,28,6,420.47175082189824,30.0,12614.152524656947
H2,52,cold_start_20260830_174912,28,7,417.81163839254106,30.0,12534.349151776232
H2,52,cold_start_20260830_174912,28,8,413.8463551817347,30.0,12415.39065545204
H2,52,cold_start_20260830_174912,28,9,425.06503592045584,30.0,12751.951077613676
H2,52,cold_start_20260830_174912,28,10,425.20466736145863,30.0,12756.140020843759
H2,52,cold_start_20260830_174912,28,11,429.5668151816717,30.0,12887.004455450151
H2,52,cold_start_20260830_174912,28,12,435.2476001141024,30.0,13057.428003423072
H2,53,cold_start_20260830_174912,29,1,436.1861824281034,30.0,13085.585472843102
H2,53,cold_start_20260830_174912,29,2,436.18618242810317,30.0,13085.585472843095
H2,53,cold_start_20260830_174912,29,3,436.18618242810317,30.0,13085.585472843095
H2,53,cold_start_20260830_174912,29,4,436.18618242810317,30.0,13085.585472843095
H2,53,cold_start_20260830_174912,29,5,436.18618242810317,30.0,13085.585472843095
H2,53,cold_start_20260830_174912,29,6,421.18811910424654,30.0,12635.643573127396
H2,53,cold_start_20260830_174912,29,7,417.8116383925411,30.0,12534.349151776234
H2,53,cold_start_20260830_174912,29,8,423.16619708123005,30.0,12694.985912436901
H2,53,cold_start_20260830_174912,29,9,432.3233993107606,30.0,12969.701979322817
H2,53,cold_start_20260830_174912,29,10,436.18618242810317,30.0,13085.585472843095
H2,53,cold_start_20260830_174912,29,11,436.18618242810317,30.0,13085.585472843095
H2,53,cold_start_20260830_174912,29,12,436.8806710097879,30.0,13106.420130293636
H2,54,cold_start_20260830_174912,30,1,427.51462023339553,30.0,12825.438607001866
H2,54,cold_start_20260830_174912,30,2,427.8096680508502,30.0,12834.290041525506
H2,54,cold_start_20260830_174912,30,3,427.8096680508497,30.0,12834.290041525492
H2,54,cold_start_20260830_174912,30,4,427.8096680508497,30.0,12834.290041525492
H2,54,cold_start_20260830_174912,30,5,419.1003776484003,30.0,12573.011329452009
H2,54,cold_start_20260830_174912,30,6,403.7595185917926,30.0,12112.785557753778
H2,54,cold_start_20260830_174912,30,7,391.0696699255027,30.0,11732.090097765082
H2,54,cold_start_20260830_174912,30,8,427.8096680508497,30.0,12834.290041525492
H2,54,cold_start_20260830_174912,30,9,426.69299829378167,30.0,12800.78994881345
H2,54,cold_start_20260830_174912,30,10,427.8096680508497,30.0,12834.290041525492
H2,54,cold_start_20260830_174912,30,11,432.5710033261694,30.0,12977.130099785081
H2,54,cold_start_20260830_174912,30,12,438.2476001141024,30.0,13147.428003423072
H2,55,cold_start_20260830_174912,31,1,441.36076263979095,30.0,13240.822879193729
H2,55,cold_start_20260830_174912,31,2,441.36076263979066,30.0,13240.82287919372
H2,55,cold_start_20260830_174912,31,3,441.36076263979066,30.0,13240.82287919372
H2,55,cold_start_20260830_174912,31,4,441.36076263979066,30.0,13240.82287919372
H2,55,cold_start_20260830_174912,31,5,437.1860672430611,30.0,13115.582017291832
H2,55,cold_start_20260830_174912,31,6,421.1881191042464,30.0,12635.643573127392
H2,55,cold_start_20260830_174912,31,7,417.811638392541,30.0,12534.34915177623
H2,55,cold_start_20260830_174912,31,8,439.338786706542,30.0,13180.16360119626
H2,55,cold_start_20260830_174912,31,9,432.32339931076046,30.0,12969.701979322814
H2,55,cold_start_20260830_174912,31,10,441.36076263979066,30.0,13240.82287919372
H2,55,cold_start_20260830_174912,31,11,441.36076263979066,30.0,13240.82287919372
H2,55,cold_start_20260830_174912,31,12,442.35360330039424,30.0,13270.608099011828
H2,56,cold_start_20260830_174912,32,1,443.82015199463876,30.0,13314.604559839163
H2,56,cold_start_20260830_174912,32,2,443.82015199463876,30.0,13314.604559839163
H2,56,cold_start_20260830_174912,32,3,443.82015199463876,30.0,13314.604559839163
H2,56,cold_start_20260830_174912,32,4,442.7906082262489,30.0,13283.718246787466
H2,56,cold_start_20260830_174912,32,5,437.1860672430611,30.0,13115.582017291832
H2,56,cold_start_20260830_174912,32,6,418.6201259995169,30.0,12558.603779985508
H2,56,cold_start_20260830_174912,32,7,417.81163839254106,30.0,12534.349151776232
H2,56,cold_start_20260830_174912,32,8,439.33878670654207,30.0,13180.163601196262
H2,56,cold_start_20260830_174912,32,9,443.2596285101074,30.0,13297.788855303223
H2,56,cold_start_20260830_174912,32,10,443.82015199463876,30.0,13314.604559839163
H2,56,cold_start_20260830_174912,32,11,443.82015199463876,30.0,13314.604559839163
H2,56,cold_start_20260830_174912,32,12,443.82015199463876,30.0,13314.604559839163
H2,57,cold_start_20260830_174912,33,1,446.263901370698,30.0,13387.917041120942
H2,57,cold_start_20260830_174912,33,2,446.8096680508502,30.0,13404.290041525506
H2,57,cold_start_20260830_174912,33,3,440.62397937473816,30.0,13218.719381242145
H2,57,cold_start_20260830_174912,33,4,438.91392501406654,30.0,13167.417750421995
H2,57,cold_start_20260830_174912,33,5,426.1860672430611,30.0,12785.582017291832
H2,57,cold_start_20260830_174912,33,6,422.7595185917926,30.0,12682.785557753778
H2,57,cold_start_20260830_174912,33,7,410.0696699255027,30.0,12302.090097765082
H2,57,cold_start_20260830_174912,33,8,428.33878670654207,30.0,12850.163601196262
H2,57,cold_start_20260830_174912,33,9,432.2596285101074,30.0,12967.788855303223
H2,57,cold_start_20260830_174912,33,10,446.8096680508497,30.0,13404.290041525492
H2,57,cold_start_20260830_174912,33,11,451.5668151816717,30.0,13547.004455450151
H2,57,cold_start_20260830_174912,33,12,457.2476001141024,30.0,13717.428003423072
H2,58,cold_start_20260830_174912,34,1,448.263901370698,30.0,13447.917041120942
H2,58,cold_start_20260830_174912,34,2,448.8096680508502,30.0,13464.290041525506
H2,58,cold_start_20260830_174912,34,3,448.8096680508497,30.0,13464.290041525492
H2,58,cold_start_20260830_174912,34,4,442.7906082262488,30.0,13283.718246787465
H2,58,cold_start_20260830_174912,34,5,437.1860672430611,30.0,13115.582017291832
H2,58,cold_start_20260830_174912,34,6,424.7595185917926,30.0,12742.785557753778
H2,58,cold_start_20260830_174912,34,7,417.06332944790665,30.0,12511.8998834372
H2,58,cold_start_20260830_174912,34,8,439.33878670654207,30.0,13180.163601196262
H2,58,cold_start_20260830_174912,34,9,435.37507206716356,30.0,13061.252162014907
H2,58,cold_start_20260830_174912,34,10,448.8096680508497,30.0,13464.290041525492
H2,58,cold_start_20260830_174912,34,11,453.5668151816717,30.0,13607.004455450151
H2,58,cold_start_20260830_174912,34,12,459.2476001141024,30.0,13777.428003423072
H2,59,cold_start_20260830_174912,35,1,453.263901370698,30.0,13597.917041120942
H2,59,cold_start_20260830_174912,35,2,453.8096680508502,30.0,13614.290041525506
H2,59,cold_start_20260830_174912,35,3,451.62397937473816,30.0,13548.719381242145
H2,59,cold_start_20260830_174912,35,4,449.91392501406654,30.0,13497.417750421995
H2,59,cold_start_20260830_174912,35,5,437.1860672430611,30.0,13115.582017291832
H2,59,cold_start_20260830_174912,35,6,429.7595185917926,30.0,12892.785557753778
H2,59,cold_start_20260830_174912,35,7,417.81163839254106,30.0,12534.349151776232
H2,59,cold_start_20260830_174912,35,8,439.33878670654207,30.0,13180.163601196262
H2,59,cold_start_20260830_174912,35,9,440.85962851010737,30.0,13225.78885530322
H2,59,cold_start_20260830_174912,35,10,453.8096680508497,30.0,13614.290041525492
H2,59,cold_start_20260830_174912,35,11,458.5668151816717,30.0,13757.004455450151
H2,59,cold_start_20260830_174912,35,12,464.2476001141024,30.0,13927.428003423072
H2,60,cold_start_20260830_174912,36,1,457.263901370698,30.0,13717.917041120942
H2,60,cold_start_20260830_174912,36,2,457.3329221610511,30.0,13719.987664831533
H2,60,cold_start_20260830_174912,36,3,451.62397937473816,30.0,13548.719381242145
H2,60,cold_start_20260830_174912,36,4,447.91392501406654,30.0,13437.417750421995
H2,60,cold_start_20260830_174912,36,5,435.1860672430611,30.0,13055.582017291832
H2,60,cold_start_20260830_174912,36,6,431.7595185917926,30.0,12952.785557753778
H2,60,cold_start_20260830_174912,36,7,419.0696699255027,30.0,12572.090097765082
H2,60,cold_start_20260830_174912,36,8,437.33878670654207,30.0,13120.163601196262
H2,60,cold_start_20260830_174912,36,9,441.2596285101074,30.0,13237.788855303223
H2,60,cold_start_20260830_174912,36,10,457.3329221610511,30.0,13719.987664831533
H2,60,cold_start_20260830_174912,36,11,461.13987986295103,30.0,13834.196395888532
H2,60,cold_start_20260830_174912,36,12,466.2476001141024,30.0,13987.428003423072
B1,0,seed42,0,1,410.44464937562145,30.0,12313.339481268644
B1,0,seed42,0,2,410.44464937562134,30.0,12313.33948126864
B1,0,seed42,0,3,410.4446493756214,30.0,12313.339481268642
B1,0,seed42,0,4,410.4523135750388,30.0,12313.569407251163
B1,0,seed42,0,5,410.4523135750388,30.0,12313.569407251163
B1,0,seed42,0,6,410.4523135750387,30.0,12313.569407251161
B1,0,seed42,0,7,410.4523135750388,30.0,12313.569407251163
B1,0,seed42,0,8,410.4523135750387,30.0,12313.569407251161
B1,0,seed42,0,9,410.4523135750388,30.0,12313.569407251163
B1,0,seed42,0,10,410.45231357503883,30.0,12313.569407251165
B1,0,seed42,0,11,410.4523135750388,30.0,12313.569407251163
B1,0,seed42,0,12,410.4523135750388,30.0,12313.569407251163
B1,1,seed42,1,1,410.89810198526726,30.0,12326.943059558018
B1,1,seed42,1,2,410.89810198526726,30.0,12326.943059558018
B1,1,seed42,1,3,410.89810198526726,30.0,12326.943059558018
B1,1,seed42,1,4,410.8981019852672,30.0,12326.943059558016
B1,1,seed42,1,5,410.8981019852672,30.0,12326.943059558016
B1,1,seed42,1,6,410.89810198526726,30.0,12326.943059558018
B1,1,seed42,1,7,410.89810198526726,30.0,12326.943059558018
B1,1,seed42,1,8,410.8981019852672,30.0,12326.943059558016
B1,1,seed42,1,9,410.89810198526726,30.0,12326.943059558018
B1,1,seed42,1,10,410.89810198526726,30.0,12326.943059558018
B1,1,seed42,1,11,410.89810198526726,30.0,12326.943059558018
B1,1,seed42,1,12,410.8981019852672,30.0,12326.943059558016
B1,2,seed42,2,1,411.3515545949131,30.0,12340.546637847394
B1,2,seed42,2,2,411.3515545949132,30.0,12340.546637847396
B1,2,seed42,2,3,411.3515545949131,30.0,12340.546637847394
B1,2,seed42,2,4,411.3515545949131,30.0,12340.546637847394
B1,2,seed42,2,5,411.3515545949131,30.0,12340.546637847394
B1,2,seed42,2,6,411.3515545949131,30.0,12340.546637847394
B1,2,seed42,2,7,411.3515545949131,30.0,12340.546637847394
B1,2,seed42,2,8,411.3515545949131,30.0,12340.546637847394
B1,2,seed42,2,9,411.3515545949132,30.0,12340.546637847396
B1,2,seed42,2,10,411.3515545949132,30.0,12340.546637847396
B1,2,seed42,2,11,411.3515545949132,30.0,12340.546637847396
B1,2,seed42,2,12,411.3515545949131,30.0,12340.546637847394
B1,3,seed42,3,1,415.8640348984491,30.0,12475.921046953474
B1,3,seed42,3,2,415.8640348984492,30.0,12475.921046953476
B1,3,seed42,3,3,415.8640348984492,30.0,12475.921046953476
B1,3,seed42,3,4,415.86403489844906,30.0,12475.921046953472
B1,3,seed42,3,5,415.86403489844906,30.0,12475.921046953472
B1,3,seed42,3,6,415.86403489844906,30.0,12475.921046953472
B1,3,seed42,3,7,415.86403489844906,30.0,12475.921046953472
B1,3,seed42,3,8,415.86403489844906,30.0,12475.921046953472
B1,3,seed42,3,9,415.8640348984491,30.0,12475.921046953474
B1,3,seed42,3,10,415.86403489844906,30.0,12475.921046953472
B1,3,seed42,3,11,415.8640348984491,30.0,12475.921046953474
B1,3,seed42,3,12,415.8640348984491,30.0,12475.921046953474
B1,4,seed42,4,1,406.2639013706985,30.0,12187.917041120954
B1,4,seed42,4,2,406.8096680508503,30.0,12204.290041525508
B1,4,seed42,4,3,406.80966805085075,30.0,12204.290041525523
B1,4,seed42,4,4,406.8096680508507,30.0,12204.29004152552
B1,4,seed42,4,5,406.80966805085075,30.0,12204.290041525523
B1,4,seed42,4,6,406.8096680508507,30.0,12204.29004152552
B1,4,seed42,4,7,406.80966805085063,30.0,12204.290041525519
B1,4,seed42,4,8,406.8096680508507,30.0,12204.29004152552
B1,4,seed42,4,9,406.80966805085075,30.0,12204.290041525523
B1,4,seed42,4,10,406.8096680508507,30.0,12204.29004152552
B1,4,seed42,4,11,411.56681518167176,30.0,12347.004455450153
B1,4,seed42,4,12,417.2476001141025,30.0,12517.428003423076
B1,5,seed42,5,1,417.77172016747414,30.0,12533.151605024224
B1,5,seed42,5,2,417.77172016747414,30.0,12533.151605024224
B1,5,seed42,5,3,417.77172016747426,30.0,12533.151605024228
B1,5,seed42,5,4,417.77172016747414,30.0,12533.151605024224
B1,5,seed42,5,5,417.77172016747414,30.0,12533.151605024224
B1,5,seed42,5,6,417.7717201674741,30.0,12533.151605024223
B1,5,seed42,5,7,417.7717201674741,30.0,12533.151605024223
B1,5,seed42,5,8,417.7717201674741,30.0,12533.151605024223
B1,5,seed42,5,9,417.7717201674742,30.0,12533.151605024226
B1,5,seed42,5,10,417.77172016747414,30.0,12533.151605024224
B1,5,seed42,5,11,417.7717201674742,30.0,12533.151605024226
B1,5,seed42,5,12,417.7717201674742,30.0,12533.151605024226
B1,6,seed42,6,1,414.26390137069853,30.0,12427.917041120956
B1,6,seed42,6,2,414.8096680508502,30.0,12444.290041525506
B1,6,seed42,6,3,414.80966805084984,30.0,12444.290041525495
B1,6,seed42,6,4,414.8862181509476,30.0,12446.586544528429
B1,6,seed42,6,5,414.8862181509477,30.0,12446.58654452843
B1,6,seed42,6,6,414.88621815094757,30.0,12446.586544528427
B1,6,seed42,6,7,414.88621815094757,30.0,12446.586544528427
B1,6,seed42,6,8,414.88621815094757,30.0,12446.586544528427
B1,6,seed42,6,9,414.8862181509476,30.0,12446.586544528429
B1,6,seed42,6,10,414.88621815094757,30.0,12446.586544528427
B1,6,seed42,6,11,419.5668151816717,30.0,12587.004455450151
B1,6,seed42,6,12,425.24760011410217,30.0,12757.428003423065
B1,7,seed42,7,1,414.26390137069853,30.0,12427.917041120956
B1,7,seed42,7,2,414.8096680508501,30.0,12444.290041525504
B1,7,seed42,7,3,414.80966805084984,30.0,12444.290041525495
B1,7,seed42,7,4,414.80966805084984,30.0,12444.290041525495
B1,7,seed42,7,5,414.8096680508498,30.0,12444.290041525494
B1,7,seed42,7,6,414.8096680508497,30.0,12444.290041525492
B1,7,seed42,7,7,414.8096680508497,30.0,12444.290041525492
B1,7,seed42,7,8,414.8096680508498,30.0,12444.290041525494
B1,7,seed42,7,9,414.8096680508498,30.0,12444.290041525494
B1,7,seed42,7,10,414.80966805084984,30.0,12444.290041525495
B1,7,seed42,7,11,419.5668151816718,30.0,12587.004455450155
B1,7,seed42,7,12,425.24760011410314,30.0,12757.428003423094
B1,8,seed42,8,1,416.2639013706985,30.0,12487.917041120954
B1,8,seed42,8,2,416.8096680508502,30.0,12504.290041525506
B1,8,seed42,8,3,416.80966805084984,30.0,12504.290041525495
B1,8,seed42,8,4,416.8096680508497,30.0,12504.290041525492
B1,8,seed42,8,5,416.8096680508497,30.0,12504.290041525492
B1,8,seed42,8,6,416.8096680508497,30.0,12504.290041525492
B1,8,seed42,8,7,416.8096680508498,30.0,12504.290041525494
B1,8,seed42,8,8,416.8096680508498,30.0,12504.290041525494
B1,8,seed42,8,9,416.8096680508497,30.0,12504.290041525492
B1,8,seed42,8,10,416.80966805084984,30.0,12504.290041525495
B1,8,seed42,8,11,421.56681518167176,30.0,12647.004455450153
B1,8,seed42,8,12,427.2476001141026,30.0,12817.42800342308
B1,9,seed42,9,1,417.26390137069853,30.0,12517.917041120956
B1,9,seed42,9,2,417.80966805085023,30.0,12534.290041525506
B1,9,seed42,9,3,417.80966805085075,30.0,12534.290041525523
B1,9,seed42,9,4,417.8096680508507,30.0,12534.29004152552
B1,9,seed42,9,5,417.80966805085075,30.0,12534.290041525523
B1,9,seed42,9,6,417.80966805085063,30.0,12534.290041525519
B1,9,seed42,9,7,417.80966805085063,30.0,12534.290041525519
B1,9,seed42,9,8,417.8096680508507,30.0,12534.29004152552
B1,9,seed42,9,9,417.80966805085075,30.0,12534.290041525523
B1,9,seed42,9,10,417.80966805085075,30.0,12534.290041525523
B1,9,seed42,9,11,422.5668151816718,30.0,12677.004455450155
B1,9,seed42,9,12,428.2476001141022,30.0,12847.428003423067
B1,10,seed42,10,1,428.3578345096221,30.0,12850.735035288662
B1,10,seed42,10,2,428.3578345096221,30.0,12850.735035288662
B1,10,seed42,10,3,428.35783450962214,30.0,12850.735035288664
B1,10,seed42,10,4,428.3578345096221,30.0,12850.735035288662
B1,10,seed42,10,5,428.3578345096221,30.0,12850.735035288662
B1,10,seed42,10,6,428.3578345096221,30.0,12850.735035288662
B1,10,seed42,10,7,421.0696699255027,30.0,12632.090097765082
B1,10,seed42,10,8,428.3578345096221,30.0,12850.735035288662
B1,10,seed42,10,9,428.3578345096221,30.0,12850.735035288662
B1,10,seed42,10,10,428.3578345096222,30.0,12850.735035288666
B1,10,seed42,10,11,428.35783450962214,30.0,12850.735035288664
B1,10,seed42,10,12,428.35783450962214,30.0,12850.735035288664
B1,11,seed42,11,1,419.263901370698,30.0,12577.917041120942
B1,11,seed42,11,2,427.6619954655098,30.0,12829.859863965294
B1,11,seed42,11,3,427.66199546550985,30.0,12829.859863965296
B1,11,seed42,11,4,427.6619954655098,30.0,12829.859863965294
B1,11,seed42,11,5,427.6619954655098,30.0,12829.859863965294
B1,11,seed42,11,6,427.6619954655098,30.0,12829.859863965294
B1,11,seed42,11,7,421.0696699255027,30.0,12632.090097765082
B1,11,seed42,11,8,427.6619954655098,30.0,12829.859863965294
B1,11,seed42,11,9,427.6619954655098,30.0,12829.859863965294
B1,11,seed42,11,10,427.7199209090753,30.0,12831.59762727226
B1,11,seed42,11,11,427.71992090907503,30.0,12831.597627272251
B1,11,seed42,11,12,430.2476001141024,30.0,12907.428003423072
B1,12,seed42,12,1,425.26390137069797,30.0,12757.91704112094
B1,12,seed42,12,2,425.80966805085023,30.0,12774.290041525506
B1,12,seed42,12,3,425.8096680508507,30.0,12774.29004152552
B1,12,seed42,12,4,425.80966805085063,30.0,12774.290041525519
B1,12,seed42,12,5,425.80966805085063,30.0,12774.290041525519
B1,12,seed42,12,6,425.80966805085063,30.0,12774.290041525519
B1,12,seed42,12,7,421.0696699255027,30.0,12632.090097765082
B1,12,seed42,12,8,425.80966805085063,30.0,12774.290041525519
B1,12,seed42,12,9,425.80966805085063,30.0,12774.290041525519
B1,12,seed42,12,10,425.8096680508507,30.0,12774.29004152552
B1,12,seed42,12,11,430.56681518167176,30.0,12917.004455450153
B1,12,seed42,12,12,436.24760011410314,30.0,13087.428003423094
B1,13,seed42,13,1,428.263901370698,30.0,12847.917041120942
B1,13,seed42,13,2,428.8096680508502,30.0,12864.290041525506
B1,13,seed42,13,3,428.8096680508497,30.0,12864.290041525492
B1,13,seed42,13,4,428.8096680508497,30.0,12864.290041525492
B1,13,seed42,13,5,428.8096680508497,30.0,12864.290041525492
B1,13,seed42,13,6,428.8096680508497,30.0,12864.290041525492
B1,13,seed42,13,7,421.0696699255027,30.0,12632.090097765082
B1,13,seed42,13,8,428.8096680508497,30.0,12864.290041525492
B1,13,seed42,13,9,428.8096680508497,30.0,12864.290041525492
B1,13,seed42,13,10,431.1387164123847,30.0,12934.161492371542
B1,13,seed42,13,11,433.5668151816717,30.0,13007.004455450151
B1,13,seed42,13,12,439.24760011410217,30.0,13177.428003423065
B1,14,seed42,14,1,428.263901370698,30.0,12847.917041120942
B1,14,seed42,14,2,428.8096680508502,30.0,12864.290041525506
B1,14,seed42,14,3,428.8096680508498,30.0,12864.290041525494
B1,14,seed42,14,4,428.8096680508497,30.0,12864.290041525492
B1,14,seed42,14,5,428.8096680508497,30.0,12864.290041525492
B1,14,seed42,14,6,428.8096680508497,30.0,12864.290041525492
B1,14,seed42,14,7,421.0696699255027,30.0,12632.090097765082
B1,14,seed42,14,8,428.8096680508497,30.0,12864.290041525492
B1,14,seed42,14,9,428.8096680508497,30.0,12864.290041525492
B1,14,seed42,14,10,428.8096680508498,30.0,12864.290041525494
B1,14,seed42,14,11,433.56681518167176,30.0,13007.004455450153
B1,14,seed42,14,12,439.2476001141031,30.0,13177.428003423092
B1,15,seed42,15,1,429.2639013706985,30.0,12877.917041120954
B1,15,seed42,15,2,429.80966805085023,30.0,12894.290041525506
B1,15,seed42,15,3,429.8096680508507,30.0,12894.29004152552
B1,15,seed42,15,4,429.80966805085063,30.0,12894.290041525519
B1,15,seed42,15,5,429.80966805085063,30.0,12894.290041525519
B1,15,seed42,15,6,429.80966805085063,30.0,12894.290041525519
B1,15,seed42,15,7,421.0696699255027,30.0,12632.090097765082
B1,15,seed42,15,8,429.80966805085063,30.0,12894.290041525519
B1,15,seed42,15,9,429.80966805085063,30.0,12894.290041525519
B1,15,seed42,15,10,429.86652342345496,30.0,12895.995702703649
B1,15,seed42,15,11,434.5668151816717,30.0,13037.004455450151
B1,15,seed42,15,12,440.24760011410217,30.0,13207.428003423065
B1,16,seed42,16,1,431.26390137069797,30.0,12937.91704112094
B1,16,seed42,16,2,431.80966805085023,30.0,12954.290041525506
B1,16,seed42,16,3,431.8096680508507,30.0,12954.29004152552
B1,16,seed42,16,4,431.80966805085063,30.0,12954.290041525519
B1,16,seed42,16,5,431.80966805085063,30.0,12954.290041525519
B1,16,seed42,16,6,431.80966805085063,30.0,12954.290041525519
B1,16,seed42,16,7,421.0696699255027,30.0,12632.090097765082
B1,16,seed42,16,8,431.80966805085063,30.0,12954.290041525519
B1,16,seed42,16,9,431.80966805085063,30.0,12954.290041525519
B1,16,seed42,16,10,431.8096680508507,30.0,12954.29004152552
B1,16,seed42,16,11,436.5668151816718,30.0,13097.004455450155
B1,16,seed42,16,12,442.2476001141025,30.0,13267.428003423076
B1,17,seed43,0,1,437.725767717515,30.0,13131.77303152545
B1,17,seed43,0,2,437.7257677175149,30.0,13131.773031525447
B1,17,seed43,0,3,437.7257677175148,30.0,13131.773031525445
B1,17,seed43,0,4,437.7257677175149,30.0,13131.773031525447
B1,17,seed43,0,5,437.1860672430611,30.0,13115.582017291832
B1,17,seed43,0,6,433.7595185917926,30.0,13012.785557753778
B1,17,seed43,0,7,421.0696699255027,30.0,12632.090097765082
B1,17,seed43,0,8,437.72576771751477,30.0,13131.773031525443
B1,17,seed43,0,9,437.7257677175148,30.0,13131.773031525445
B1,17,seed43,0,10,437.7257677175148,30.0,13131.773031525445
B1,17,seed43,0,11,437.7257677175149,30.0,13131.773031525447
B1,17,seed43,0,12,443.24760011410217,30.0,13297.428003423065
B1,18,seed43,1,1,432.263901370698,30.0,12967.917041120942
B1,18,seed43,1,2,432.8096680508502,30.0,12984.290041525506
B1,18,seed43,1,3,432.8096680508497,30.0,12984.290041525492
B1,18,seed43,1,4,432.8096680508497,30.0,12984.290041525492
B1,18,seed43,1,5,432.8096680508497,30.0,12984.290041525492
B1,18,seed43,1,6,432.8096680508497,30.0,12984.290041525492
B1,18,seed43,1,7,421.0696699255027,30.0,12632.090097765082
B1,18,seed43,1,8,432.8096680508498,30.0,12984.290041525494
B1,18,seed43,1,9,432.8096680508497,30.0,12984.290041525492
B1,18,seed43,1,10,432.8096680508498,30.0,12984.290041525494
B1,18,seed43,1,11,437.56681518167176,30.0,13127.004455450153
B1,18,seed43,1,12,443.2476001141024,30.0,13297.428003423072
B1,19,seed43,2,1,443.41321643870197,30.0,13302.396493161059
B1,19,seed43,2,2,443.41321643870197,30.0,13302.396493161059
B1,19,seed43,2,3,443.41321643870197,30.0,13302.396493161059
B1,19,seed43,2,4,443.41321643870197,30.0,13302.396493161059
B1,19,seed43,2,5,437.1860672430611,30.0,13115.582017291832
B1,19,seed43,2,6,433.7595185917926,30.0,13012.785557753778
B1,19,seed43,2,7,421.0696699255027,30.0,12632.090097765082
B1,19,seed43,2,8,439.338786706542,30.0,13180.16360119626
B1,19,seed43,2,9,443.2596285101074,30.0,13297.788855303223
B1,19,seed43,2,10,443.41321643870197,30.0,13302.396493161059
B1,19,seed43,2,11,443.4132164387021,30.0,13302.396493161063
B1,19,seed43,2,12,443.413216438702,30.0,13302.39649316106
B1,20,seed43,3,1,443.88832549523795,30.0,13316.649764857139
B1,20,seed43,3,2,443.888325495238,30.0,13316.64976485714
B1,20,seed43,3,3,443.88832549523795,30.0,13316.649764857139
B1,20,seed43,3,4,443.88832549523795,30.0,13316.649764857139
B1,20,seed43,3,5,437.1860672430611,30.0,13115.582017291832
B1,20,seed43,3,6,433.7595185917926,30.0,13012.785557753778
B1,20,seed43,3,7,421.0696699255027,30.0,12632.090097765082
B1,20,seed43,3,8,439.33878670654207,30.0,13180.163601196262
B1,20,seed43,3,9,443.2596285101074,30.0,13297.788855303223
B1,20,seed43,3,10,443.88832549523795,30.0,13316.649764857139
B1,20,seed43,3,11,443.888325495238,30.0,13316.64976485714
B1,20,seed43,3,12,443.888325495238,30.0,13316.64976485714
B1,21,seed43,4,1,444.4525024531778,30.0,13333.575073595333
B1,21,seed43,4,2,444.4525024531777,30.0,13333.575073595332
B1,21,seed43,4,3,444.45250245317766,30.0,13333.57507359533
B1,21,seed43,4,4,444.45250245317766,30.0,13333.57507359533
B1,21,seed43,4,5,437.1860672430611,30.0,13115.582017291832
B1,21,seed43,4,6,433.7595185917926,30.0,13012.785557753778
B1,21,seed43,4,7,421.0696699255027,30.0,12632.090097765082
B1,21,seed43,4,8,439.3387867065421,30.0,13180.163601196264
B1,21,seed43,4,9,443.2596285101074,30.0,13297.788855303223
B1,21,seed43,4,10,444.45250245317766,30.0,13333.57507359533
B1,21,seed43,4,11,444.4525024531777,30.0,13333.575073595332
B1,21,seed43,4,12,444.4525024531777,30.0,13333.575073595332
B1,22,seed43,5,1,445.0166794111102,30.0,13350.500382333306
B1,22,seed43,5,2,445.056979209814,30.0,13351.70937629442
B1,22,seed43,5,3,445.056979209814,30.0,13351.70937629442
B1,22,seed43,5,4,445.056979209814,30.0,13351.70937629442
B1,22,seed43,5,5,437.1860672430611,30.0,13115.582017291832
B1,22,seed43,5,6,433.7595185917926,30.0,13012.785557753778
B1,22,seed43,5,7,421.0696699255027,30.0,12632.090097765082
B1,22,seed43,5,8,439.338786706542,30.0,13180.16360119626
B1,22,seed43,5,9,443.2596285101074,30.0,13297.788855303223
B1,22,seed43,5,10,445.056979209814,30.0,13351.70937629442
B1,22,seed43,5,11,445.0569792098141,30.0,13351.709376294422
B1,22,seed43,5,12,445.056979209814,30.0,13351.70937629442
B1,23,seed42,17,1,441.44148701821183,30.0,13243.244610546355
B1,23,seed42,17,2,441.4414870182118,30.0,13243.244610546353
B1,23,seed42,17,3,441.4414870182118,30.0,13243.244610546353
B1,23,seed42,17,4,441.4414870182118,30.0,13243.244610546353
B1,23,seed42,17,5,437.1860672430611,30.0,13115.582017291832
B1,23,seed42,17,6,433.7595185917926,30.0,13012.785557753778
B1,23,seed42,17,7,421.0696699255027,30.0,12632.090097765082
B1,23,seed42,17,8,439.338786706542,30.0,13180.16360119626
B1,23,seed42,17,9,441.4414870182118,30.0,13243.244610546353
B1,23,seed42,17,10,441.4414870182118,30.0,13243.244610546353
B1,23,seed42,17,11,441.44148701821183,30.0,13243.244610546355
B1,23,seed42,17,12,445.2476001141024,30.0,13357.428003423072
B1,24,seed43,8,1,447.93497659675637,30.0,13438.049297902691
B1,24,seed43,8,2,447.9349765967564,30.0,13438.049297902693
B1,24,seed43,8,3,447.9349765967563,30.0,13438.04929790269
B1,24,seed43,8,4,447.9349765967563,30.0,13438.04929790269
B1,24,seed43,8,5,437.1860672430611,30.0,13115.582017291832
B1,24,seed43,8,6,433.7595185917926,30.0,13012.785557753778
B1,24,seed43,8,7,421.0696699255027,30.0,12632.090097765082
B1,24,seed43,8,8,439.3387867065421,30.0,13180.163601196264
B1,24,seed43,8,9,443.2596285101074,30.0,13297.788855303223
B1,24,seed43,8,10,447.9349765967563,30.0,13438.04929790269
B1,24,seed43,8,11,447.9349765967564,30.0,13438.049297902693
B1,24,seed43,8,12,447.93497659675637,30.0,13438.049297902691
B1,25,seed43,9,1,448.0887449030935,30.0,13442.662347092806
B1,25,seed43,9,2,448.0887449030934,30.0,13442.662347092803
B1,25,seed43,9,3,448.08874490309336,30.0,13442.6623470928
B1,25,seed43,9,4,448.08874490309336,30.0,13442.6623470928
B1,25,seed43,9,5,437.1860672430611,30.0,13115.582017291832
B1,25,seed43,9,6,433.7595185917926,30.0,13012.785557753778
B1,25,seed43,9,7,421.0696699255027,30.0,12632.090097765082
B1,25,seed43,9,8,439.3387867065422,30.0,13180.163601196266
B1,25,seed43,9,9,443.2596285101074,30.0,13297.788855303223
B1,25,seed43,9,10,448.08874490309336,30.0,13442.6623470928
B1,25,seed43,9,11,448.2308203903544,30.0,13446.924611710632
B1,25,seed43,9,12,448.24760011410257,30.0,13447.428003423078
B1,26,seed43,10,1,448.6937270185009,30.0,13460.811810555027
B1,26,seed43,10,2,448.6937270185008,30.0,13460.811810555024
B1,26,seed43,10,3,448.6937270185008,30.0,13460.811810555024
B1,26,seed43,10,4,448.6937270185008,30.0,13460.811810555024
B1,26,seed43,10,5,437.1860672430611,30.0,13115.582017291832
B1,26,seed43,10,6,433.7595185917926,30.0,13012.785557753778
B1,26,seed43,10,7,421.0696699255027,30.0,12632.090097765082
B1,26,seed43,10,8,439.338786706542,30.0,13180.16360119626
B1,26,seed43,10,9,443.2596285101074,30.0,13297.788855303223
B1,26,seed43,10,10,448.6937270185008,30.0,13460.811810555024
B1,26,seed43,10,11,448.6937270185008,30.0,13460.811810555024
B1,26,seed43,10,12,448.6937270185008,30.0,13460.811810555024
B1,27,seed43,11,1,448.6937270185009,30.0,13460.811810555027
B1,27,seed43,11,2,448.69372701850085,30.0,13460.811810555026
B1,27,seed43,11,3,448.6937270185008,30.0,13460.811810555024
B1,27,seed43,11,4,448.6937270185008,30.0,13460.811810555024
B1,27,seed43,11,5,437.1860672430611,30.0,13115.582017291832
B1,27,seed43,11,6,433.7595185917926,30.0,13012.785557753778
B1,27,seed43,11,7,421.0696699255027,30.0,12632.090097765082
B1,27,seed43,11,8,439.33878670654207,30.0,13180.163601196262
B1,27,seed43,11,9,443.2596285101074,30.0,13297.788855303223
B1,27,seed43,11,10,448.6937270185008,30.0,13460.811810555024
B1,27,seed43,11,11,448.6937270185008,30.0,13460.811810555024
B1,27,seed43,11,12,449.2476001141023,30.0,13477.428003423069
B1,28,seed43,12,1,446.77211059372075,30.0,13403.163317811623
B1,28,seed43,12,2,451.6051142380329,30.0,13548.153427140987
B1,28,seed43,12,3,451.6051142380329,30.0,13548.153427140987
B1,28,seed43,12,4,449.91392501406654,30.0,13497.417750421995
B1,28,seed43,12,5,437.1860672430611,30.0,13115.582017291832
B1,28,seed43,12,6,433.7595185917926,30.0,13012.785557753778
B1,28,seed43,12,7,421.0696699255027,30.0,12632.090097765082
B1,28,seed43,12,8,439.338786706542,30.0,13180.16360119626
B1,28,seed43,12,9,443.2596285101074,30.0,13297.788855303223
B1,28,seed43,12,10,451.6051142380329,30.0,13548.153427140987
B1,28,seed43,12,11,451.6051142380329,30.0,13548.153427140987
B1,28,seed43,12,12,451.6051142380329,30.0,13548.153427140987
B1,29,seed43,13,1,457.263901370698,30.0,13717.917041120942
B1,29,seed43,13,2,457.26390137069757,30.0,13717.917041120927
B1,29,seed43,13,3,451.62397937473816,30.0,13548.719381242145
B1,29,seed43,13,4,449.91392501406654,30.0,13497.417750421995
B1,29,seed43,13,5,437.1860672430611,30.0,13115.582017291832
B1,29,seed43,13,6,433.7595185917926,30.0,13012.785557753778
B1,29,seed43,13,7,421.0696699255027,30.0,12632.090097765082
B1,29,seed43,13,8,439.3387867065421,30.0,13180.163601196264
B1,29,seed43,13,9,443.2596285101074,30.0,13297.788855303223
B1,29,seed43,13,10,457.26390137069757,30.0,13717.917041120927
B1,29,seed43,13,11,457.26390137069757,30.0,13717.917041120927
B1,29,seed43,13,12,457.2639013706976,30.0,13717.917041120929
B1,30,seed43,14,1,457.263901370698,30.0,13717.917041120942
B1,30,seed43,14,2,457.8096680508502,30.0,13734.290041525506
B1,30,seed43,14,3,451.62397937473816,30.0,13548.719381242145
B1,30,seed43,14,4,449.91392501406654,30.0,13497.417750421995
B1,30,seed43,14,5,437.1860672430611,30.0,13115.582017291832
B1,30,seed43,14,6,433.7595185917926,30.0,13012.785557753778
B1,30,seed43,14,7,421.0696699255027,30.0,12632.090097765082
B1,30,seed43,14,8,439.33878670654207,30.0,13180.163601196262
B1,30,seed43,14,9,443.2596285101074,30.0,13297.788855303223
B1,30,seed43,14,10,457.8096680508497,30.0,13734.290041525492
B1,30,seed43,14,11,457.8096680508497,30.0,13734.290041525492
B1,30,seed43,14,12,457.8096680508497,30.0,13734.290041525492
B1,31,seed43,15,1,457.263901370698,30.0,13717.917041120942
B1,31,seed43,15,2,457.8096680508502,30.0,13734.290041525506
B1,31,seed43,15,3,451.62397937473816,30.0,13548.719381242145
B1,31,seed43,15,4,449.91392501406654,30.0,13497.417750421995
B1,31,seed43,15,5,437.1860672430611,30.0,13115.582017291832
B1,31,seed43,15,6,433.7595185917926,30.0,13012.785557753778
B1,31,seed43,15,7,421.0696699255027,30.0,12632.090097765082
B1,31,seed43,15,8,439.33878670654207,30.0,13180.163601196262
B1,31,seed43,15,9,443.2596285101074,30.0,13297.788855303223
B1,31,seed43,15,10,457.8096680508497,30.0,13734.290041525492
B1,31,seed43,15,11,461.13987986295103,30.0,13834.196395888532
B1,31,seed43,15,12,461.1398798629507,30.0,13834.19639588852
B1,32,seed42,23,1,457.263901370698,30.0,13717.917041120942
B1,32,seed42,23,2,457.8096680508502,30.0,13734.290041525506
B1,32,seed42,23,3,451.62397937473816,30.0,13548.719381242145
B1,32,seed42,23,4,449.91392501406654,30.0,13497.417750421995
B1,32,seed42,23,5,437.1860672430611,30.0,13115.582017291832
B1,32,seed42,23,6,433.7595185917926,30.0,13012.785557753778
B1,32,seed42,23,7,421.0696699255027,30.0,12632.090097765082
B1,32,seed42,23,8,439.33878670654207,30.0,13180.163601196262
B1,32,seed42,23,9,443.2596285101074,30.0,13297.788855303223
B1,32,seed42,23,10,457.8096680508497,30.0,13734.290041525492
B1,32,seed42,23,11,462.5668151816717,30.0,13877.004455450151
B1,32,seed42,23,12,462.5668151816717,30.0,13877.004455450151
B1,33,seed43,16,1,457.263901370698,30.0,13717.917041120942
B1,33,seed43,16,2,457.8096680508502,30.0,13734.290041525506
B1,33,seed43,16,3,451.62397937473816,30.0,13548.719381242145
B1,33,seed43,16,4,449.91392501406654,30.0,13497.417750421995
B1,33,seed43,16,5,437.1860672430611,30.0,13115.582017291832
B1,33,seed43,16,6,433.7595185917926,30.0,13012.785557753778
B1,33,seed43,16,7,421.0696699255027,30.0,12632.090097765082
B1,33,seed43,16,8,439.33878670654207,30.0,13180.163601196262
B1,33,seed43,16,9,443.2596285101074,30.0,13297.788855303223
B1,33,seed43,16,10,457.8096680508497,30.0,13734.290041525492
B1,33,seed43,16,11,462.5668151816717,30.0,13877.004455450151
B1,33,seed43,16,12,468.2476001141024,30.0,14047.428003423072
