route,global_solution_id,source_run,source_solution_id,status,stored_peak_kw,replay_peak_kw,delta_peak_kw,stored_lcoe_usd_kwh,replay_lcoe_usd_kwh,delta_lcoe_usd_kwh,replay_valid,solve_time_sec
H2,0,warm_start_20260831_030140,0,OPTIMAL,351.2476001141024,351.2476001141024,0.0,0.1940992206737364,0.19409922067373647,8.326672684688674e-17,True,10.834999999999987
H2,1,warm_start_20260831_030140,1,OPTIMAL,352.2476001141024,352.2476001141024,0.0,0.1921594783204994,0.19215947832049945,5.551115123125783e-17,True,10.436999999999998
H2,2,warm_start_20260831_030140,2,OPTIMAL,353.2476001141024,353.2476001141024,0.0,0.1911546434692603,0.19115464346926037,5.551115123125783e-17,True,12.471999999999987
H2,3,warm_start_20260831_030140,3,OPTIMAL,354.2476001141024,354.2476001141024,0.0,0.1906083361450367,0.19060833614503675,5.551115123125783e-17,True,11.183999999999987
H2,4,warm_start_20260831_030140,4,OPTIMAL,355.2476001141024,355.2476001141024,0.0,0.1891082855113361,0.1891082855113361,0.0,True,9.415999999999991
H2,5,warm_start_20260831_030140,5,OPTIMAL,356.2522600419826,356.2522600419826,0.0,0.188107704181706,0.18810770418170608,8.326672684688674e-17,True,10.397999999999998
H2,6,warm_start_20260831_030140,6,OPTIMAL,358.2476001141024,358.2476001141024,0.0,0.1878668687133955,0.18786686871339559,8.326672684688674e-17,True,11.843999999999982
H2,7,warm_start_20260831_030140,7,OPTIMAL,358.6139342315874,358.6139342315874,0.0,0.187070762844149,0.18707076284414903,2.7755575615628914e-17,True,12.055999999999976
H2,8,warm_start_20260831_030140,8,OPTIMAL,361.2476001141024,361.2476001141024,0.0,0.1848962386193645,0.1848962386193645,0.0,True,11.63299999999998
H2,9,warm_start_20260831_030140,9,OPTIMAL,362.052265304304,362.05226530430394,-5.684341886080802e-14,0.1842810581894472,0.1842810581894472,0.0,True,11.772999999999973
H2,10,warm_start_20260831_030140,10,OPTIMAL,364.2476001141024,364.2476001141024,0.0,0.183699646115363,0.18369964611536305,5.551115123125783e-17,True,11.956999999999992
H2,11,warm_start_20260831_030140,11,OPTIMAL,366.69099209102114,366.69099209102114,0.0,0.1830445120640078,0.18304451206400787,8.326672684688674e-17,True,11.642999999999981
H2,12,warm_start_20260831_030140,12,OPTIMAL,369.21438560785737,369.21438560785737,0.0,0.1828125580574107,0.1828125580574107,0.0,True,11.769999999999989
H2,13,warm_start_20260831_030140,13,OPTIMAL,369.8845469503185,369.8845469503185,0.0,0.1819240803207736,0.1819240803207736,0.0,True,12.037999999999991
H2,14,warm_start_20260831_030140,14,OPTIMAL,371.2476001141024,371.2476001141024,0.0,0.1814814678485158,0.18148146784851588,8.326672684688674e-17,True,11.961999999999987
H2,15,warm_start_20260831_030140,15,OPTIMAL,374.2476001141024,374.2476001141024,0.0,0.1811360334533573,0.18113603345335733,2.7755575615628914e-17,True,11.90299999999998
H2,16,warm_start_20260831_030140,16,OPTIMAL,375.2476001141024,375.2476001141024,0.0,0.1801858679452257,0.18018586794522573,2.7755575615628914e-17,True,9.544999999999991
H2,17,warm_start_20260831_030140,17,OPTIMAL,376.2476001141024,376.2476001141024,0.0,0.1797351141556438,0.17973511415564386,5.551115123125783e-17,True,9.591999999999999
H2,18,warm_start_20260831_030140,18,OPTIMAL,377.23945331429786,377.23945331429786,0.0,0.179370032719817,0.17937003271981708,8.326672684688674e-17,True,9.618999999999998
H2,19,warm_start_20260831_030140,19,OPTIMAL,377.2476001141024,377.2476001141024,0.0,0.1778909995986625,0.17789099959866253,2.7755575615628914e-17,True,11.236999999999991
H2,20,warm_start_20260831_030140,20,OPTIMAL,380.2476001141024,380.2476001141024,0.0,0.1777144879755587,0.1777144879755587,0.0,True,9.73799999999999
H2,21,warm_start_20260831_030140,21,OPTIMAL,381.9500064836302,381.9500064836302,0.0,0.1763554961296084,0.1763554961296084,0.0,True,9.692
H2,22,warm_start_20260831_030140,22,OPTIMAL,384.2476001141024,384.2476001141024,0.0,0.1753223458816753,0.1753223458816753,0.0,True,10.15799999999999
H2,23,warm_start_20260831_030140,23,OPTIMAL,385.2476001141024,385.2476001141024,0.0,0.1739353559381551,0.17393535593815512,2.7755575615628914e-17,True,12.633999999999991
H2,24,warm_start_20260831_030140,24,OPTIMAL,386.2476001141024,386.2476001141024,0.0,0.1739205686402528,0.17392056864025282,2.7755575615628914e-17,True,12.265999999999984
H2,25,warm_start_20260831_030140,25,OPTIMAL,387.2476001141024,387.2476001141024,0.0,0.1725858493832217,0.17258584938322175,5.551115123125783e-17,True,11.897999999999996
H2,26,warm_start_20260831_030140,26,OPTIMAL,389.4913761896632,389.49137618966324,5.684341886080802e-14,0.1720445985024824,0.1720445985024824,0.0,True,11.760999999999981
H2,27,warm_start_20260831_030140,27,OPTIMAL,390.5644295673601,390.5644295673601,0.0,0.1711753558107001,0.17117535581070017,8.326672684688674e-17,True,10.14699999999999
H2,28,warm_start_20260831_030140,28,OPTIMAL,392.2476001141024,392.2476001141024,0.0,0.1704329653568099,0.17043296535680993,2.7755575615628914e-17,True,10.084
H2,29,warm_start_20260831_030140,29,OPTIMAL,393.2476001141024,393.2476001141024,0.0,0.1696345910298315,0.16963459102983153,2.7755575615628914e-17,True,10.531999999999998
H2,30,cold_start_20260830_174912,6,OPTIMAL,396.2476001141024,396.2476001141024,0.0,0.168111081056778,0.16811108105677808,8.326672684688674e-17,True,10.096999999999992
H2,31,cold_start_20260830_174912,7,OPTIMAL,398.2476001141024,398.2476001141024,0.0,0.1678128710398972,0.1678128710398972,0.0,True,10.204000000000008
H2,32,cold_start_20260830_174912,8,OPTIMAL,399.2476001141024,399.2476001141024,0.0,0.1674704637923121,0.16747046379231217,8.326672684688674e-17,True,10.595999999999993
H2,33,cold_start_20260830_174912,9,OPTIMAL,399.9081249317324,399.90812493173235,-5.684341886080802e-14,0.1669851234583562,0.1669851234583562,0.0,True,15.872999999999989
H2,34,cold_start_20260830_174912,10,OPTIMAL,400.2476001141024,400.2476001141024,0.0,0.1664921591060872,0.16649215910608722,2.7755575615628914e-17,True,10.125999999999989
H2,35,cold_start_20260830_174912,11,OPTIMAL,403.2476001141024,403.2476001141024,0.0,0.1662783368718746,0.16627833687187463,2.7755575615628914e-17,True,10.924999999999986
H2,36,cold_start_20260830_174912,12,OPTIMAL,403.6642641627534,403.6642641627534,0.0,0.1652410276253437,0.1652410276253437,0.0,True,15.679999999999987
H2,37,cold_start_20260830_174912,13,OPTIMAL,404.2476001141024,404.2476001141024,0.0,0.1651489040904277,0.1651489040904277,0.0,True,21.685999999999975
H2,38,cold_start_20260830_174912,14,OPTIMAL,405.2476001141024,405.2476001141024,0.0,0.1648750254705174,0.1648750254705174,0.0,True,22.587000000000003
H2,39,cold_start_20260830_174912,15,OPTIMAL,406.2318256052895,406.2318256052895,0.0,0.1643237486272318,0.1643237486272318,0.0,True,13.770999999999988
H2,40,cold_start_20260830_174912,16,OPTIMAL,407.2476001141024,407.2476001141024,0.0,0.1640030798212372,0.1640030798212372,0.0,True,13.936999999999989
H2,41,cold_start_20260830_174912,17,OPTIMAL,409.2257929892148,409.2257929892148,0.0,0.1616318346458821,0.1616318346458821,0.0,True,13.600999999999976
H2,42,cold_start_20260830_174912,18,OPTIMAL,413.2444705279062,413.2444705279062,0.0,0.1615583756877379,0.1615583756877379,0.0,True,13.868999999999991
H2,43,cold_start_20260830_174912,19,OPTIMAL,415.525792989215,415.525792989215,0.0,0.1609312956483505,0.16093129564835054,5.551115123125783e-17,True,12.788999999999984
H2,44,cold_start_20260830_174912,20,OPTIMAL,416.2476001141024,416.2476001141024,0.0,0.1607414032066769,0.16074140320667693,2.7755575615628914e-17,True,12.582999999999984
H2,45,cold_start_20260830_174912,21,OPTIMAL,416.708559535566,416.708559535566,0.0,0.1603264142720194,0.16032641427201946,5.551115123125783e-17,True,12.217999999999993
H2,46,cold_start_20260830_174912,22,OPTIMAL,417.6075019108348,417.6075019108348,0.0,0.159091688582614,0.159091688582614,0.0,True,12.829999999999991
H2,47,cold_start_20260830_174912,23,OPTIMAL,420.2040016631363,420.2040016631363,0.0,0.1581494497185158,0.15814944971851586,5.551115123125783e-17,True,12.534999999999993
H2,48,cold_start_20260830_174912,24,OPTIMAL,422.3718753759081,422.3718753759081,0.0,0.1568482658880926,0.15684826588809264,5.551115123125783e-17,True,12.239999999999993
H2,49,cold_start_20260830_174912,25,OPTIMAL,424.2476001141024,424.2476001141024,0.0,0.1558592571612314,0.15585925716123147,8.326672684688674e-17,True,12.507
H2,50,cold_start_20260830_174912,26,OPTIMAL,428.9476228014519,428.94762280145187,-5.684341886080802e-14,0.1543380188643187,0.15433801886431872,2.7755575615628914e-17,True,11.899999999999995
H2,51,cold_start_20260830_174912,27,OPTIMAL,431.2476001141024,431.2476001141024,0.0,0.1540310924193837,0.15403109241938376,5.551115123125783e-17,True,12.193
H2,52,cold_start_20260830_174912,28,OPTIMAL,435.2476001141024,435.2476001141024,0.0,0.153152435855222,0.15315243585522206,5.551115123125783e-17,True,11.882999999999983
H2,53,cold_start_20260830_174912,29,OPTIMAL,436.8806710097879,436.8806710097879,0.0,0.1529465479376509,0.15294654793765097,8.326672684688674e-17,True,12.141999999999976
H2,54,cold_start_20260830_174912,30,OPTIMAL,438.2476001141024,438.2476001141024,0.0,0.1514607160103072,0.15146071601030728,8.326672684688674e-17,True,11.807999999999987
H2,55,cold_start_20260830_174912,31,OPTIMAL,442.35360330039424,442.35360330039424,0.0,0.1507531692177357,0.1507531692177357,0.0,True,12.345999999999991
H2,56,cold_start_20260830_174912,32,OPTIMAL,443.8201519946388,443.82015199463876,-5.684341886080802e-14,0.1481620181154153,0.14816201811541538,8.326672684688674e-17,True,13.387999999999979
H2,57,cold_start_20260830_174912,33,OPTIMAL,457.2476001141024,457.2476001141024,0.0,0.1462597824230723,0.14625978242307236,5.551115123125783e-17,True,9.536999999999983
H2,58,cold_start_20260830_174912,34,OPTIMAL,459.2476001141024,459.2476001141024,0.0,0.1457608918658615,0.14576089186586152,2.7755575615628914e-17,True,13.207000000000004
H2,59,cold_start_20260830_174912,35,OPTIMAL,464.2476001141024,464.2476001141024,0.0,0.1428990508278387,0.14289905082783871,2.7755575615628914e-17,True,13.771999999999991
H2,60,cold_start_20260830_174912,36,OPTIMAL,466.2476001141024,466.2476001141024,0.0,0.1422749667151897,0.14227496671518972,2.7755575615628914e-17,True,9.77799999999998
B1,0,seed42,0,OPTIMAL,410.4523135750388,410.45231357503883,5.684341886080802e-14,0.1896951589458584,0.18969515894585845,5.551115123125783e-17,True,8.934999999999985
B1,1,seed42,1,OPTIMAL,410.89810198526726,410.89810198526726,0.0,0.1896638543215509,0.18966385432155097,8.326672684688674e-17,True,10.004999999999988
B1,2,seed42,2,OPTIMAL,411.3515545949132,411.3515545949132,0.0,0.1896327739858213,0.18963277398582132,2.7755575615628914e-17,True,8.648999999999981
B1,3,seed42,3,OPTIMAL,415.8640348984492,415.8640348984492,0.0,0.1889148842379263,0.1889148842379263,0.0,True,8.498000000000001
B1,4,seed42,4,OPTIMAL,417.2476001141025,417.2476001141025,0.0,0.1880357124302613,0.18803571243026138,8.326672684688674e-17,True,7.412000000000004
B1,5,seed42,5,OPTIMAL,417.7717201674743,417.77172016747426,-5.684341886080802e-14,0.1874495245897559,0.18744952458975594,5.551115123125783e-17,True,7.474999999999987
B1,6,seed42,6,OPTIMAL,425.24760011410217,425.24760011410217,0.0,0.1869900375412441,0.18699003754124413,2.7755575615628914e-17,True,8.261999999999974
B1,7,seed42,7,OPTIMAL,425.2476001141032,425.24760011410314,-5.684341886080802e-14,0.1862552695362151,0.1862552695362151,0.0,True,8.56099999999999
B1,8,seed42,8,OPTIMAL,427.2476001141026,427.2476001141026,0.0,0.1861305528652083,0.18613055286520835,5.551115123125783e-17,True,8.461999999999989
B1,9,seed42,9,OPTIMAL,428.2476001141022,428.2476001141022,0.0,0.1856939619004292,0.18569396190042922,2.7755575615628914e-17,True,8.224999999999993
B1,10,seed42,10,OPTIMAL,428.3578345096222,428.3578345096222,0.0,0.185306319655312,0.18530631965531205,5.551115123125783e-17,True,8.450999999999992
B1,11,seed42,11,OPTIMAL,430.2476001141024,430.2476001141024,0.0,0.1844669162026829,0.18446691620268293,2.7755575615628914e-17,True,8.003999999999976
B1,12,seed42,12,OPTIMAL,436.2476001141032,436.24760011410314,-5.684341886080802e-14,0.1844436944185219,0.18444369441852193,2.7755575615628914e-17,True,8.126999999999986
B1,13,seed42,13,OPTIMAL,439.24760011410217,439.24760011410217,0.0,0.1842310197452163,0.18423101974521638,8.326672684688674e-17,True,8.360999999999981
B1,14,seed42,14,OPTIMAL,439.2476001141031,439.2476001141031,0.0,0.1841112831778918,0.18411128317789185,5.551115123125783e-17,True,7.684999999999988
B1,15,seed42,15,OPTIMAL,440.24760011410217,440.24760011410217,0.0,0.1838903840195606,0.1838903840195606,0.0,True,7.946999999999987
B1,16,seed42,16,OPTIMAL,442.2476001141025,442.2476001141025,0.0,0.1826997698082532,0.1826997698082532,0.0,True,7.838000000000001
B1,17,seed43,0,OPTIMAL,443.24760011410217,443.24760011410217,0.0,0.1824317355828486,0.18243173558284864,5.551115123125783e-17,True,7.330999999999985
B1,18,seed43,1,OPTIMAL,443.2476001141024,443.2476001141024,0.0,0.1819924357681663,0.18199243576816634,5.551115123125783e-17,True,7.804999999999984
B1,19,seed43,2,OPTIMAL,443.4132164387021,443.4132164387021,0.0,0.1818002142053701,0.18180021420537015,5.551115123125783e-17,True,7.584999999999985
B1,20,seed43,3,OPTIMAL,443.888325495238,443.888325495238,0.0,0.1817663688987137,0.18176636889871373,2.7755575615628914e-17,True,6.937
B1,21,seed43,4,OPTIMAL,444.4525024531778,444.4525024531778,0.0,0.1817269387936106,0.18172693879361065,5.551115123125783e-17,True,7.731999999999983
B1,22,seed43,5,OPTIMAL,445.0569792098141,445.0569792098141,0.0,0.1816927970705297,0.18169279707052974,2.7755575615628914e-17,True,8.149999999999991
B1,23,seed42,17,OPTIMAL,445.2476001141024,445.2476001141024,0.0,0.1798323053306534,0.17983230533065347,8.326672684688674e-17,True,8.252999999999973
B1,24,seed43,8,OPTIMAL,447.9349765967564,447.9349765967564,0.0,0.1786353756972715,0.17863537569727153,2.7755575615628914e-17,True,7.939999999999995
B1,25,seed43,9,OPTIMAL,448.24760011410257,448.24760011410257,0.0,0.1785389203925819,0.17853892039258196,5.551115123125783e-17,True,8.033999999999988
B1,26,seed43,10,OPTIMAL,448.6937270185009,448.6937270185009,0.0,0.1770125942932474,0.17701259429324742,2.7755575615628914e-17,True,8.03499999999999
B1,27,seed43,11,OPTIMAL,449.2476001141023,449.2476001141023,0.0,0.176811587805854,0.176811587805854,0.0,True,7.890999999999997
B1,28,seed43,12,OPTIMAL,451.6051142380329,451.6051142380329,0.0,0.1760417945530227,0.17604179455302274,2.7755575615628914e-17,True,7.321999999999987
B1,29,seed43,13,OPTIMAL,457.263901370698,457.263901370698,0.0,0.1756872637582665,0.17568726375826652,2.7755575615628914e-17,True,8.09199999999997
B1,30,seed43,14,OPTIMAL,457.8096680508502,457.8096680508502,0.0,0.1682453963728939,0.16824539637289398,8.326672684688674e-17,True,8.583999999999977
B1,31,seed43,15,OPTIMAL,461.13987986295103,461.13987986295103,0.0,0.167261545367826,0.16726154536782603,2.7755575615628914e-17,True,8.647999999999982
B1,32,seed42,23,OPTIMAL,462.5668151816717,462.5668151816717,0.0,0.166196214672857,0.16619621467285703,2.7755575615628914e-17,True,8.646999999999984
B1,33,seed43,16,OPTIMAL,468.2476001141024,468.2476001141024,0.0,0.1426389278527557,0.14263892785275575,5.551115123125783e-17,True,8.832999999999974
