b1_source_run,b1_source_solution_id,h2_global_solution_id,h2_source_run,h2_source_solution_id,n_h2_dominators,objective_distance,b1_lcoe_usd_kwh,h2_lcoe_usd_kwh,h2_lcoe_advantage_usd_kwh,h2_lcoe_advantage_percent,b1_peak_kw,h2_peak_kw,h2_peak_advantage_kw,h2_peak_advantage_percent,b1_pv_kw,h2_pv_kw,delta_pv_h2_minus_b1_kw,b1_bsv_kwh,h2_bsv_kwh,delta_bsv_h2_minus_b1_kwh,b1_capex_usd,h2_capex_usd,h2_capex_advantage_usd,h2_capex_advantage_percent,b1_E_grid_kwh,h2_E_grid_kwh,h2_grid_energy_advantage_kwh,h2_grid_energy_advantage_percent,b1_grid_dependency_ratio,h2_grid_dependency_ratio,h2_grid_dependency_advantage_pp,b1_chp_kw,b1_biomethane_storage_nm3,h2_fuelcell_kw,h2_electrolyzer_kw,h2_tank_kg,delta_dispatchable_electric_kw_h2_minus_b1
seed42,0,20,warm_start_20260831_030140,20,38,0.34654034874626494,0.1896951589458584,0.1777144879755587,0.0119806709702997,6.315749456589533,410.4523135750388,380.2476001141024,30.204713460936375,7.358884933027514,303.0,773.0,470.0,50.0,1272.0,1222.0,635858.0,1961640.0,-1325782.0,-208.50284182946507,1704078.168846638,1066489.2780306388,637588.8908159991,37.41547204067141,0.7513254002618845,0.4702134551924365,28.111194506944802,63.0,369.0,88.0,369.0,94.0,25.0
seed42,1,20,warm_start_20260831_030140,20,38,0.3489886340704329,0.1896638543215509,0.1777144879755587,0.011949366345992196,6.300286572123315,410.89810198526726,380.2476001141024,30.650501871164863,7.459392419452898,301.0,773.0,472.0,49.0,1272.0,1223.0,633476.0,1961640.0,-1328164.0,-209.66287594163,1705539.2499422634,1066489.2780306388,639049.9719116245,37.469086210314885,0.7519695886324972,0.4702134551924365,28.175613344006067,63.0,368.0,88.0,369.0,94.0,25.0
seed42,2,20,warm_start_20260831_030140,20,38,0.35151457969572386,0.1896327739858213,0.1777144879755587,0.011918286010262596,6.284929424253277,411.3515545949132,380.2476001141024,31.103954480810785,7.561404383518385,299.0,773.0,474.0,48.0,1272.0,1224.0,631094.0,1961640.0,-1330546.0,-210.83166691491283,1707008.3436271965,1066489.2780306388,640519.0655965577,37.522901864412,0.7526173097412076,0.4702134551924365,28.240385454877103,63.0,367.0,88.0,369.0,94.0,25.0
seed42,3,20,warm_start_20260831_030140,20,39,0.3733321258643872,0.1889148842379263,0.1777144879755587,0.011200396262367601,5.928805613993555,415.8640348984492,380.2476001141024,35.61643478434678,8.56444217231818,290.0,773.0,483.0,55.0,1272.0,1217.0,616720.0,1961640.0,-1344920.0,-218.0762744843689,1715505.6743248964,1066489.2780306388,649016.3962942576,37.832366631469476,0.7563637695599658,0.4702134551924365,28.615031436752925,62.0,350.0,88.0,369.0,94.0,26.0
seed42,4,20,warm_start_20260831_030140,20,40,0.3737262213655157,0.1880357124302613,0.1777144879755587,0.010321224454702599,5.488970324469899,417.2476001141025,380.2476001141024,37.000000000000114,8.867636384219328,268.0,773.0,505.0,69.0,1272.0,1203.0,557224.0,1961640.0,-1404416.0,-252.0379595997301,1728208.3270535602,1066489.2780306388,661719.0490229214,38.28931030271639,0.7619643492870158,0.4702134551924365,29.175089409457932,51.0,382.0,88.0,369.0,94.0,37.0
seed42,5,22,warm_start_20260831_030140,22,40,0.369944210338955,0.1874495245897559,0.1753223458816753,0.012127178708080583,6.469570266780678,417.7717201674743,384.2476001141024,33.52412005337192,8.02450679043879,268.0,741.0,473.0,69.0,1340.0,1271.0,551230.0,1920800.0,-1369570.0,-248.4570868784355,1737340.9580901563,1070059.5641302571,667281.3939598992,38.40820023568867,0.7659909120318803,0.4717875887514979,29.42033232803824,51.0,345.0,84.0,360.0,93.0,33.0
seed42,6,22,warm_start_20260831_030140,22,42,0.4165179061443164,0.1869900375412441,0.1753223458816753,0.011667691659568796,6.239739727842598,425.24760011410217,384.2476001141024,40.99999999999977,9.641441830359225,257.0,741.0,484.0,63.0,1340.0,1277.0,503200.0,1920800.0,-1417600.0,-281.7170111287759,1751391.4319615308,1070059.5641302571,681331.8678312737,38.90231820240166,0.7721857439933885,0.4717875887514979,30.039815524189056,43.0,330.0,84.0,360.0,93.0,41.0
seed42,7,22,warm_start_20260831_030140,22,42,0.4090282300998038,0.1862552695362151,0.1753223458816753,0.010932923654539795,5.869860048396655,425.2476001141032,384.2476001141024,41.000000000000796,9.641441830359444,248.0,741.0,493.0,77.0,1340.0,1263.0,494040.0,1920800.0,-1426760.0,-288.794429600842,1753933.5228707297,1070059.5641302571,683873.9587404726,38.990871080515646,0.773306547900611,0.4717875887514979,30.151895914911314,43.0,310.0,84.0,360.0,93.0,41.0
seed42,8,26,warm_start_20260831_030140,26,42,0.4219165770470068,0.1861305528652083,0.1720445985024824,0.014085954362725889,7.567781939017089,427.2476001141026,389.4913761896632,37.75622392443944,8.837082739459765,227.0,740.0,513.0,79.0,1375.0,1296.0,472288.0,1830200.0,-1357912.0,-287.51778575784266,1769224.0383449723,1100978.0932851234,668245.945059849,37.77056667650538,0.7800481122659779,0.485419519913735,29.462859235224293,41.0,354.0,79.0,317.0,85.0,38.0
seed42,9,26,warm_start_20260831_030140,26,42,0.42319538668032763,0.1856939619004292,0.1720445985024824,0.013649363397946784,7.350461618814347,428.2476001141022,389.4913761896632,38.75622392443904,9.049957060848172,231.0,740.0,509.0,69.0,1375.0,1306.0,455348.0,1830200.0,-1374852.0,-301.93434472096067,1770364.5517988568,1100978.0932851234,669386.4585137335,37.81065644550858,0.7805509628645649,0.485419519913735,29.513144295082995,40.0,264.0,79.0,317.0,85.0,39.0
seed42,10,26,warm_start_20260831_030140,26,42,0.4193271531508724,0.185306319655312,0.1720445985024824,0.013261721152829586,7.156648071958741,428.3578345096222,389.4913761896632,38.86645831995901,9.0733623127152,245.0,740.0,495.0,105.0,1375.0,1270.0,494712.0,1830200.0,-1335488.0,-269.9526188974595,1759194.7947752173,1100978.0932851234,658216.701490094,37.41579405788307,0.775626234457127,0.485419519913735,29.020671454339197,41.0,346.0,79.0,317.0,85.0,38.0
seed42,11,35,cold_start_20260830_174912,11,42,0.42003803779748433,0.1844669162026829,0.1662783368718746,0.018188579330808308,9.860076649638149,430.2476001141024,403.2476001141024,27.0,6.275456270491585,231.0,683.0,452.0,97.0,1485.0,1388.0,450758.0,1697000.0,-1246242.0,-276.4769565931165,1771509.520806295,1129105.8245040884,642403.6963022067,36.26306766953301,0.7810557779097477,0.4978209926295383,28.32347852802094,38.0,249.0,65.0,278.0,78.0,27.0
seed42,12,35,cold_start_20260830_174912,11,44,0.44990678433732667,0.1844436944185219,0.1662783368718746,0.018165357546647304,9.848727875417753,436.2476001141032,403.2476001141024,33.000000000000796,7.564511527712575,252.0,683.0,431.0,113.0,1485.0,1372.0,461010.0,1697000.0,-1235990.0,-268.1048133446129,1764727.9411537703,1129105.8245040884,635622.1166496819,36.01813638390716,0.7780657900441736,0.4978209926295383,28.024479741463537,32.0,315.0,65.0,278.0,78.0,33.0
seed42,13,35,cold_start_20260830_174912,11,45,0.463333242614594,0.1842310197452163,0.1662783368718746,0.017952682873341702,9.744658037592965,439.24760011410217,403.2476001141024,35.99999999999977,8.19583305421547,240.0,683.0,443.0,70.0,1485.0,1415.0,403256.0,1697000.0,-1293744.0,-320.824488662289,1784026.2302164298,1129105.8245040884,654920.4057123414,36.710245321498974,0.7865743755183866,0.4978209926295383,28.875338288884834,29.0,168.0,65.0,278.0,78.0,36.0
seed42,14,35,cold_start_20260830_174912,11,45,0.46160837796864523,0.1841112831778918,0.1662783368718746,0.0178329463060172,9.685960576781527,439.2476001141031,403.2476001141024,36.00000000000068,8.19583305421566,251.0,683.0,432.0,113.0,1485.0,1372.0,445100.0,1697000.0,-1251900.0,-281.262637609526,1769946.825426872,1129105.8245040884,640841.0009227835,36.206793996097986,0.7803667879602858,0.4978209926295383,28.254579533074754,29.0,300.0,65.0,278.0,78.0,36.0
seed42,15,35,cold_start_20260830_174912,11,45,0.4642195022587269,0.1838903840195606,0.1662783368718746,0.017612047147685994,9.577470427062996,440.24760011410217,403.2476001141024,36.99999999999977,8.404361543461047,249.0,683.0,434.0,114.0,1485.0,1371.0,437216.0,1697000.0,-1259784.0,-288.13767108248555,1772328.008864056,1129105.8245040884,643222.1843599677,36.29250235526268,0.7814166480146811,0.4978209926295383,28.359565538514286,28.0,288.0,65.0,278.0,78.0,37.0
seed42,16,35,cold_start_20260830_174912,11,42,0.45990896920647095,0.1826997698082532,0.1662783368718746,0.0164214329363786,8.988206692111982,442.2476001141025,403.2476001141024,39.000000000000114,8.818589403297583,241.0,683.0,442.0,129.0,1485.0,1356.0,414314.0,1697000.0,-1282686.0,-309.5927243588196,1776689.3712353902,1129105.8245040884,647583.5467313018,36.4488895591814,0.783339565865068,0.4978209926295383,28.551857323552976,26.0,227.0,65.0,278.0,78.0,39.0
seed43,0,35,cold_start_20260830_174912,11,43,0.46264067781116025,0.1824317355828486,0.1662783368718746,0.016153398710973987,8.854489411815177,443.24760011410217,403.2476001141024,39.99999999999977,9.024301539298317,229.0,683.0,454.0,118.0,1485.0,1367.0,388120.0,1697000.0,-1308880.0,-337.2359064206946,1787853.8706342364,1129105.8245040884,658748.046130148,36.84574320922878,0.7882619761939551,0.4978209926295383,29.044098356441683,25.0,180.0,65.0,278.0,78.0,40.0
seed43,1,35,cold_start_20260830_174912,11,43,0.45697257600239183,0.1819924357681663,0.1662783368718746,0.01571409889629169,8.634479136434727,443.2476001141024,403.2476001141024,40.0,9.024301539298364,223.0,683.0,460.0,134.0,1485.0,1351.0,387422.0,1697000.0,-1309578.0,-338.0236537935378,1787570.2016043605,1129105.8245040884,658464.3771002721,36.83572127736826,0.7881369069622087,0.4978209926295383,29.031591433267046,25.0,191.0,65.0,278.0,78.0,40.0
seed43,2,35,cold_start_20260830_174912,11,42,0.45558559490572403,0.1818002142053701,0.1662783368718746,0.015521877333495498,8.537876262324563,443.4132164387021,403.2476001141024,40.16561632459968,9.058281268021748,208.0,683.0,475.0,135.0,1485.0,1350.0,373452.0,1697000.0,-1323548.0,-354.4091342394739,1799086.5322312769,1129105.8245040884,669980.7077271885,37.240049087369904,0.7932144391294522,0.4978209926295383,29.539344649991396,25.0,196.0,65.0,278.0,78.0,40.0
seed43,3,35,cold_start_20260830_174912,11,43,0.4582270492414174,0.1817663688987137,0.1662783368718746,0.0154880320268391,8.520845809198923,443.888325495238,403.2476001141024,40.64072538113561,9.15561934092173,208.0,683.0,475.0,136.0,1485.0,1349.0,373672.0,1697000.0,-1323328.0,-354.1416001198912,1798964.0845697438,1129105.8245040884,669858.2600656555,37.23577729045462,0.7931604521469333,0.4978209926295383,29.533945951739504,25.0,196.0,65.0,278.0,78.0,40.0
seed43,4,35,cold_start_20260830_174912,11,43,0.4614011468084031,0.1817269387936106,0.1662783368718746,0.015448601921736,8.500997168769324,444.4525024531778,403.2476001141024,41.204902339075375,9.270934939423867,207.0,683.0,476.0,137.0,1485.0,1348.0,372892.0,1697000.0,-1324108.0,-355.0915546592579,1799505.1672615218,1129105.8245040884,670399.3427574334,37.25464949776409,0.7933990146597375,0.4978209926295383,29.55780220301992,25.0,196.0,65.0,278.0,78.0,40.0
seed43,5,35,cold_start_20260830_174912,11,43,0.46493484919275263,0.1816927970705297,0.1662783368718746,0.015414460198655111,8.483803676967728,445.0569792098141,403.2476001141024,41.80937909571168,9.394163230502087,207.0,683.0,476.0,138.0,1485.0,1347.0,373112.0,1697000.0,-1323888.0,-354.8232166212826,1799388.2972217211,1129105.8245040884,670282.4727176328,37.25057419527278,0.7933474868419196,0.4978209926295383,29.55264942123813,25.0,196.0,65.0,278.0,78.0,40.0
seed42,17,44,cold_start_20260830_174912,20,40,0.44400265440932524,0.1798323053306534,0.1607414032066769,0.01909090212397649,10.615946945057786,445.2476001141024,416.2476001141024,29.0,6.513229940502374,249.0,589.0,340.0,230.0,1425.0,1195.0,439668.0,1467900.0,-1028232.0,-233.86555309915664,1758377.6358924666,1219212.154183221,539165.4817092456,30.662667148606648,0.7752659503833771,0.5375487325008402,23.771721788253686,23.0,274.0,52.0,218.0,103.0,29.0
seed43,8,44,cold_start_20260830_174912,20,38,0.4388275910640267,0.1786353756972715,0.1607414032066769,0.0178939724905946,10.017037454506788,447.9349765967564,416.2476001141024,31.68737648265403,7.07410185366701,242.0,589.0,347.0,255.0,1425.0,1170.0,425960.0,1467900.0,-1041940.0,-244.60982251854634,1760303.2287829416,1219212.154183221,541091.0745997205,30.738515146269783,0.7761149412780594,0.5375487325008402,23.856620877721912,21.0,250.0,52.0,218.0,103.0,31.0
seed43,9,44,cold_start_20260830_174912,20,38,0.43902426663125454,0.1785389203925819,0.1607414032066769,0.017797517185905,9.96842433390477,448.24760011410257,416.2476001141024,32.00000000000017,7.138911617564599,212.0,589.0,377.0,253.0,1425.0,1172.0,395410.0,1467900.0,-1072490.0,-271.234920715207,1779584.0446846276,1219212.154183221,560371.8905014065,31.488925301120794,0.7846158228629191,0.5375487325008402,24.706709036207886,20.0,275.0,52.0,218.0,103.0,32.0
seed43,10,44,cold_start_20260830_174912,20,36,0.4189047764917614,0.1770125942932474,0.1607414032066769,0.01627119108657049,9.192109268572647,448.6937270185009,416.2476001141024,32.44612690439851,7.2312414795718025,206.0,589.0,383.0,290.0,1425.0,1135.0,390584.0,1467900.0,-1077316.0,-275.82184626098353,1776410.384651965,1219212.154183221,557198.230468744,31.366526298364917,0.7832165611166406,0.5375487325008402,24.566782861580037,20.0,232.0,52.0,218.0,103.0,32.0
seed43,11,44,cold_start_20260830_174912,20,36,0.4191762803655023,0.176811587805854,0.1607414032066769,0.016070184599177084,9.088875225091453,449.2476001141023,416.2476001141024,32.999999999999886,7.345615200085291,206.0,589.0,383.0,291.0,1425.0,1134.0,384214.0,1467900.0,-1083686.0,-282.05271020837347,1777331.0496621565,1219212.154183221,558118.8954789354,31.402078728384637,0.7836224808801439,0.5375487325008402,24.60737483793036,19.0,217.0,52.0,218.0,103.0,33.0
seed43,12,44,cold_start_20260830_174912,20,35,0.42248052323824137,0.1760417945530227,0.1607414032066769,0.01530039134634581,8.69134024973679,451.6051142380329,416.2476001141024,35.357514123930514,7.829298873992424,206.0,589.0,383.0,313.0,1425.0,1112.0,384084.0,1467900.0,-1083816.0,-282.18202268253816,1774133.3141789802,1219212.154183221,554921.1599957591,31.27843638134721,0.7822126043053766,0.5375487325008402,24.46638718045364,18.0,212.0,52.0,218.0,103.0,34.0
seed43,13,44,cold_start_20260830_174912,20,36,0.4539479321498992,0.1756872637582665,0.1607414032066769,0.014945860551589585,8.507082546492416,457.263901370698,416.2476001141024,41.016301256595625,8.969940800847132,206.0,589.0,383.0,323.0,1425.0,1102.0,385636.0,1467900.0,-1082264.0,-280.64392328517044,1772420.2215997349,1219212.154183221,553208.0674165138,31.212015112150116,0.7814573044656643,0.5375487325008402,24.390857196482408,18.0,208.0,52.0,218.0,103.0,34.0
seed43,14,53,cold_start_20260830_174912,29,28,0.34517379968540307,0.1682453963728939,0.1529465479376509,0.015298848435243012,9.093175067527623,457.8096680508502,436.8806710097879,20.928997041062303,4.571549816798028,242.0,566.0,324.0,575.0,1471.0,896.0,486802.0,1229920.0,-743118.0,-152.65302936306753,1698585.0482895465,1296111.9137981487,402473.13449139777,23.69461187102071,0.7489034919969385,0.5714537162797434,17.74497757171951,21.0,191.0,37.0,132.0,47.0,16.0
seed43,15,53,cold_start_20260830_174912,29,26,0.34538380291486104,0.167261545367826,0.1529465479376509,0.014314997430175114,8.558451016756365,461.13987986295103,436.8806710097879,24.25920885316316,5.260705029539605,266.0,566.0,300.0,619.0,1471.0,852.0,523994.0,1229920.0,-705926.0,-134.72024488830024,1676513.7955029842,1296111.9137981487,380401.88170483545,22.690053772609016,0.7391723111524773,0.5714537162797434,16.77185948727339,22.0,187.0,37.0,132.0,47.0,15.0
seed42,23,53,cold_start_20260830_174912,29,23,0.33699028965802624,0.166196214672857,0.1529465479376509,0.013249666735206111,7.972303557747656,462.5668151816717,436.8806710097879,25.686144171883825,5.552958692420612,232.0,566.0,334.0,647.0,1471.0,824.0,520304.0,1229920.0,-709616.0,-136.38488268396938,1682983.170051218,1296111.9137981487,386871.25625306927,22.987232619877933,0.7420246482757125,0.5714537162797434,17.057093199596906,28.0,182.0,37.0,132.0,47.0,9.0
seed43,16,60,cold_start_20260830_174912,36,1,0.018480470430646777,0.1426389278527557,0.1422749667151897,0.0003639611375660101,0.2551625583877933,468.2476001141024,466.2476001141024,2.0,0.42712445285627537,304.0,314.0,10.0,1500.0,1439.0,-61.0,745220.0,679980.0,65240.0,8.754461769678752,1507164.3957021954,1511266.367488774,-4101.9717865786515,-0.27216485462871637,0.6645064255636992,0.6663149785108331,-0.18085529471338901,17.0,250.0,2.0,15.0,28.0,-15.0
