b1_source_run,b1_source_solution_id,h2_global_solution_id,h2_source_run,h2_source_solution_id,n_h2_dominators,objective_distance,b1_lcoe_usd_kwh,h2_lcoe_usd_kwh,delta_lcoe_b1_minus_h2_usd_kwh,b1_peak_kw,h2_peak_kw,delta_peak_b1_minus_h2_kw,b1_annualized_capex_usd,h2_annualized_capex_usd,delta_capex_ann_b1_minus_h2_usd,b1_fixed_opex_usd,h2_fixed_opex_usd,delta_fixed_b1_minus_h2_usd,b1_grid_opex_usd,h2_grid_opex_usd,delta_grid_b1_minus_h2_usd,b1_dispatchable_opex_usd,h2_dispatchable_opex_usd,delta_dispatchable_b1_minus_h2_usd,b1_degradation_opex_usd,h2_degradation_opex_usd,delta_degradation_b1_minus_h2_usd,b1_total_annual_cost_usd,h2_total_annual_cost_usd,delta_total_b1_minus_h2_usd,h2_total_cost_advantage_percent,b1_lcoe_reconstructed,h2_lcoe_reconstructed,b1_lcoe_reconstruction_error,h2_lcoe_reconstruction_error,b1_E_grid_kwh,h2_E_grid_kwh,delta_E_grid_b1_minus_h2_kwh,b1_grid_dependency_ratio,h2_grid_dependency_ratio,delta_grid_dependency_pp,b1_pv_kw,h2_pv_kw,delta_pv_h2_minus_b1_kw,b1_bsv_kwh,h2_bsv_kwh,delta_bsv_h2_minus_b1_kwh,b1_chp_kw,b1_biomethane_storage_nm3,h2_fuelcell_kw,h2_electrolyzer_kw,h2_tank_kg
seed42,0,20,warm_start_20260831_030140,20,38,0.3465403487462649,0.1896951589458584,0.1777144879755587,0.0119806709702997,410.4523135750388,380.2476001141024,30.204713460936375,64763.54179787089,199797.3669158451,-135033.82511797422,3847.78,32082.8,-28235.02,342081.2063717721,161808.9255719445,180272.2807998276,19554.3115922703,9384.434829866905,10169.876762403395,0.0,0.0,0.0,430246.8397619133,403073.5273176565,27173.312444256793,6.31574945658956,0.18969515894585845,0.1777144879755587,5.551115123125783e-17,0.0,1704078.168846638,1066489.2780306388,637588.8908159991,0.7513254002618845,0.4702134551924365,28.111194506944802,303.0,773.0,470.0,50.0,1272.0,1222.0,63.0,369.0,88.0,369.0,94.0
seed42,1,20,warm_start_20260831_030140,20,38,0.3489886340704329,0.1896638543215509,0.1777144879755587,0.011949366345992196,410.89810198526726,380.2476001141024,30.650501871164863,64520.92983645414,199797.3669158451,-135276.43707939098,3821.76,32082.8,-28261.04,342368.2096320504,161808.9255719445,180559.2840601059,19464.938398826635,9384.434829866905,10080.50356895973,0.0,0.0,0.0,430175.8378673312,403073.5273176565,27102.31054967473,6.300286572123384,0.18966385432155103,0.1777144879755587,1.3877787807814457e-16,0.0,1705539.2499422634,1066489.2780306388,639049.9719116245,0.7519695886324972,0.4702134551924365,28.175613344006067,301.0,773.0,472.0,49.0,1272.0,1223.0,63.0,368.0,88.0,369.0,94.0
seed42,2,20,warm_start_20260831_030140,20,38,0.3515145796957238,0.1896327739858213,0.1777144879755587,0.011918286010262596,411.3515545949132,380.2476001141024,31.103954480810785,64278.3178750374,199797.3669158451,-135519.0490408077,3795.74,32082.8,-28287.059999999998,342656.4147807249,161808.9255719445,180847.4892087804,19374.87202502288,9384.434829866905,9990.437195155975,0.0,0.0,0.0,430105.3446807852,403073.5273176565,27031.817363128706,6.284929424253291,0.18963277398582132,0.1777144879755587,2.7755575615628914e-17,0.0,1707008.3436271965,1066489.2780306388,640519.0655965577,0.7526173097412076,0.4702134551924365,28.240385454877103,299.0,773.0,474.0,48.0,1272.0,1224.0,63.0,367.0,88.0,369.0,94.0
seed42,3,20,warm_start_20260831_030140,20,39,0.3733321258643872,0.1889148842379263,0.1777144879755587,0.011200396262367601,415.8640348984492,380.2476001141024,35.61643478434678,62814.29422541343,199797.3669158451,-136983.07269043167,3709.0,32082.8,-28373.8,343839.4643538265,161808.9255719445,182030.53878188197,18114.3432035941,9384.434829866905,8729.908373727196,0.0,0.0,0.0,428477.10178283404,403073.5273176565,25403.574465177546,5.928805613993555,0.1889148842379263,0.1777144879755587,0.0,0.0,1715505.6743248964,1066489.2780306388,649016.3962942576,0.7563637695599658,0.4702134551924365,28.615031436752925,290.0,773.0,483.0,55.0,1272.0,1217.0,62.0,350.0,88.0,369.0,94.0
seed42,4,20,warm_start_20260831_030140,20,40,0.3737262213655157,0.1880357124302613,0.1777144879755587,0.010321224454702599,417.2476001141025,380.2476001141024,37.000000000000114,56754.49520927126,199797.3669158451,-143042.87170657385,3602.44,32082.8,-28480.36,349010.749280054,161808.9255719445,187201.8237081095,17115.371193663115,9384.434829866905,7730.936363796211,0.0,0.0,0.0,426483.0556829884,403073.5273176565,23409.528365331877,5.488970324469948,0.18803571243026138,0.1777144879755587,8.326672684688674e-17,0.0,1728208.3270535602,1066489.2780306388,661719.0490229214,0.7619643492870158,0.4702134551924365,29.175089409457932,268.0,773.0,505.0,69.0,1272.0,1203.0,51.0,382.0,88.0,369.0,94.0
seed42,5,22,warm_start_20260831_030140,22,40,0.369944210338955,0.1874495245897559,0.1753223458816753,0.012127178708080583,417.7717201674743,384.2476001141024,33.52412005337192,56143.993069585296,195637.72270750764,-139493.72963792234,3542.5,31540.0,-27997.5,350380.80088874407,161424.66168627917,188956.1392024649,15086.231401977935,9045.534901640083,6040.696500337852,0.0,0.0,0.0,425153.5253603073,397647.91929542687,27505.60606488044,6.469570266780714,0.18744952458975594,0.1753223458816753,5.551115123125783e-17,0.0,1737340.9580901563,1070059.5641302571,667281.3939598992,0.7659909120318803,0.4717875887514979,29.42033232803824,268.0,741.0,473.0,69.0,1340.0,1271.0,51.0,345.0,84.0,360.0,93.0
seed42,6,22,warm_start_20260831_030140,22,42,0.4165179061443164,0.1869900375412441,0.1753223458816753,0.011667691659568796,425.24760011410217,384.2476001141024,40.99999999999977,51252.031479809375,195637.72270750764,-144385.69122769826,3381.8,31540.0,-28158.2,355961.2615918569,161424.66168627917,194536.59990557772,13516.27153117986,9045.534901640083,4470.736629539777,0.0,0.0,0.0,424111.3646028461,397647.91929542687,26463.445307419228,6.239739727842615,0.18699003754124413,0.1753223458816753,2.7755575615628914e-17,0.0,1751391.4319615308,1070059.5641302571,681331.8678312737,0.7721857439933885,0.4717875887514979,30.039815524189056,257.0,741.0,484.0,63.0,1340.0,1277.0,43.0,330.0,84.0,360.0,93.0
seed42,7,22,warm_start_20260831_030140,22,42,0.4090282300998038,0.1862552695362151,0.1753223458816753,0.010932923654539795,425.2476001141032,384.2476001141024,41.000000000000796,50319.06524698932,195637.72270750764,-145318.65746051833,3321.0,31540.0,-28219.0,355392.8733605029,161424.66168627917,193968.2116742237,13411.901589150451,9045.534901640083,4366.366687510368,0.0,0.0,0.0,422444.8401966426,397647.91929542687,24796.92090121575,5.869860048396639,0.18625526953621507,0.1753223458816753,-2.7755575615628914e-17,0.0,1753933.5228707297,1070059.5641302571,683873.9587404726,0.773306547900611,0.4717875887514979,30.151895914911314,248.0,741.0,493.0,77.0,1340.0,1263.0,43.0,310.0,84.0,360.0,93.0
seed42,8,26,warm_start_20260831_030140,26,42,0.4219165770470068,0.1861305528652083,0.1720445985024824,0.014085954362725889,427.2476001141026,389.4913761896632,37.75622392443944,48103.57600066815,186409.91258813025,-138306.3365874621,3191.08,29721.0,-26529.92,358317.1950144205,165951.11943328544,192366.07558113505,12550.11979329732,8131.641406734561,4418.478386562758,0.0,0.0,0.0,422161.97080838593,390213.67342815024,31948.297380235686,7.567781939017102,0.18613055286520835,0.1720445985024824,5.551115123125783e-17,0.0,1769224.0383449723,1100978.0932851234,668245.945059849,0.7800481122659779,0.485419519913735,29.462859235224293,227.0,740.0,513.0,79.0,1375.0,1296.0,41.0,354.0,79.0,317.0,85.0
seed42,9,26,warm_start_20260831_030140,26,42,0.4231953866803276,0.1856939619004292,0.1720445985024824,0.013649363397946784,428.2476001141022,389.4913761896632,38.75622392443904,46378.199583203976,186409.91258813025,-140031.71300492628,3041.28,29721.0,-26679.72,359550.19148049376,165951.11943328544,193599.07204720832,12202.069504187291,8131.641406734561,4070.42809745273,0.0,0.0,0.0,421171.740567885,390213.67342815024,30958.067139734747,7.350461618814354,0.18569396190042922,0.1720445985024824,2.7755575615628914e-17,0.0,1770364.5517988568,1100978.0932851234,669386.4585137335,0.7805509628645649,0.485419519913735,29.513144295082995,231.0,740.0,509.0,69.0,1375.0,1306.0,40.0,264.0,79.0,317.0,85.0
seed42,10,26,warm_start_20260831_030140,26,42,0.4193271531508724,0.185306319655312,0.1720445985024824,0.013261721152829586,428.3578345096222,389.4913761896632,38.86645831995901,50387.50993131848,186409.91258813025,-136022.40265681176,3472.52,29721.0,-26248.48,355048.9795596355,165951.11943328544,189097.86012635008,11383.521233903488,8131.641406734561,3251.8798271689266,0.0,0.0,0.0,420292.53072485747,390213.67342815024,30078.857296707225,7.156648071958768,0.18530631965531205,0.1720445985024824,5.551115123125783e-17,0.0,1759194.7947752173,1100978.0932851234,658216.701490094,0.775626234457127,0.485419519913735,29.020671454339197,245.0,740.0,495.0,105.0,1375.0,1270.0,41.0,346.0,79.0,317.0,85.0
seed42,11,35,cold_start_20260830_174912,11,42,0.4200380377974843,0.1844669162026829,0.1662783368718746,0.018188579330808308,430.2476001141024,403.2476001141024,27.0,45910.69794470572,172843.19837288657,-126932.50042818085,3140.1800000000003,27487.0,-24346.82,358588.7810763783,169743.4889242261,188845.2921521522,10749.024052700788,7061.550932185366,3687.473120515422,0.0,0.0,0.0,418388.6830737848,377135.23822929803,41253.444844486774,9.860076649638138,0.18446691620268293,0.16627833687187463,2.7755575615628914e-17,2.7755575615628914e-17,1771509.520806295,1129105.8245040884,642403.6963022067,0.7810557779097477,0.4978209926295383,28.32347852802094,231.0,683.0,452.0,97.0,1485.0,1388.0,38.0,249.0,65.0,278.0,78.0
seed42,12,35,cold_start_20260830_174912,11,44,0.4499067843373266,0.1844436944185219,0.1662783368718746,0.018165357546647304,436.2476001141032,403.2476001141024,33.000000000000796,46954.88678956065,172843.19837288657,-125888.31158332592,3527.5,27487.0,-23959.5,358785.47417095845,169743.4889242261,189041.98524673234,9068.152876452164,7061.550932185366,2006.6019442667985,0.0,0.0,0.0,418336.01383697125,377135.23822929803,41200.77560767322,9.848727875417744,0.18444369441852193,0.16627833687187463,2.7755575615628914e-17,2.7755575615628914e-17,1764727.9411537703,1129105.8245040884,635622.1166496819,0.7780657900441736,0.4978209926295383,28.024479741463537,252.0,683.0,431.0,113.0,1485.0,1372.0,32.0,315.0,65.0,278.0,78.0
seed42,13,35,cold_start_20260830_174912,11,45,0.463333242614594,0.1842310197452163,0.1662783368718746,0.017952682873341702,439.24760011410217,403.2476001141024,35.99999999999977,41072.51432118841,172843.19837288657,-131770.68405169816,2980.16,27487.0,-24506.84,365747.09365854994,169743.4889242261,196003.60473432383,8053.879271835623,7061.550932185366,992.3283396502566,0.0,0.0,0.0,417853.647251574,377135.23822929803,40718.40902227594,9.744658037592984,0.18423101974521638,0.16627833687187463,8.326672684688674e-17,2.7755575615628914e-17,1784026.2302164298,1129105.8245040884,654920.4057123414,0.7865743755183866,0.4978209926295383,28.875338288884834,240.0,683.0,443.0,70.0,1485.0,1415.0,29.0,168.0,65.0,278.0,78.0
seed42,14,35,cold_start_20260830_174912,11,45,0.4616083779686452,0.1841112831778918,0.1662783368718746,0.0178329463060172,439.2476001141031,403.2476001141024,36.00000000000068,45334.418147184326,172843.19837288657,-127508.78022570224,3493.2,27487.0,-23993.8,360718.0158149309,169743.4889242261,190974.5268907048,8036.439254667368,7061.550932185366,974.888322482002,0.0,0.0,0.0,417582.0732167826,377135.23822929803,40446.83498748456,9.685960576781532,0.18411128317789185,0.16627833687187463,5.551115123125783e-17,2.7755575615628914e-17,1769946.825426872,1129105.8245040884,640841.0009227835,0.7803667879602858,0.4978209926295383,28.254579533074754,251.0,683.0,432.0,113.0,1485.0,1372.0,29.0,300.0,65.0,278.0,78.0
seed42,15,35,cold_start_20260830_174912,11,45,0.4642195022587269,0.1838903840195606,0.1662783368718746,0.017612047147685994,440.24760011410217,403.2476001141024,36.99999999999977,44531.41533282261,172843.19837288657,-128311.78304006397,3458.16,27487.0,-24028.84,361390.6022345739,169743.4889242261,191647.1133103478,7700.87514202972,7061.550932185366,639.3242098443543,0.0,0.0,0.0,417081.05270942627,377135.23822929803,39945.81448012823,9.577470427062973,0.1838903840195606,0.16627833687187463,0.0,2.7755575615628914e-17,1772328.008864056,1129105.8245040884,643222.1843599677,0.7814166480146811,0.4978209926295383,28.359565538514286,249.0,683.0,434.0,114.0,1485.0,1371.0,28.0,288.0,65.0,278.0,78.0
seed42,16,35,cold_start_20260830_174912,11,42,0.4599089692064709,0.1826997698082532,0.1662783368718746,0.0164214329363786,442.2476001141025,403.2476001141024,39.000000000000114,42198.796046354815,172843.19837288657,-130644.40232653177,3345.34,27487.0,-24141.66,361793.6901512559,169743.4889242261,192050.20122702981,7042.799128021108,7061.550932185366,-18.75180416425792,0.0,0.0,0.0,414380.6253256319,377135.23822929803,37245.38709633384,8.988206692111962,0.1826997698082532,0.16627833687187463,0.0,2.7755575615628914e-17,1776689.3712353902,1129105.8245040884,647583.5467313018,0.783339565865068,0.4978209926295383,28.551857323552976,241.0,683.0,442.0,129.0,1485.0,1356.0,26.0,227.0,65.0,278.0,78.0
seed43,0,35,cold_start_20260830_174912,11,43,0.4626406778111602,0.1824317355828486,0.1662783368718746,0.016153398710973987,443.24760011410217,403.2476001141024,39.99999999999977,39530.8792884412,172843.19837288657,-133312.31908444536,3100.8,27487.0,-24386.2,364597.8671163629,169743.4889242261,194854.3781921368,6543.151554261499,7061.550932185366,-518.3993779238672,0.0,0.0,0.0,413772.6979590656,377135.23822929803,36637.45972976758,8.854489411815207,0.18243173558284867,0.16627833687187463,8.326672684688674e-17,2.7755575615628914e-17,1787853.8706342364,1129105.8245040884,658748.046130148,0.7882619761939551,0.4978209926295383,29.044098356441683,229.0,683.0,454.0,118.0,1485.0,1367.0,25.0,180.0,65.0,278.0,78.0
seed43,1,35,cold_start_20260830_174912,11,43,0.4569725760023918,0.1819924357681663,0.1662783368718746,0.01571409889629169,443.2476001141024,403.2476001141024,40.0,39459.78644668265,172843.19837288657,-133383.41192620393,3129.02,27487.0,-24357.98,363469.85922692873,169743.4889242261,193726.37030270262,6717.6581132012425,7061.550932185366,-343.89281898412355,0.0,0.0,0.0,412776.32378681266,377135.23822929803,35641.08555751463,8.634479136434734,0.18199243576816634,0.16627833687187463,5.551115123125783e-17,2.7755575615628914e-17,1787570.2016043605,1129105.8245040884,658464.3771002721,0.7881369069622087,0.4978209926295383,29.031591433267046,223.0,683.0,460.0,134.0,1485.0,1351.0,25.0,191.0,65.0,278.0,78.0
seed43,2,35,cold_start_20260830_174912,11,42,0.455585594905724,0.1818002142053701,0.1662783368718746,0.015521877333495498,443.4132164387021,403.2476001141024,40.16561632459968,38036.91108942324,172843.19837288657,-134806.28728346335,2991.52,27487.0,-24495.48,365129.46772503166,169743.4889242261,195385.97880080555,6182.448006014822,7061.550932185366,-879.1029261705444,0.0,0.0,0.0,412340.3468204697,377135.23822929803,35205.10859117168,8.537876262324568,0.18180021420537015,0.16627833687187463,5.551115123125783e-17,2.7755575615628914e-17,1799086.5322312769,1129105.8245040884,669980.7077271885,0.7932144391294522,0.4978209926295383,29.539344649991396,208.0,683.0,475.0,135.0,1485.0,1350.0,25.0,196.0,65.0,278.0,78.0
seed43,3,35,cold_start_20260830_174912,11,43,0.4582270492414174,0.1817663688987137,0.1662783368718746,0.0154880320268391,443.888325495238,403.2476001141024,40.64072538113561,38059.31857536433,172843.19837288657,-134783.87979752224,2995.92,27487.0,-24491.08,365043.2594798671,169743.4889242261,195299.770555641,6165.084359068818,7061.550932185366,-896.4665731165478,0.0,0.0,0.0,412263.5824143003,377135.23822929803,35128.344185002265,8.520845809198924,0.18176636889871373,0.16627833687187463,2.7755575615628914e-17,2.7755575615628914e-17,1798964.0845697438,1129105.8245040884,669858.2600656555,0.7931604521469333,0.4978209926295383,29.533945951739504,208.0,683.0,475.0,136.0,1485.0,1349.0,25.0,196.0,65.0,278.0,78.0
seed43,4,35,cold_start_20260830_174912,11,43,0.4614011468084031,0.1817269387936106,0.1662783368718746,0.015448601921736,444.4525024531778,403.2476001141024,41.204902339075375,37979.87385248227,172843.19837288657,-134863.3245204043,2990.32,27487.0,-24496.68,365056.7280667253,169743.4889242261,195313.2391424992,6147.229229654244,7061.550932185366,-914.3217025311224,0.0,0.0,0.0,412174.1511488618,377135.23822929803,35038.912919563765,8.50099716876933,0.18172693879361065,0.16627833687187463,5.551115123125783e-17,2.7755575615628914e-17,1799505.1672615218,1129105.8245040884,670399.3427574334,0.7933990146597375,0.4978209926295383,29.55780220301992,207.0,683.0,476.0,137.0,1485.0,1348.0,25.0,196.0,65.0,278.0,78.0
seed43,5,35,cold_start_20260830_174912,11,43,0.4649348491927526,0.1816927970705297,0.1662783368718746,0.015414460198655111,445.0569792098141,403.2476001141024,41.80937909571168,38002.28133842336,172843.19837288657,-134840.9170344632,2994.72,27487.0,-24492.28,364971.2091857946,169743.4889242261,195227.72026156847,6128.503917554336,7061.550932185366,-933.0470146310299,0.0,0.0,0.0,412096.71444177226,377135.23822929803,34961.47621247423,8.483803676967716,0.1816927970705297,0.16627833687187463,0.0,2.7755575615628914e-17,1799388.2972217211,1129105.8245040884,670282.4727176328,0.7933474868419196,0.4978209926295383,29.55264942123813,207.0,683.0,476.0,138.0,1485.0,1347.0,25.0,196.0,65.0,278.0,78.0
seed42,17,44,cold_start_20260830_174912,20,40,0.4440026544093252,0.1798323053306534,0.1607414032066769,0.01909090212397649,445.2476001141024,416.2476001141024,29.0,44781.15694885697,149508.85733150275,-104727.70038264577,3945.88,23526.0,-19580.12,353344.72916042845,186134.15762687995,167210.5715335485,5805.174375506928,5407.925923419065,397.24845208786337,0.0,0.0,0.0,407876.94048479234,364576.94088180177,43299.999602990574,10.615946945057809,0.17983230533065347,0.16074140320667693,8.326672684688674e-17,2.7755575615628914e-17,1758377.6358924666,1219212.154183221,539165.4817092456,0.7752659503833771,0.5375487325008402,23.771721788253686,249.0,589.0,340.0,230.0,1425.0,1195.0,23.0,274.0,52.0,218.0,103.0
seed43,8,44,cold_start_20260830_174912,20,38,0.4388275910640267,0.1786353756972715,0.1607414032066769,0.0178939724905946,447.9349765967564,416.2476001141024,31.68737648265403,43384.966870309225,149508.85733150275,-106123.89046119351,3947.0,23526.0,-19579.0,352704.040695636,186134.15762687995,166569.88306875605,5126.181551222857,5407.925923419065,-281.74437219620813,0.0,0.0,0.0,405162.1891171681,364576.94088180177,40585.24823536631,10.017037454506777,0.17863537569727153,0.16074140320667693,2.7755575615628914e-17,2.7755575615628914e-17,1760303.2287829416,1219212.154183221,541091.0745997205,0.7761149412780594,0.5375487325008402,23.856620877721912,242.0,589.0,347.0,255.0,1425.0,1170.0,21.0,250.0,52.0,218.0,103.0
seed43,9,44,cold_start_20260830_174912,20,38,0.4390242666312545,0.1785389203925819,0.1607414032066769,0.017797517185905,448.24760011410257,416.2476001141024,32.00000000000017,40273.38189076197,149508.85733150275,-109235.47544074077,3678.7,23526.0,-19847.3,356115.09527275804,186134.15762687995,169980.9376458781,4876.242058561834,5407.925923419065,-531.6838648572311,0.0,0.0,0.0,404943.41922208184,364576.94088180177,40366.47834028007,9.968424333904784,0.17853892039258196,0.16074140320667693,5.551115123125783e-17,2.7755575615628914e-17,1779584.0446846276,1219212.154183221,560371.8905014065,0.7846158228629191,0.5375487325008402,24.706709036207886,212.0,589.0,377.0,253.0,1425.0,1172.0,20.0,275.0,52.0,218.0,103.0
seed43,10,44,cold_start_20260830_174912,20,36,0.4189047764917614,0.1770125942932474,0.1607414032066769,0.01627119108657049,448.6937270185009,416.2476001141024,32.44612690439851,39781.84313098145,149508.85733150275,-109727.0142005213,3711.84,23526.0,-19814.16,353128.92571828054,186134.15762687995,166994.7680914006,4858.956183529535,5407.925923419065,-548.9697398895296,0.0,0.0,0.0,401481.5650327915,364576.94088180177,36904.62415098975,9.192109268572647,0.17701259429324742,0.16074140320667693,2.7755575615628914e-17,2.7755575615628914e-17,1776410.384651965,1219212.154183221,557198.230468744,0.7832165611166406,0.5375487325008402,24.566782861580037,206.0,589.0,383.0,290.0,1425.0,1135.0,20.0,232.0,52.0,218.0,103.0
seed43,11,44,cold_start_20260830_174912,20,36,0.4191762803655023,0.176811587805854,0.1607414032066769,0.016070184599177084,449.2476001141023,416.2476001141024,32.999999999999886,39133.044560777984,149508.85733150275,-110375.81277072476,3691.94,23526.0,-19834.06,353582.4343738747,186134.15762687995,167448.27674699473,4618.244079061203,5407.925923419065,-789.6818443578622,0.0,0.0,0.0,401025.6630137139,364576.94088180177,36448.72213191213,9.08887522509144,0.176811587805854,0.16074140320667693,0.0,2.7755575615628914e-17,1777331.0496621565,1219212.154183221,558118.8954789354,0.7836224808801439,0.5375487325008402,24.60737483793036,206.0,589.0,383.0,291.0,1425.0,1134.0,19.0,217.0,52.0,218.0,103.0
seed43,12,44,cold_start_20260830_174912,20,35,0.4224805232382413,0.1760417945530227,0.1607414032066769,0.01530039134634581,451.6051142380329,416.2476001141024,35.357514123930514,39119.80377363097,149508.85733150275,-110389.05355787178,3780.64,23526.0,-19745.36,351993.51994083833,186134.15762687995,165859.36231395838,4385.734267025628,5407.925923419065,-1022.1916563934374,0.0,0.0,0.0,399279.6979814949,364576.94088180177,34702.75709969312,8.69134024973678,0.17604179455302274,0.16074140320667693,2.7755575615628914e-17,2.7755575615628914e-17,1774133.3141789802,1219212.154183221,554921.1599957591,0.7822126043053766,0.5375487325008402,24.46638718045364,206.0,589.0,383.0,313.0,1425.0,1112.0,18.0,212.0,52.0,218.0,103.0
seed43,13,44,cold_start_20260830_174912,20,36,0.4539479321498992,0.1756872637582665,0.1607414032066769,0.014945860551589585,457.263901370698,416.2476001141024,41.016301256595625,39277.8784017245,149508.85733150275,-110230.97892977824,3818.16,23526.0,-19707.84,351058.145094606,186134.15762687995,164923.98746772602,4321.404591744998,5407.925923419065,-1086.5213316740674,0.0,0.0,0.0,398475.58808807546,364576.94088180177,33898.64720627369,8.507082546492416,0.17568726375826652,0.16074140320667693,2.7755575615628914e-17,2.7755575615628914e-17,1772420.2215997349,1219212.154183221,553208.0674165138,0.7814573044656643,0.5375487325008402,24.390857196482408,206.0,589.0,383.0,323.0,1425.0,1102.0,18.0,208.0,52.0,218.0,103.0
seed43,14,53,cold_start_20260830_174912,29,28,0.345173799685403,0.1682453963728939,0.1529465479376509,0.015298848435243012,457.8096680508502,436.8806710097879,20.928997041062303,49581.85895952735,125270.06867576938,-75688.20971624203,5259.42,19137.4,-13877.980000000001,321737.26809110615,199078.4300663972,122658.83802470894,5018.171053218285,3411.5617325620988,1606.6093206561864,0.0,0.0,0.0,381596.7181038518,346897.46047472866,34699.25762912311,9.093175067527621,0.16824539637289398,0.15294654793765097,8.326672684688674e-17,8.326672684688674e-17,1698585.0482895465,1296111.9137981487,402473.13449139777,0.7489034919969385,0.5714537162797434,17.74497757171951,242.0,566.0,324.0,575.0,1471.0,896.0,21.0,191.0,37.0,132.0,47.0
seed43,15,53,cold_start_20260830_174912,29,26,0.345383802914861,0.167261545367826,0.1529465479376509,0.014314997430175114,461.13987986295103,436.8806710097879,24.25920885316316,53369.94631007797,125270.06867576938,-71900.12236569141,5686.54,19137.4,-13450.86,315058.2784314144,199078.4300663972,115979.84836501718,5250.484788889458,3411.5617325620988,1838.9230563273595,0.0,0.0,0.0,379365.2495303818,346897.46047472866,32467.78905565315,8.55845101675633,0.16726154536782603,0.15294654793765097,2.7755575615628914e-17,8.326672684688674e-17,1676513.7955029842,1296111.9137981487,380401.88170483545,0.7391723111524773,0.5714537162797434,16.77185948727339,266.0,566.0,300.0,619.0,1471.0,852.0,22.0,187.0,37.0,132.0,47.0
seed42,23,53,cold_start_20260830_174912,29,23,0.3369902896580262,0.166196214672857,0.1529465479376509,0.013249666735206111,462.5668151816717,436.8806710097879,25.686144171883825,52994.11165952055,125270.06867576938,-72275.95701624882,5461.64,19137.4,-13675.760000000002,311829.6525948399,199078.4300663972,112751.22252844271,6663.572940138531,3411.5617325620988,3252.011207576432,0.0,0.0,0.0,376948.977194499,346897.46047472866,30051.516719770327,7.972303557747624,0.16619621467285703,0.15294654793765097,2.7755575615628914e-17,8.326672684688674e-17,1682983.170051218,1296111.9137981487,386871.25625306927,0.7420246482757125,0.5714537162797434,17.057093199596906,232.0,566.0,334.0,647.0,1471.0,824.0,28.0,182.0,37.0,132.0,47.0
seed43,16,60,cold_start_20260830_174912,36,1,0.0184804704306467,0.1426389278527557,0.1422749667151897,0.0003639611375660101,468.2476001141024,466.2476001141024,2.0,75902.30305918829,69257.46495556594,6644.838103622344,10045.0,10317.6,-272.60000000000036,234506.71457923084,242866.22174064524,-8359.507161414396,3064.77048833284,252.0026138912804,2812.76787444156,0.0,0.0,0.0,323518.78812675196,322693.28931010247,825.4988166494877,0.2551625583878189,0.14263892785275575,0.14227496671518972,5.551115123125783e-17,2.7755575615628914e-17,1507164.3957021954,1511266.367488774,-4101.9717865786515,0.6645064255636992,0.6663149785108331,-0.18085529471338901,304.0,314.0,10.0,1500.0,1439.0,-61.0,17.0,250.0,2.0,15.0,28.0
