b1_source_run,b1_source_solution_id,h2_global_solution_id,h2_source_run,h2_source_solution_id,b1_lcoe_usd_kwh,h2_lcoe_usd_kwh,delta_lcoe_b1_minus_h2,b1_peak_kw,h2_peak_kw,delta_peak_b1_minus_h2_kw,b1_capex_total_usd,h2_capex_total_usd,delta_capex_total_b1_minus_h2_usd,b1_annualized_capex_usd,h2_annualized_capex_usd,delta_annualized_capex_b1_minus_h2_usd,b1_fixed_opex_usd,h2_fixed_opex_usd,delta_fixed_opex_b1_minus_h2_usd,b1_grid_opex_usd,h2_grid_opex_usd,delta_grid_opex_b1_minus_h2_usd,b1_peak_opex_usd,h2_peak_opex_usd,delta_peak_opex_b1_minus_h2_usd,b1_dispatchable_opex_usd,h2_dispatchable_opex_usd,delta_dispatchable_opex_b1_minus_h2_usd,b1_biomethane_fuel_opex_usd,b1_chp_variable_opex_usd,h2_variable_h2_opex_usd,b1_degradation_opex_usd,h2_degradation_opex_usd,delta_degradation_b1_minus_h2_usd,b1_total_annual_cost_reconstructed_usd,h2_total_annual_cost_reconstructed_usd,delta_total_annual_cost_b1_minus_h2_usd,h2_total_annual_cost_advantage_percent,b1_E_grid_kwh,h2_E_grid_kwh,delta_E_grid_b1_minus_h2_kwh,b1_grid_dependency_ratio,h2_grid_dependency_ratio,delta_grid_dependency_b1_minus_h2_pp,b1_pv_kw,h2_pv_kw,b1_bsv_kwh,h2_bsv_kwh,b1_chp_kw,b1_biomethane_storage_nm3,h2_fuelcell_kw,h2_electrolyzer_kw,h2_tank_kg,h2_lcoe_reconstructed,h2_lcoe_reconstruction_error,b1_lcoe_reconstructed,b1_lcoe_reconstruction_error
seed42,0,20,warm_start_20260831_030140,20,0.1896951589458584,0.1777144879755587,0.0119806709702997,410.4523135750388,380.2476001141024,30.204713460936375,635858.0,1961640.0,-1325782.0,64763.54179787089,199797.3669158451,-135033.82511797422,3847.78,32082.8,-28235.02,342081.2063717721,161808.9255719445,180272.2807998276,123527.83006396622,2622.191239069519,120905.6388248967,19554.3115922703,9384.434829866905,10169.876762403395,16430.728886686356,3123.5827055839454,9384.434829866905,0.0,0.0,0.0,553774.6698258795,405695.718556726,148078.9512691535,26.73992859148166,1704078.168846638,1066489.2780306388,637588.8908159991,0.7513254002618845,0.4702134551924365,28.111194506944802,303.0,773.0,50.0,1272.0,63.0,369.0,88.0,369.0,94.0,0.17887060799298168,0.0011561200174229902,0.2441583860812118,0.0544632271353534
seed42,1,20,warm_start_20260831_030140,20,0.1896638543215509,0.1777144879755587,0.011949366345992196,410.89810198526726,380.2476001141024,30.650501871164863,633476.0,1961640.0,-1328164.0,64520.92983645414,199797.3669158451,-135276.43707939098,3821.76,32082.8,-28261.04,342368.2096320504,161808.9255719445,180559.2840601059,123624.74591530126,2622.191239069519,121002.55467623174,19464.938398826635,9384.434829866905,10080.50356895973,16355.6320619129,3109.306336913733,9384.434829866905,0.0,0.0,0.0,553800.5837826325,405695.718556726,148104.86522590648,26.74335664551012,1705539.2499422634,1066489.2780306388,639049.9719116245,0.7519695886324972,0.4702134551924365,28.175613344006067,301.0,773.0,49.0,1272.0,63.0,368.0,88.0,369.0,94.0,0.17887060799298168,0.0011561200174229902,0.24416981150422687,0.05450595718267598
seed42,2,20,warm_start_20260831_030140,20,0.1896327739858213,0.1777144879755587,0.011918286010262596,411.3515545949132,380.2476001141024,31.103954480810785,631094.0,1961640.0,-1330546.0,64278.3178750374,199797.3669158451,-135519.0490408077,3795.74,32082.8,-28287.059999999998,342656.4147807249,161808.9255719445,180847.4892087804,123721.66176663636,2622.191239069519,121099.47052756684,19374.87202502288,9384.434829866905,9990.437195155975,16279.952784593755,3094.919240429126,9384.434829866905,0.0,0.0,0.0,553827.0064474215,405695.718556726,148131.2878906955,26.746851664186334,1707008.3436271965,1066489.2780306388,640519.0655965577,0.7526173097412076,0.4702134551924365,28.240385454877103,299.0,773.0,48.0,1272.0,63.0,367.0,88.0,369.0,94.0,0.17887060799298168,0.0011561200174229902,0.24418146121581963,0.05454868722999834
seed42,3,20,warm_start_20260831_030140,20,0.1889148842379263,0.1777144879755587,0.011200396262367601,415.8640348984492,380.2476001141024,35.61643478434678,616720.0,1961640.0,-1344920.0,62814.29422541343,199797.3669158451,-136983.07269043167,3709.0,32082.8,-28373.8,343839.4643538265,161808.9255719445,182030.53878188197,123590.87600727436,2622.191239069519,120968.68476820484,18114.3432035941,9384.434829866905,8729.908373727196,15220.77935263629,2893.5638509578107,9384.434829866905,0.0,0.0,0.0,552067.9777901084,405695.718556726,146372.2592333824,26.51344854655415,1715505.6743248964,1066489.2780306388,649016.3962942576,0.7563637695599658,0.4702134551924365,28.615031436752925,290.0,773.0,55.0,1272.0,62.0,350.0,88.0,369.0,94.0,0.17887060799298168,0.0011561200174229902,0.2434059082311098,0.05449102399318351
seed42,4,20,warm_start_20260831_030140,20,0.1880357124302613,0.1777144879755587,0.010321224454702599,417.2476001141025,380.2476001141024,37.000000000000114,557224.0,1961640.0,-1404416.0,56754.49520927126,199797.3669158451,-143042.87170657385,3602.44,32082.8,-28480.36,349010.749280054,161808.9255719445,187201.8237081095,128256.42888860004,2622.191239069519,125634.23764953052,17115.371193663115,9384.434829866905,7730.936363796211,14381.381955130748,2733.989238532369,9384.434829866905,0.0,0.0,0.0,554739.4845715885,405695.718556726,149043.76601486246,26.86734407051722,1728208.3270535602,1066489.2780306388,661719.0490229214,0.7619643492870158,0.4702134551924365,29.175089409457932,268.0,773.0,69.0,1272.0,51.0,382.0,88.0,369.0,94.0,0.17887060799298168,0.0011561200174229902,0.2445837713940751,0.05654805896381382
seed42,5,22,warm_start_20260831_030140,22,0.1874495245897559,0.1753223458816753,0.012127178708080583,417.7717201674743,384.2476001141024,33.52412005337192,551230.0,1920800.0,-1369570.0,56143.993069585296,195637.72270750764,-139493.72963792234,3542.5,31540.0,-27997.5,350380.80088874407,161424.66168627917,188956.1392024649,128256.65310745794,1308.1815239150842,126948.47158354285,15086.231401977935,9045.534901640083,6040.696500337852,12676.374564149744,2409.856837828195,9045.534901640083,0.0,0.0,0.0,553410.1784677652,398956.10081934195,154454.07764842326,27.909511544594736,1737340.9580901563,1070059.5641302571,667281.3939598992,0.7659909120318803,0.4717875887514979,29.42033232803824,268.0,741.0,69.0,1340.0,51.0,345.0,84.0,360.0,93.0,0.17589912107018438,0.0005767751885090711,0.2439976824113135,0.056548157821557615
seed42,6,22,warm_start_20260831_030140,22,0.1869900375412441,0.1753223458816753,0.011667691659568796,425.24760011410217,384.2476001141024,40.99999999999977,503200.0,1920800.0,-1417600.0,51252.031479809375,195637.72270750764,-144385.69122769826,3381.8,31540.0,-28158.2,355961.2615918569,161424.66168627917,194536.59990557772,133217.92399661042,1308.1815239150842,131909.74247269533,13516.27153117986,9045.534901640083,4470.736629539777,11357.198234247278,2159.073296932582,9045.534901640083,0.0,0.0,0.0,557329.2885994565,398956.10081934195,158373.1877801146,28.416448053196575,1751391.4319615308,1070059.5641302571,681331.8678312737,0.7721857439933885,0.4717875887514979,30.039815524189056,257.0,741.0,63.0,1340.0,43.0,330.0,84.0,360.0,93.0,0.17589912107018438,0.0005767751885090711,0.24572561194071785,0.058735574399473744
seed42,7,22,warm_start_20260831_030140,22,0.1862552695362151,0.1753223458816753,0.010932923654539795,425.2476001141032,384.2476001141024,41.000000000000796,494040.0,1920800.0,-1426760.0,50319.06524698932,195637.72270750764,-145318.65746051833,3321.0,31540.0,-28219.0,355392.8733605029,161424.66168627917,193968.2116742237,131861.20704270503,1308.1815239150842,130553.02551878995,13411.901589150451,9045.534901640083,4366.366687510368,11269.500223846226,2142.4013653042284,9045.534901640083,0.0,0.0,0.0,554306.0472393477,398956.10081934195,155349.94642000576,28.026024105944146,1753933.5228707297,1070059.5641302571,683873.9587404726,0.773306547900611,0.4717875887514979,30.151895914911314,248.0,741.0,77.0,1340.0,43.0,310.0,84.0,360.0,93.0,0.17589912107018438,0.0005767751885090711,0.24439266955198377,0.05813740001576867
seed42,8,26,warm_start_20260831_030140,26,0.1861305528652083,0.1720445985024824,0.014085954362725889,427.2476001141026,389.4913761896632,37.75622392443944,472288.0,1830200.0,-1357912.0,48103.57600066815,186409.91258813025,-138306.3365874621,3191.08,29721.0,-26529.92,358317.1950144205,165951.11943328544,192366.07558113505,132762.2703752494,1149.150629309937,131613.11974593948,12550.11979329732,8131.641406734561,4418.478386562758,10545.378437184005,2004.7413561133144,8131.641406734561,0.0,0.0,0.0,554924.2411836354,391362.8240574602,163561.41712617525,29.474548954160667,1769224.0383449723,1100978.0932851234,668245.945059849,0.7800481122659779,0.485419519913735,29.462859235224293,227.0,740.0,79.0,1375.0,41.0,354.0,79.0,317.0,85.0,0.17255125721821016,0.000506658715727748,0.24466523029545353,0.058534677430245236
seed42,9,26,warm_start_20260831_030140,26,0.1856939619004292,0.1720445985024824,0.013649363397946784,428.2476001141022,389.4913761896632,38.75622392443904,455348.0,1830200.0,-1374852.0,46378.199583203976,186409.91258813025,-140031.71300492628,3041.28,29721.0,-26679.72,359550.19148049376,165951.11943328544,193599.07204720832,134279.29815809324,1149.150629309937,133130.1475287833,12202.069504187291,8131.641406734561,4070.42809745273,10252.925291374451,1949.14421281284,8131.641406734561,0.0,0.0,0.0,555451.0387259783,391362.8240574602,164088.21466851817,29.541436279403214,1770364.5517988568,1100978.0932851234,669386.4585137335,0.7805509628645649,0.485419519913735,29.513144295082995,231.0,740.0,69.0,1375.0,40.0,264.0,79.0,317.0,85.0,0.17255125721821016,0.000506658715727748,0.24489749450820714,0.05920353260777794
seed42,10,26,warm_start_20260831_030140,26,0.185306319655312,0.1720445985024824,0.013261721152829586,428.3578345096222,389.4913761896632,38.86645831995901,494712.0,1830200.0,-1335488.0,50387.50993131848,186409.91258813025,-136022.40265681176,3472.52,29721.0,-26248.48,355048.9795596355,165951.11943328544,189097.86012635008,130242.51477621848,1149.150629309937,129093.36414690854,11383.521233903488,8131.641406734561,3251.8798271689266,9565.130957821146,1818.390276082343,8131.641406734561,0.0,0.0,0.0,550535.0455010759,391362.8240574602,159172.22144361574,28.912277745868707,1759194.7947752173,1100978.0932851234,658216.701490094,0.775626234457127,0.485419519913735,29.020671454339197,245.0,740.0,105.0,1375.0,41.0,346.0,79.0,317.0,85.0,0.17255125721821016,0.000506658715727748,0.2427300407816657,0.057423721126353716
seed42,11,35,cold_start_20260830_174912,11,0.1844669162026829,0.1662783368718746,0.018188579330808308,430.2476001141024,403.2476001141024,27.0,450758.0,1697000.0,-1246242.0,45910.69794470572,172843.19837288657,-126932.50042818085,3140.1800000000003,27487.0,-24346.82,358588.7810763783,169743.4889242261,188845.2921521522,132660.50422204856,539.4503551612465,132121.05386688732,10749.024052700788,7061.550932185366,3687.473120515422,9031.987609127176,1717.036443573611,7061.550932185366,0.0,0.0,0.0,551049.1872958335,377674.6885844593,173374.49871137418,31.462617622607475,1771509.520806295,1129105.8245040884,642403.6963022067,0.7810557779097477,0.4978209926295383,28.32347852802094,231.0,683.0,97.0,1485.0,38.0,249.0,65.0,278.0,78.0,0.16651617969001675,0.00023784281814215325,0.24295672509509664,0.05848980889241373
seed42,12,35,cold_start_20260830_174912,11,0.1844436944185219,0.1662783368718746,0.018165357546647304,436.2476001141032,403.2476001141024,33.000000000000796,461010.0,1697000.0,-1235990.0,46954.88678956065,172843.19837288657,-125888.31158332592,3527.5,27487.0,-23959.5,358785.47417095845,169743.4889242261,189041.98524673234,134394.68999698985,539.4503551612465,133855.2396418286,9068.152876452164,7061.550932185366,2006.6019442667985,7619.616815091967,1448.5360613601983,7061.550932185366,0.0,0.0,0.0,552730.7038339612,377674.6885844593,175056.01524950186,31.671121946952347,1764727.9411537703,1129105.8245040884,635622.1166496819,0.7780657900441736,0.4978209926295383,28.024479741463537,252.0,683.0,113.0,1485.0,32.0,315.0,65.0,278.0,78.0,0.16651617969001675,0.00023784281814215325,0.2436981031076504,0.059254408689128485
seed42,13,35,cold_start_20260830_174912,11,0.1842310197452163,0.1662783368718746,0.017952682873341702,439.24760011410217,403.2476001141024,35.99999999999977,403256.0,1697000.0,-1293744.0,41072.51432118841,172843.19837288657,-131770.68405169816,2980.16,27487.0,-24506.84,365747.09365854994,169743.4889242261,196003.60473432383,140204.513037265,539.4503551612465,139665.06268210374,8053.879271835623,7061.550932185366,992.3283396502566,6767.362081615991,1286.5171902196323,7061.550932185366,0.0,0.0,0.0,558058.160288839,377674.6885844593,180383.4717043797,32.32341797690353,1784026.2302164298,1129105.8245040884,654920.4057123414,0.7865743755183866,0.4978209926295383,28.875338288884834,240.0,683.0,70.0,1485.0,29.0,168.0,65.0,278.0,78.0,0.16651617969001675,0.00023784281814215325,0.2460469703289516,0.06181595058373529
seed42,14,35,cold_start_20260830_174912,11,0.1841112831778918,0.1662783368718746,0.0178329463060172,439.2476001141031,403.2476001141024,36.00000000000068,445100.0,1697000.0,-1251900.0,45334.418147184326,172843.19837288657,-127508.78022570224,3493.2,27487.0,-23993.8,360718.0158149309,169743.4889242261,190974.5268907048,136037.13142985728,539.4503551612465,135497.68107469604,8036.439254667368,7061.550932185366,974.888322482002,6752.70791225193,1283.7313424154386,7061.550932185366,0.0,0.0,0.0,553619.2046466399,377674.6885844593,175944.51606218057,31.780782636411825,1769946.825426872,1129105.8245040884,640841.0009227835,0.7803667879602858,0.4978209926295383,28.254579533074754,251.0,683.0,113.0,1485.0,29.0,300.0,65.0,278.0,78.0,0.16651617969001675,0.00023784281814215325,0.24408984172676002,0.059978558548868216
seed42,15,35,cold_start_20260830_174912,11,0.1838903840195606,0.1662783368718746,0.017612047147685994,440.24760011410217,403.2476001141024,36.99999999999977,437216.0,1697000.0,-1259784.0,44531.41533282261,172843.19837288657,-128311.78304006397,3458.16,27487.0,-24028.84,361390.6022345739,169743.4889242261,191647.1133103478,136487.7155785222,539.4503551612465,135948.26522336097,7700.87514202972,7061.550932185366,639.3242098443543,6470.746415789423,1230.1287262402975,7061.550932185366,0.0,0.0,0.0,553568.7682879484,377674.6885844593,175894.07970348914,31.774567096241018,1772328.008864056,1129105.8245040884,643222.1843599677,0.7814166480146811,0.4978209926295383,28.359565538514286,249.0,683.0,114.0,1485.0,28.0,288.0,65.0,278.0,78.0,0.16651617969001675,0.00023784281814215325,0.24406760441507186,0.060177220395511266
seed42,16,35,cold_start_20260830_174912,11,0.1826997698082532,0.1662783368718746,0.0164214329363786,442.2476001141025,403.2476001141024,39.000000000000114,414314.0,1697000.0,-1282686.0,42198.796046354815,172843.19837288657,-130644.40232653177,3345.34,27487.0,-24141.66,361793.6901512559,169743.4889242261,192050.20122702981,136128.97780849625,539.4503551612465,135589.527453335,7042.799128021108,7061.550932185366,-18.75180416425792,5917.79068927431,1125.0084387467982,7061.550932185366,0.0,0.0,0.0,550509.6031341281,377674.6885844593,172834.91454966884,31.39544043658739,1776689.3712353902,1129105.8245040884,647583.5467313018,0.783339565865068,0.4978209926295383,28.551857323552976,241.0,683.0,129.0,1485.0,26.0,227.0,65.0,278.0,78.0,0.16651617969001675,0.00023784281814215325,0.24271882328185843,0.06001905347360523
seed43,0,35,cold_start_20260830_174912,11,0.1824317355828486,0.1662783368718746,0.016153398710973987,443.24760011410217,403.2476001141024,39.99999999999977,388120.0,1697000.0,-1308880.0,39530.8792884412,172843.19837288657,-133312.31908444536,3100.8,27487.0,-24386.2,364597.8671163629,169743.4889242261,194854.3781921368,137742.55217318196,539.4503551612465,137203.10181802072,6543.151554261499,7061.550932185366,-518.3993779238672,5497.956230536322,1045.1953237251766,7061.550932185366,0.0,0.0,0.0,551515.2501322475,377674.6885844593,173840.56154778815,31.520535743318618,1787853.8706342364,1129105.8245040884,658748.046130148,0.7882619761939551,0.4978209926295383,29.044098356441683,229.0,683.0,118.0,1485.0,25.0,180.0,65.0,278.0,78.0,0.16651617969001675,0.00023784281814215325,0.2431622114709669,0.06073047588811831
seed43,1,35,cold_start_20260830_174912,11,0.1819924357681663,0.1662783368718746,0.01571409889629169,443.2476001141024,403.2476001141024,40.0,387422.0,1697000.0,-1309578.0,39459.78644668265,172843.19837288657,-133383.41192620393,3129.02,27487.0,-24357.98,363469.85922692873,169743.4889242261,193726.37030270262,136191.89855182095,539.4503551612465,135652.4481966597,6717.6581132012425,7061.550932185366,-343.89281898412355,5644.587317258951,1073.0707959422916,7061.550932185366,0.0,0.0,0.0,548968.2223386336,377674.6885844593,171293.5337541743,31.20281407627837,1787570.2016043605,1129105.8245040884,658464.3771002721,0.7881369069622087,0.4978209926295383,29.031591433267046,223.0,683.0,134.0,1485.0,25.0,191.0,65.0,278.0,78.0,0.16651617969001675,0.00023784281814215325,0.24203923089912477,0.06004679513095848
seed43,2,35,cold_start_20260830_174912,11,0.1818002142053701,0.1662783368718746,0.015521877333495498,443.4132164387021,403.2476001141024,40.16561632459968,373452.0,1697000.0,-1323548.0,38036.91108942324,172843.19837288657,-134806.28728346335,2991.52,27487.0,-24495.48,365129.46772503166,169743.4889242261,195385.97880080555,136094.98270048588,539.4503551612465,135555.53234532464,6182.448006014822,7061.550932185366,-879.1029261705444,5194.871042303477,987.576963711344,7061.550932185366,0.0,0.0,0.0,548435.3295209556,377674.6885844593,170760.64093649626,31.135966584364898,1799086.5322312769,1129105.8245040884,669980.7077271885,0.7932144391294522,0.4978209926295383,29.539344649991396,208.0,683.0,135.0,1485.0,25.0,196.0,65.0,278.0,78.0,0.16651617969001675,0.00023784281814215325,0.24180427928900605,0.060004065083635955
seed43,3,35,cold_start_20260830_174912,11,0.1817663688987137,0.1662783368718746,0.0154880320268391,443.888325495238,403.2476001141024,40.64072538113561,373672.0,1697000.0,-1323328.0,38059.31857536433,172843.19837288657,-134783.87979752224,2995.92,27487.0,-24491.08,365043.2594798671,169743.4889242261,195299.770555641,135998.0668491508,539.4503551612465,135458.61649398957,6165.084359068818,7061.550932185366,-896.4665731165478,5180.281043872303,984.8033151965152,7061.550932185366,0.0,0.0,0.0,548261.649263451,377674.6885844593,170586.9606789917,31.114151593160432,1798964.0845697438,1129105.8245040884,669858.2600656555,0.7931604521469333,0.4978209926295383,29.533945951739504,208.0,683.0,136.0,1485.0,25.0,196.0,65.0,278.0,78.0,0.16651617969001675,0.00023784281814215325,0.24172770393502713,0.05996133503631343
seed43,4,35,cold_start_20260830_174912,11,0.1817269387936106,0.1662783368718746,0.015448601921736,444.4525024531778,403.2476001141024,41.204902339075375,372892.0,1697000.0,-1324108.0,37979.87385248227,172843.19837288657,-134863.3245204043,2990.32,27487.0,-24496.68,365056.7280667253,169743.4889242261,195313.2391424992,135901.36139642436,539.4503551612465,135361.9110412631,6147.229229654244,7061.550932185366,-914.3217025311224,5165.278071803292,981.951157850952,7061.550932185366,0.0,0.0,0.0,548075.5125452862,377674.6885844593,170400.8239608269,31.09075666772233,1799505.1672615218,1129105.8245040884,670399.3427574334,0.7933990146597375,0.4978209926295383,29.55780220301992,207.0,683.0,137.0,1485.0,25.0,196.0,65.0,278.0,78.0,0.16651617969001675,0.00023784281814215325,0.2416456365470192,0.059918697753408606
seed43,5,35,cold_start_20260830_174912,11,0.1816927970705297,0.1662783368718746,0.015414460198655111,445.0569792098141,403.2476001141024,41.80937909571168,373112.0,1697000.0,-1323888.0,38002.28133842336,172843.19837288657,-134840.9170344632,2994.72,27487.0,-24492.28,364971.2091857946,169743.4889242261,195227.72026156847,135804.2351464807,539.4503551612465,135264.78479131946,6128.503917554336,7061.550932185366,-933.0470146310299,5149.543919006331,978.9599985480056,7061.550932185366,0.0,0.0,0.0,547900.949588253,377674.6885844593,170226.26100379374,31.06880196716552,1799388.2972217211,1129105.8245040884,670282.4727176328,0.7933474868419196,0.4978209926295383,29.55264942123813,207.0,683.0,138.0,1485.0,25.0,196.0,65.0,278.0,78.0,0.16651617969001675,0.00023784281814215325,0.24156867201219823,0.05987587494166852
seed42,17,44,cold_start_20260830_174912,20,0.1798323053306534,0.1607414032066769,0.01909090212397649,445.2476001141024,416.2476001141024,29.0,439668.0,1467900.0,-1028232.0,44781.15694885697,149508.85733150275,-104727.70038264577,3945.88,23526.0,-19580.12,353344.72916042845,186134.15762687995,167210.5715335485,127982.97682365491,4646.192141995394,123336.78468165951,5805.174375506928,5407.925923419065,397.24845208786337,4877.86265723604,927.3117182708884,5407.925923419065,0.0,0.0,0.0,535859.9173084473,369223.1330237972,166636.78428465012,31.097079460924114,1758377.6358924666,1219212.154183221,539165.4817092456,0.7752659503833771,0.5375487325008402,23.771721788253686,249.0,589.0,230.0,1425.0,23.0,274.0,52.0,218.0,103.0,0.16278990205760757,0.002048498850930669,0.23625979970658423,0.05642749437593084
seed43,8,44,cold_start_20260830_174912,20,0.1786353756972715,0.1607414032066769,0.0178939724905946,447.9349765967564,416.2476001141024,31.68737648265403,425960.0,1467900.0,-1041940.0,43384.966870309225,149508.85733150275,-106123.89046119351,3947.0,23526.0,-19579.0,352704.040695636,186134.15762687995,166569.88306875605,126655.08054027834,4646.192141995394,122008.88839828296,5126.181551222857,5407.925923419065,-281.74437219620813,4307.331347086156,818.8502041367014,5407.925923419065,0.0,0.0,0.0,531817.2696574464,369223.1330237972,162594.13663364924,30.57330889957357,1760303.2287829416,1219212.154183221,541091.0745997205,0.7761149412780594,0.5375487325008402,23.856620877721912,242.0,589.0,255.0,1425.0,21.0,250.0,52.0,218.0,103.0,0.16278990205760757,0.002048498850930669,0.2344774026780713,0.05584202698079979
seed43,9,44,cold_start_20260830_174912,20,0.1785389203925819,0.1607414032066769,0.017797517185905,448.24760011410257,416.2476001141024,32.00000000000017,395410.0,1467900.0,-1072490.0,40273.38189076197,149508.85733150275,-109235.47544074077,3678.7,23526.0,-19847.3,356115.09527275804,186134.15762687995,169980.9376458781,127396.41224294849,4646.192141995394,122750.2201009531,4876.242058561834,5407.925923419065,-531.6838648572311,4097.316894641174,778.9251639206598,5407.925923419065,0.0,0.0,0.0,532339.8314650303,369223.1330237972,163116.69844123314,30.641460360448036,1779584.0446846276,1219212.154183221,560371.8905014065,0.7846158228629191,0.5375487325008402,24.706709036207886,212.0,589.0,253.0,1425.0,20.0,275.0,52.0,218.0,103.0,0.16278990205760757,0.002048498850930669,0.23470779936199238,0.056168878969410474
seed43,10,44,cold_start_20260830_174912,20,0.1770125942932474,0.1607414032066769,0.01627119108657049,448.6937270185009,416.2476001141024,32.44612690439851,390584.0,1467900.0,-1077316.0,39781.84313098145,149508.85733150275,-109727.0142005213,3711.84,23526.0,-19814.16,353128.92571828054,186134.15762687995,166994.7680914006,123810.52574355114,4646.192141995394,119164.33360155576,4858.956183529535,5407.925923419065,-548.9697398895296,4082.792244929797,776.1639385997379,5407.925923419065,0.0,0.0,0.0,525292.0907763427,369223.1330237972,156068.95775254548,29.710890472743873,1776410.384651965,1219212.154183221,557198.230468744,0.7832165611166406,0.5375487325008402,24.566782861580037,206.0,589.0,290.0,1425.0,20.0,232.0,52.0,218.0,103.0,0.16278990205760757,0.002048498850930669,0.23160046151172572,0.05458786721847833
seed43,11,44,cold_start_20260830_174912,20,0.176811587805854,0.1607414032066769,0.016070184599177084,449.2476001141023,416.2476001141024,32.999999999999886,384214.0,1467900.0,-1083686.0,39133.044560777984,149508.85733150275,-110375.81277072476,3691.94,23526.0,-19834.06,353582.4343738747,186134.15762687995,167448.27674699473,124261.10989221607,4646.192141995394,119614.91775022069,4618.244079061203,5407.925923419065,-789.6818443578622,3880.5312085542537,737.7128705069487,5407.925923419065,0.0,0.0,0.0,525286.77290593,369223.1330237972,156063.63988213276,29.710178883579303,1777331.0496621565,1219212.154183221,558118.8954789354,0.7836224808801439,0.5375487325008402,24.60737483793036,206.0,589.0,291.0,1425.0,19.0,217.0,52.0,218.0,103.0,0.16278990205760757,0.002048498850930669,0.23159811687097542,0.054786529065121436
seed43,12,44,cold_start_20260830_174912,20,0.1760417945530227,0.1607414032066769,0.01530039134634581,451.6051142380329,416.2476001141024,35.357514123930514,384084.0,1467900.0,-1083816.0,39119.80377363097,149508.85733150275,-110389.05355787178,3780.64,23526.0,-19745.36,351993.51994083833,186134.15762687995,165859.36231395838,122676.4611628447,4646.192141995394,118030.26902084931,4385.734267025628,5407.925923419065,-1022.1916563934374,3685.162240077701,700.5720269479259,5407.925923419065,0.0,0.0,0.0,521956.1591443396,369223.1330237972,152733.02612054243,29.261657985015994,1774133.3141789802,1219212.154183221,554921.1599957591,0.7822126043053766,0.5375487325008402,24.46638718045364,206.0,589.0,313.0,1425.0,18.0,212.0,52.0,218.0,103.0,0.16278990205760757,0.002048498850930669,0.23012965447101508,0.054087859917992365
seed43,13,44,cold_start_20260830_174912,20,0.1756872637582665,0.1607414032066769,0.014945860551589585,457.263901370698,416.2476001141024,41.016301256595625,385636.0,1467900.0,-1082264.0,39277.8784017245,149508.85733150275,-110230.97892977824,3818.16,23526.0,-19707.84,351058.145094606,186134.15762687995,164923.98746772602,121707.30264949406,4646.192141995394,117061.11050749867,4321.404591744998,5407.925923419065,-1086.5213316740674,3631.1085113684576,690.2960803765399,5407.925923419065,0.0,0.0,0.0,520182.89073756954,369223.1330237972,150959.75771377236,29.020515745861204,1772420.2215997349,1219212.154183221,553208.0674165138,0.7814573044656643,0.5375487325008402,24.390857196482408,206.0,589.0,323.0,1425.0,18.0,208.0,52.0,218.0,103.0,0.16278990205760757,0.002048498850930669,0.22934782320303396,0.05366055944476747
seed43,14,53,cold_start_20260830_174912,29,0.1682453963728939,0.1529465479376509,0.015298848435243012,457.8096680508502,436.8806710097879,20.928997041062303,486802.0,1229920.0,-743118.0,49581.85895952735,125270.06867576938,-75688.20971624203,5259.42,19137.4,-13877.980000000001,321737.26809110615,199078.4300663972,122658.83802470894,95642.15835382028,6659.489995249823,88982.66835857046,5018.171053218285,3411.5617325620988,1606.6093206561864,4216.574318834104,801.5967343841812,3411.5617325620988,0.0,0.0,0.0,477238.87645767204,353556.9504699785,123681.92598769354,25.916146418273474,1698585.0482895465,1296111.9137981487,402473.13449139777,0.7489034919969385,0.5714537162797434,17.74497757171951,242.0,566.0,575.0,1471.0,21.0,191.0,37.0,132.0,47.0,0.15588270666422369,0.002936158726572796,0.21041387445141432,0.04216847807852042
seed43,15,53,cold_start_20260830_174912,29,0.167261545367826,0.1529465479376509,0.014314997430175114,461.13987986295103,436.8806710097879,24.25920885316316,523994.0,1229920.0,-705926.0,53369.94631007797,125270.06867576938,-71900.12236569141,5686.54,19137.4,-13450.86,315058.2784314144,199078.4300663972,115979.84836501718,90830.29872280972,6659.489995249823,84170.8087275599,5250.484788889458,3411.5617325620988,1838.9230563273595,4411.778531953794,838.7062569356638,3411.5617325620988,0.0,0.0,0.0,470195.5482531915,353556.9504699785,116638.59778321302,24.806401978184045,1676513.7955029842,1296111.9137981487,380401.88170483545,0.7391723111524773,0.5714537162797434,16.77185948727339,266.0,566.0,619.0,1471.0,22.0,187.0,37.0,132.0,47.0,0.15588270666422369,0.002936158726572796,0.20730848205853555,0.04004693669070955
seed42,23,53,cold_start_20260830_174912,29,0.166196214672857,0.1529465479376509,0.013249666735206111,462.5668151816717,436.8806710097879,25.686144171883825,520304.0,1229920.0,-709616.0,52994.11165952055,125270.06867576938,-72275.95701624882,5461.64,19137.4,-13675.760000000002,311829.6525948399,199078.4300663972,112751.22252844271,84831.68155308174,6659.489995249823,78172.19155783192,6663.572940138531,3411.5617325620988,3252.011207576432,5599.1416460477885,1064.4312940907423,3411.5617325620988,0.0,0.0,0.0,461780.6587475807,353556.9504699785,108223.70827760221,23.4361717468032,1682983.170051218,1296111.9137981487,386871.25625306927,0.7420246482757125,0.5714537162797434,17.057093199596906,232.0,566.0,647.0,1471.0,28.0,182.0,37.0,132.0,47.0,0.15588270666422369,0.002936158726572796,0.2035983704324699,0.03740215575961289
seed43,16,60,cold_start_20260830_174912,36,0.1426389278527557,0.1422749667151897,0.0003639611375660101,468.2476001141024,466.2476001141024,2.0,745220.0,679980.0,65240.0,75902.30305918829,69257.46495556594,6644.838103622344,10045.0,10317.6,-272.60000000000036,234506.71457923084,242866.22174064524,-8359.507161414396,12045.79317700218,23108.95231047023,-11063.15913346805,3064.77048833284,252.0026138912804,2812.76787444156,2575.207659758261,489.56282857457865,252.0026138912804,0.0,0.0,0.0,335564.5813037541,345802.2416205727,-10237.660316818568,-3.0508763103193557,1507164.3957021954,1511266.367488774,-4101.9717865786515,0.6645064255636992,0.6663149785108331,-0.18085529471338901,304.0,314.0,1500.0,1439.0,17.0,250.0,2.0,15.0,28.0,0.15246366765726452,0.01018870094207483,0.14794989923049984,0.005310971377744139
