route,global_solution_id,source_run,source_solution_id,P_peak_grid_opt_kw,replay_peak_kw,lcoe_original_usd_kwh,replay_lcoe_usd_kwh,E_load_total_kwh,demand_charge_usd_kw_month,d1_annual_peak_charge_usd,d2_monthly_demand_charge_usd,d2_minus_d1_usd,d2_vs_d1_percent,d2_lcoe_increment_usd_kwh,lcoe_D2_usd_kwh,lcoe_D2_increase_percent,replay_valid,solve_time_sec,pv_kw,bsv_kwh,electrolyzer_kw,h2_tank_kg,fuelcell_kw,biomethane_storage_nm3,chp_kw,globally_nondominated_D2
H2,0,warm_start_20260831_030140,0,351.2476001141024,351.2476001141024,0.1940992206737364,0.19409922067373647,2268096.0450061434,30.0,126449.13604107687,124838.7043897615,-1610.4316513153753,98.72641941120719,0.05504118957600111,0.2491404102497375,28.357243983230866,True,10.834999999999987,990.0,1241.0,441.0,200.0,117.0,,,True
H2,1,warm_start_20260831_030140,1,352.2476001141024,352.2476001141024,0.1921594783204994,0.19215947832049945,2268096.0450061434,30.0,126809.13604107687,126085.29821759765,-723.8378234792181,99.4291911087189,0.05559081084560338,0.24775028916610278,28.929517987598015,True,10.436999999999998,979.0,1264.0,434.0,165.0,116.0,,,True
H2,2,warm_start_20260831_030140,2,353.2476001141024,353.2476001141024,0.1911546434692603,0.19115464346926037,2268096.0450061434,30.0,127169.13604107687,126308.06073321737,-861.0753078595008,99.32288970841057,0.05568902649044355,0.24684366995970386,29.132970813444526,True,12.471999999999987,914.0,1262.0,448.0,186.0,115.0,,,True
H2,3,warm_start_20260831_030140,3,354.2476001141024,354.2476001141024,0.1906083361450367,0.19060833614503675,2268096.0450061434,30.0,127529.13604107687,126013.94052625117,-1515.1955148256966,98.81188286703545,0.05555934935105883,0.24616768549609552,29.14843625138352,True,11.183999999999987,975.0,1427.0,431.0,134.0,114.0,,,True
H2,4,warm_start_20260831_030140,4,355.2476001141024,355.2476001141024,0.1891082855113361,0.1891082855113361,2268096.0450061434,30.0,127889.13604107687,125997.3875732713,-1891.7484678055625,98.52079032952577,0.0555520511799711,0.2446603366913072,29.375789130424444,True,9.415999999999991,867.0,1288.0,469.0,133.0,113.0,,,True
H2,5,warm_start_20260831_030140,5,356.2522600419826,356.2522600419826,0.188107704181706,0.18810770418170608,2268096.0450061434,30.0,128250.81361511373,127941.5707255243,-309.24288958942634,99.75887646957354,0.05640923849200476,0.24451694267371077,29.987734280949624,True,10.397999999999998,905.0,1260.0,436.0,121.0,113.0,,,True
H2,6,warm_start_20260831_030140,6,358.2476001141024,358.2476001141024,0.1878668687133955,0.18786686871339559,2268096.0450061434,30.0,128969.13604107687,127610.44727023719,-1358.6887708396825,98.94650083535727,0.05626324667829115,0.24413011539168666,29.948466732643958,True,11.843999999999982,920.0,1252.0,427.0,118.0,110.0,,,True
H2,7,warm_start_20260831_030140,7,358.6139342315874,358.6139342315874,0.187070762844149,0.18707076284414903,2268096.0450061434,30.0,129101.01632337147,128792.20652837571,-308.80979499575915,99.76079987300622,0.056784282487484725,0.2438550453316337,30.354440011982213,True,12.055999999999976,904.0,1294.0,429.0,105.0,112.0,,,True
H2,8,warm_start_20260831_030140,8,361.2476001141024,361.2476001141024,0.1848962386193645,0.1848962386193645,2268096.0450061434,30.0,130049.13604107687,128795.89793599074,-1253.2381050861295,99.03633492444712,0.05678591002333055,0.24168214864269505,30.712312185123743,True,11.63299999999998,867.0,1280.0,428.0,88.0,107.0,,,True
H2,9,warm_start_20260831_030140,9,362.052265304304,362.05226530430394,0.1842810581894472,0.1842810581894472,2268096.0450061434,30.0,130338.81550954943,129889.5016945448,-449.31381500462885,99.65527244263494,0.05726807821059138,0.24154913640003858,31.076486521863707,True,11.772999999999973,849.0,1280.0,428.0,88.0,107.0,,,True
H2,10,warm_start_20260831_030140,10,364.2476001141024,364.2476001141024,0.183699646115363,0.18369964611536305,2268096.0450061434,30.0,131129.13604107685,130371.14708312477,-757.9889579520823,99.42195229768413,0.05748043490934779,0.24118008102471078,31.290444007306466,True,11.956999999999992,850.0,1291.0,416.0,99.0,104.0,,,True
H2,11,warm_start_20260831_030140,11,366.69099209102114,366.69099209102114,0.1830445120640078,0.18304451206400787,2268096.0450061434,30.0,132008.75715276762,131722.46827665466,-286.28887611295795,99.78312887547176,0.05807623031073972,0.2411207423747475,31.727927625839648,True,11.642999999999981,852.0,1296.0,402.0,107.0,102.0,,,True
H2,12,warm_start_20260831_030140,12,369.21438560785737,369.21438560785737,0.1828125580574107,0.1828125580574107,2268096.0450061434,30.0,132917.17881882866,132634.35469946684,-282.824119361816,99.78721778337824,0.05847827960879302,0.2412908376662037,31.988108601613913,True,11.769999999999989,844.0,1280.0,399.0,112.0,102.0,,,False
H2,13,warm_start_20260831_030140,13,369.8845469503185,369.8845469503185,0.1819240803207736,0.1819240803207736,2268096.0450061434,30.0,133158.43690211466,132741.20088853792,-417.2360135767376,99.68666197705261,0.058525387926496905,0.24044946824727048,32.17022607634092,True,12.037999999999991,833.0,1396.0,399.0,106.0,101.0,,,True
H2,14,warm_start_20260831_030140,14,371.2476001141024,371.2476001141024,0.1814814678485158,0.18148146784851588,2268096.0450061434,30.0,133649.13604107685,132436.32324883717,-1212.8127922396816,99.09253974386566,0.05839096785183912,0.2398724357003549,32.174617355739365,True,11.961999999999987,849.0,1278.0,387.0,91.0,97.0,,,True
H2,15,warm_start_20260831_030140,15,374.2476001141024,374.2476001141024,0.1811360334533573,0.18113603345335733,2268096.0450061434,30.0,134729.13604107685,132008.7986892676,-2720.337351809256,97.980884141512,0.05820247294197369,0.239338506395331,32.131913144140306,True,11.90299999999998,852.0,1275.0,383.0,86.0,94.0,,,True
H2,16,warm_start_20260831_030140,16,375.2476001141024,375.2476001141024,0.1801858679452257,0.18018586794522573,2268096.0450061434,30.0,135089.13604107685,134753.0604228039,-336.0756182729674,99.75121935921571,0.059412413649545824,0.23959828159477153,32.972848718416955,True,9.544999999999991,780.0,1374.0,409.0,100.0,93.0,,,False
H2,17,warm_start_20260831_030140,17,376.2476001141024,376.2476001141024,0.1797351141556438,0.17973511415564386,2268096.0450061434,30.0,135449.13604107685,133691.9629187688,-1757.1731223080424,98.70270628985396,0.05894457741907781,0.23867969157472163,32.795248550060194,True,9.591999999999999,820.0,1266.0,376.0,89.0,92.0,,,True
H2,18,warm_start_20260831_030140,18,377.23945331429786,377.23945331429786,0.179370032719817,0.17937003271981708,2268096.0450061434,30.0,135806.20319314723,135527.27692513049,-278.92626801674487,99.79461448633532,0.059753764494908504,0.2391237972147255,33.31312571495497,True,9.618999999999998,835.0,1276.0,363.0,87.0,93.0,,,False
H2,19,warm_start_20260831_030140,19,377.2476001141024,377.2476001141024,0.1778909995986625,0.17789099959866253,2268096.0450061434,30.0,135809.13604107685,135184.37342934703,-624.7626117298205,99.53997011545611,0.05960257887975854,0.23749357847842104,33.505112127216734,True,11.236999999999991,790.0,1495.0,370.0,106.0,91.0,,,True
H2,20,warm_start_20260831_030140,20,380.2476001141024,380.2476001141024,0.1777144879755587,0.1777144879755587,2268096.0450061434,30.0,136889.13604107685,134782.41918707645,-2106.716854000406,98.46100507686144,0.05942535788281019,0.2371398458583689,33.43866814673154,True,9.73799999999999,773.0,1272.0,369.0,94.0,88.0,,,True
H2,21,warm_start_20260831_030140,21,381.9500064836302,381.9500064836302,0.1763554961296084,0.1763554961296084,2268096.0450061434,30.0,137502.0023341069,137239.251506273,-262.7508278338937,99.80891127156428,0.06050857141100533,0.23686406754061373,34.310567427133634,True,9.692,771.0,1278.0,350.0,91.0,87.0,,,True
H2,22,warm_start_20260831_030140,22,384.2476001141024,384.2476001141024,0.1753223458816753,0.1753223458816753,2268096.0450061434,30.0,138329.13604107685,136678.78768181862,-1650.3483592582343,98.80694089004636,0.06026146378710713,0.23558380966878245,34.3718100987409,True,10.15799999999999,741.0,1340.0,360.0,93.0,84.0,,,True
H2,23,warm_start_20260831_030140,23,385.2476001141024,385.2476001141024,0.1739353559381551,0.17393535593815512,2268096.0450061434,30.0,138689.13604107685,137924.82956783212,-764.3064732447383,99.44890674564563,0.060810841706422765,0.23474619764457785,34.96174850617768,True,12.633999999999991,739.0,1346.0,341.0,90.0,83.0,,,True
H2,24,warm_start_20260831_030140,24,386.2476001141024,386.2476001141024,0.1739205686402528,0.17392056864025282,2268096.0450061434,30.0,139049.13604107685,137727.9620153707,-1321.174025706161,99.04985096396724,0.060724043110351456,0.23464461175060425,34.91481403557076,True,12.265999999999984,740.0,1332.0,339.0,89.0,82.0,,,True
H2,25,warm_start_20260831_030140,25,387.2476001141024,387.2476001141024,0.1725858493832217,0.17258584938322175,2268096.0450061434,30.0,139409.13604107685,138801.75620323909,-607.3798378377687,99.56431848364744,0.06119747728886989,0.2337833266720916,35.45915120363242,True,11.897999999999996,731.0,1369.0,331.0,82.0,81.0,,,True
H2,26,warm_start_20260831_030140,26,389.4913761896632,389.49137618966324,0.1720445985024824,0.1720445985024824,2268096.0450061434,30.0,140216.89542827877,139960.0602488106,-256.8351794681803,99.8168300769435,0.061708171731515674,0.2337527702339981,35.86754380471021,True,11.760999999999981,740.0,1375.0,317.0,85.0,79.0,,,True
H2,27,warm_start_20260831_030140,27,390.5644295673601,390.5644295673601,0.1711753558107001,0.17117535581070017,2268096.0450061434,30.0,140603.19464424963,140351.27032353205,-251.92432071757503,99.82082603360828,0.06188065564179047,0.23305601145249055,36.15044662750591,True,10.14699999999999,722.0,1377.0,315.0,82.0,78.0,,,True
H2,28,warm_start_20260831_030140,28,392.2476001141024,392.2476001141024,0.1704329653568099,0.17043296535680993,2268096.0450061434,30.0,141209.13604107685,140952.3652617512,-256.7707793256559,99.81816277152849,0.06214567746021946,0.23257864281702936,36.46341382966282,True,10.084,733.0,1449.0,304.0,84.0,76.0,,,True
H2,29,warm_start_20260831_030140,29,393.2476001141024,393.2476001141024,0.1696345910298315,0.16963459102983153,2268096.0450061434,30.0,141569.13604107685,141286.09279365395,-283.0432474229019,99.80006712244061,0.06229281740724135,0.23192740843707285,36.721765902266185,True,10.531999999999998,717.0,1462.0,302.0,83.0,75.0,,,True
H2,30,cold_start_20260830_174912,6,396.2476001141024,396.2476001141024,0.168111081056778,0.16811108105677808,2268096.0450061434,30.0,142649.13604107685,141179.30280474096,-1469.8332363358932,98.96961644694949,0.06224573386809929,0.23035681492487728,37.02655022905739,True,10.096999999999992,698.0,1445.0,298.0,64.0,72.0,,,True
H2,31,cold_start_20260830_174912,7,398.2476001141024,398.2476001141024,0.1678128710398972,0.1678128710398972,2268096.0450061434,30.0,143369.13604107685,142112.84785745977,-1256.2881836170855,99.12373874997952,0.06265733242221444,0.23047020346211164,37.33762019202793,True,10.204000000000008,685.0,1437.0,289.0,88.0,70.0,,,False
H2,32,cold_start_20260830_174912,8,399.2476001141024,399.2476001141024,0.1674704637923121,0.16747046379231217,2268096.0450061434,30.0,143729.13604107685,143280.68377084073,-448.45227023612824,99.68798791769822,0.06317222945047402,0.2306426932427861,37.72141547826418,True,10.595999999999993,669.0,1444.0,299.0,75.0,69.0,,,False
H2,33,cold_start_20260830_174912,9,399.9081249317324,399.90812493173235,0.1669851234583562,0.1669851234583562,2268096.0450061434,30.0,143966.92497542364,143966.92497542355,-8.731149137020111e-11,99.99999999999994,0.06347479212461375,0.23045991558296997,38.01224373166601,True,15.872999999999989,668.0,1447.0,289.0,81.0,70.0,,,False
H2,34,cold_start_20260830_174912,10,400.2476001141024,400.2476001141024,0.1664921591060872,0.16649215910608722,2268096.0450061434,30.0,144089.13604107685,143067.5411803923,-1021.5948606845632,99.29099799696674,0.06307825521560079,0.22957041432168798,37.886622141411436,True,10.125999999999989,668.0,1448.0,289.0,67.0,68.0,,,True
H2,35,cold_start_20260830_174912,11,403.2476001141024,403.2476001141024,0.1662783368718746,0.16627833687187463,2268096.0450061434,30.0,145169.13604107685,142018.59533198547,-3150.5407090913795,97.82974481008145,0.06261577663109977,0.22889411350297437,37.657206470226015,True,10.924999999999986,683.0,1485.0,278.0,78.0,65.0,,,True
H2,36,cold_start_20260830_174912,12,403.6642641627534,403.6642641627534,0.1652410276253437,0.1652410276253437,2268096.0450061434,30.0,145319.1350985912,145159.04760073606,-160.0874978551583,99.88983728966832,0.06400039712619086,0.22924142475153458,38.73154146154369,True,15.679999999999987,696.0,1460.0,255.0,67.0,65.0,,,False
H2,37,cold_start_20260830_174912,13,404.2476001141024,404.2476001141024,0.1651489040904277,0.1651489040904277,2268096.0450061434,30.0,145529.13604107685,144190.84803564296,-1338.2880054338893,99.08039857732945,0.06357351945175338,0.22872242354218109,38.49466625400284,True,21.685999999999975,674.0,1412.0,262.0,61.0,64.0,,,True
H2,38,cold_start_20260830_174912,14,405.2476001141024,405.2476001141024,0.1648750254705174,0.1648750254705174,2268096.0450061434,30.0,145889.13604107685,145199.0210382898,-690.1150027870608,99.52695929147681,0.06401802135230852,0.22889304682282594,38.82821013650493,True,22.587000000000003,657.0,1380.0,256.0,70.0,63.0,,,False
H2,39,cold_start_20260830_174912,15,406.2318256052895,406.2318256052895,0.1643237486272318,0.1643237486272318,2268096.0450061434,30.0,146243.45721790422,146243.45721790422,0.0,100.0,0.06447851163089,0.2288022602581218,39.23870540292956,True,13.770999999999988,637.0,1333.0,256.0,49.0,64.0,,,False
H2,40,cold_start_20260830_174912,16,407.2476001141024,407.2476001141024,0.1640030798212372,0.1640030798212372,2268096.0450061434,30.0,146609.13604107685,145067.423037757,-1541.7130033198628,98.94841955627656,0.06395999999963144,0.22796307982086866,38.99926761701525,True,13.936999999999989,637.0,1450.0,270.0,62.0,61.0,,,True
H2,41,cold_start_20260830_174912,17,409.2257929892148,409.2257929892148,0.1616318346458821,0.1616318346458821,2268096.0450061434,30.0,147321.28547611734,147321.28547611734,0.0,100.0,0.06495372442471602,0.22658555907059813,40.186219853918395,True,13.600999999999976,628.0,1462.0,240.0,58.0,60.0,,,True
H2,42,cold_start_20260830_174912,18,413.2444705279062,413.2444705279062,0.1615583756877379,0.1615583756877379,2268096.0450061434,30.0,148768.00939004624,148768.00939004612,-1.1641532182693481e-10,99.99999999999993,0.06559158273636652,0.2271499584241044,40.59930811828833,True,13.868999999999991,631.0,1469.0,237.0,58.0,62.0,,,False
H2,43,cold_start_20260830_174912,19,415.525792989215,415.525792989215,0.1609312956483505,0.16093129564835054,2268096.0450061434,30.0,149589.2854761174,149589.2854761174,0.0,100.0,0.06595368207862301,0.2268849777269735,40.98250859965597,True,12.788999999999984,628.0,1487.0,230.0,60.0,61.0,,,False
H2,44,cold_start_20260830_174912,20,416.2476001141024,416.2476001141024,0.1607414032066769,0.16074140320667693,2268096.0450061434,30.0,149849.13604107685,148559.854368048,-1289.2816730288614,99.13961354259965,0.0654998075126248,0.2262412107193017,40.74856023771731,True,12.582999999999984,589.0,1425.0,218.0,103.0,52.0,,,True
H2,45,cold_start_20260830_174912,21,416.708559535566,416.708559535566,0.1603264142720194,0.16032641427201946,2268096.0450061434,30.0,150015.08143280377,150008.6817450197,-6.399687784054549,99.99573397039623,0.06613859323784209,0.22646500750986148,41.25246207130123,True,12.217999999999993,615.0,1472.0,227.0,57.0,60.0,,,False
H2,46,cold_start_20260830_174912,22,417.6075019108348,417.6075019108348,0.159091688582614,0.159091688582614,2268096.0450061434,30.0,150338.70068790053,150195.39522706706,-143.30546083347872,99.90467826303023,0.06622091492014406,0.22531260350275806,41.62437114730636,True,12.829999999999991,609.0,1471.0,209.0,62.0,54.0,,,True
H2,47,cold_start_20260830_174912,23,420.2040016631363,420.2040016631363,0.1581494497185158,0.15814944971851586,2268096.0450061434,30.0,151273.44059872907,150841.89024689523,-431.55035183383734,99.71472166553112,0.06650595356356995,0.22465540328208575,42.052598780420276,True,12.534999999999993,605.0,1460.0,193.0,63.0,50.0,,,True
H2,48,cold_start_20260830_174912,24,422.3718753759081,422.3718753759081,0.1568482658880926,0.15684826588809264,2268096.0450061434,30.0,152053.87513532693,151692.7221799868,-361.1529553401342,99.76248355721371,0.06688108403256614,0.22372934992065874,42.64062701227705,True,12.239999999999993,594.0,1430.0,180.0,39.0,46.0,,,True
H2,49,cold_start_20260830_174912,25,424.2476001141024,424.2476001141024,0.1558592571612314,0.15585925716123147,2268096.0450061434,30.0,152729.13604107685,151014.25247317587,-1714.883567900979,98.8771732674244,0.06658194779964305,0.22244120496087444,42.71927700179282,True,12.507,558.0,1460.0,193.0,34.0,44.0,,,True
H2,50,cold_start_20260830_174912,26,428.9476228014519,428.94762280145187,0.1543380188643187,0.15433801886431872,2268096.0450061434,30.0,154421.1442085227,153673.34426081416,-747.799947708525,99.51573992568095,0.06775433721123478,0.22209235607555347,43.899965614304556,True,11.899999999999995,572.0,1459.0,158.0,27.0,41.0,,,True
H2,51,cold_start_20260830_174912,27,431.2476001141024,431.2476001141024,0.1540310924193837,0.15403109241938376,2268096.0450061434,30.0,155249.13604107685,153856.39574460228,-1392.7402964745706,99.10289980866234,0.0678350443242299,0.2218661367436136,44.039838488929234,True,12.193,561.0,1429.0,147.0,33.0,37.0,,,True
H2,52,cold_start_20260830_174912,28,435.2476001141024,435.2476001141024,0.153152435855222,0.15315243585522206,2268096.0450061434,30.0,156689.13604107685,152797.11599343465,-3892.0200476422033,97.51608813094617,0.06736800953815904,0.22052044539338106,43.987553421509624,True,11.882999999999983,557.0,1474.0,146.0,36.0,33.0,,,True
H2,53,cold_start_20260830_174912,29,436.8806710097879,436.8806710097879,0.1529465479376509,0.15294654793765097,2268096.0450061434,30.0,157277.04156352364,155540.19905685866,-1736.8425066649797,98.89567956683399,0.06857743057192156,0.22152397850957245,44.837514475892156,True,12.141999999999976,566.0,1471.0,132.0,47.0,37.0,,,False
H2,54,cold_start_20260830_174912,30,438.2476001141024,438.2476001141024,0.1514607160103072,0.15146071601030728,2268096.0450061434,30.0,157769.13604107685,152340.12385162179,-5429.012189455068,96.55888830623908,0.06716652241735607,0.21862723842766327,44.345837116460785,True,11.807999999999987,503.0,1482.0,149.0,28.0,30.0,,,True
H2,55,cold_start_20260830_174912,31,442.35360330039424,442.35360330039424,0.1507531692177357,0.1507531692177357,2268096.0450061434,30.0,159247.29718814194,157150.98569688867,-2096.311491253262,98.68361251445505,0.06928762388299257,0.22004079310072827,45.96097331985049,True,12.345999999999991,558.0,1477.0,95.0,40.0,27.0,,,False
H2,56,cold_start_20260830_174912,32,443.8201519946388,443.82015199463876,0.1481620181154153,0.14816201811541538,2268096.0450061434,30.0,159775.25471806995,157857.83301137548,-1917.4217066944693,98.79992573939073,0.06959927175877065,0.21776128987418594,46.9751105202645,True,13.387999999999979,481.0,1484.0,96.0,35.0,26.0,,,True
H2,57,cold_start_20260830_174912,33,457.2476001141024,457.2476001141024,0.1462597824230723,0.14625978242307236,2268096.0450061434,30.0,164609.13604107685,157435.47684401946,-7173.659197057394,95.64200422310262,0.06941305558495123,0.21567283800802353,47.458743910999694,True,9.536999999999983,462.0,1488.0,64.0,17.0,11.0,,,True
H2,58,cold_start_20260830_174912,34,459.2476001141024,459.2476001141024,0.1457608918658615,0.14576089186586152,2268096.0450061434,30.0,165329.13604107685,159120.62109305206,-6208.514948024793,96.24475449597568,0.07015603304957091,0.2159169249154324,48.13090270751978,True,13.207000000000004,453.0,1445.0,38.0,23.0,9.0,,,False
H2,59,cold_start_20260830_174912,35,464.2476001141024,464.2476001141024,0.1428990508278387,0.14289905082783871,2268096.0450061434,30.0,167129.13604107685,160505.7358980306,-6623.400143046252,96.03695663129716,0.07076672800141312,0.2136657788292518,49.52218198193014,True,13.771999999999991,425.0,1486.0,16.0,14.0,4.0,,,True
H2,60,cold_start_20260830_174912,36,466.2476001141024,466.2476001141024,0.1422749667151897,0.14227496671518972,2268096.0450061434,30.0,167849.13604107685,160904.0640310699,-6945.072010006959,95.86231292348903,0.07094235025247093,0.2132173169676606,49.86284789964876,True,9.77799999999998,314.0,1439.0,15.0,28.0,2.0,,,True
B1,0,seed42,0,410.4523135750388,410.45231357503883,0.1896951589458584,0.18969515894585845,2268096.0450061434,30.0,147762.83288701397,147762.1431090664,-0.6897779475548305,99.99953318575851,0.06514809786578776,0.25484325681164616,34.34357430512074,True,8.934999999999985,303.0,50.0,,,,369.0,63.0,False
B1,1,seed42,1,410.89810198526726,410.89810198526726,0.1896638543215509,0.18966385432155097,2268096.0450061434,30.0,147923.3167146962,147923.3167146962,0.0,100.0,0.06521915905650968,0.2548830133780606,34.38670973433816,True,10.004999999999988,301.0,49.0,,,,368.0,63.0,False
B1,2,seed42,2,411.3515545949132,411.3515545949132,0.1896327739858213,0.18963277398582132,2268096.0450061434,30.0,148086.55965416876,148086.55965416873,-2.9103830456733704e-11,99.99999999999997,0.06529113261328738,0.2549239065991087,34.43029980575465,True,8.648999999999981,299.0,48.0,,,,367.0,63.0,False
B1,3,seed42,3,415.8640348984492,415.8640348984492,0.1889148842379263,0.1889148842379263,2268096.0450061434,30.0,149711.0525634417,149711.05256344168,-2.9103830456733704e-11,99.99999999999997,0.06600736899703741,0.2549222532349637,34.94026913935766,True,8.498000000000001,290.0,55.0,,,,350.0,62.0,False
B1,4,seed42,4,417.2476001141025,417.2476001141025,0.1880357124302613,0.18803571243026138,2268096.0450061434,30.0,150209.1360410769,146890.95987372386,-3318.1761673530564,97.79096248416897,0.06476399453944905,0.2527997069697103,34.44239059825868,True,7.412000000000004,268.0,69.0,,,,382.0,51.0,False
B1,5,seed42,5,417.7717201674743,417.77172016747426,0.1874495245897559,0.18744952458975594,2268096.0450061434,30.0,150397.81926029074,150397.8192602907,-2.9103830456733704e-11,99.99999999999997,0.0663101633598957,0.2537596879496516,35.374943470792644,True,7.474999999999987,268.0,69.0,,,,345.0,51.0,False
B1,6,seed42,6,425.24760011410217,425.24760011410217,0.1869900375412441,0.18699003754124413,2268096.0450061434,30.0,153089.1360410768,149787.03539474416,-3302.100646332634,97.84302091466071,0.066040869708557,0.2530309072498011,35.317854671263156,True,8.261999999999974,257.0,63.0,,,,330.0,43.0,False
B1,7,seed42,7,425.2476001141032,425.24760011410314,0.1862552695362151,0.1862552695362151,2268096.0450061434,30.0,153089.13604107714,149770.95987372368,-3318.176167353464,97.83252015579791,0.06603378203647368,0.25228905157268877,35.453376541185165,True,8.56099999999999,248.0,77.0,,,,310.0,43.0,False
B1,8,seed42,8,427.2476001141026,427.2476001141026,0.1861305528652083,0.18613055286520835,2268096.0450061434,30.0,153809.13604107697,150490.95987372365,-3318.1761673533183,97.84266640281554,0.06635122891072985,0.25248178177593816,35.64768270944747,True,8.461999999999989,227.0,79.0,,,,354.0,41.0,False
B1,9,seed42,9,428.2476001141022,428.2476001141022,0.1856939619004292,0.18569396190042922,2268096.0450061434,30.0,154169.1360410768,150850.95987372386,-3318.17616735294,97.84770398760692,0.06650995234785803,0.25220391424828725,35.81697092742374,True,8.224999999999993,231.0,69.0,,,,264.0,40.0,False
B1,10,seed42,10,428.3578345096222,428.3578345096222,0.185306319655312,0.18530631965531205,2268096.0450061434,30.0,154208.820423464,153990.1754859404,-218.6449375236116,99.8582150249751,0.06789402760301683,0.25320034725832885,36.638808503296815,True,8.450999999999992,245.0,105.0,,,,346.0,41.0,False
B1,11,seed42,11,430.2476001141024,430.2476001141024,0.1844669162026829,0.18446691620268293,2268096.0450061434,30.0,154889.13604107685,153589.64944461067,-1299.4865964661876,99.16102147014264,0.06771743629763027,0.2521843525003132,36.70980015908424,True,8.003999999999976,231.0,97.0,,,,249.0,38.0,False
B1,12,seed42,12,436.2476001141032,436.24760011410314,0.1844436944185219,0.18444369441852193,2268096.0450061434,30.0,157049.13604107714,153588.75992996342,-3460.3761111137283,97.7966283684562,0.06771704411201308,0.252160738530535,36.71420935559666,True,8.126999999999986,252.0,113.0,,,,315.0,32.0,False
B1,13,seed42,13,439.24760011410217,439.24760011410217,0.1842310197452163,0.18423101974521638,2268096.0450061434,30.0,158129.1360410768,154648.63138080924,-3480.5046602675575,97.79894790586636,0.06818433977754693,0.2524153595227632,37.010238488525424,True,8.360999999999981,240.0,70.0,,,,168.0,29.0,False
B1,14,seed42,14,439.2476001141031,439.2476001141031,0.1841112831778918,0.18411128317789185,2268096.0450061434,30.0,158129.13604107712,154578.75992996324,-3550.376111113874,97.75476158284226,0.06815353356411524,0.25226481674200707,37.01757566822453,True,7.684999999999988,251.0,113.0,,,,300.0,29.0,False
B1,15,seed42,15,440.24760011410217,440.24760011410217,0.1838903840195606,0.1838903840195606,2268096.0450061434,30.0,158489.1360410768,154910.46559114152,-3578.670449935278,97.74200898602427,0.06829978207149598,0.2521901660910566,37.141573462716174,True,7.946999999999987,249.0,114.0,,,,288.0,28.0,False
B1,16,seed42,16,442.2476001141025,442.2476001141025,0.1826997698082532,0.1826997698082532,2268096.0450061434,30.0,159209.1360410769,155568.7599299634,-3640.3761111135245,97.71346280644705,0.06859002301621756,0.2512897928244707,37.542479165794276,True,7.838000000000001,241.0,129.0,,,,227.0,26.0,False
B1,17,seed43,0,443.24760011410217,443.24760011410217,0.1824317355828486,0.18243173558284864,2268096.0450061434,30.0,159569.1360410768,157112.06992843733,-2457.06611263947,98.4601871178854,0.06927046598152847,0.25170220156437706,37.970622688107,True,7.330999999999985,229.0,118.0,,,,180.0,25.0,False
B1,18,seed43,1,443.2476001141024,443.2476001141024,0.1819924357681663,0.18199243576816634,2268096.0450061434,30.0,159569.13604107685,155898.7599299632,-3670.376111113641,97.69982077851897,0.06873551950025156,0.25072795526841785,37.76833867304864,True,7.804999999999984,223.0,134.0,,,,191.0,25.0,False
B1,19,seed43,2,443.4132164387021,443.4132164387021,0.1818002142053701,0.18180021420537015,2268096.0450061434,30.0,159628.75791793276,158355.1855814376,-1273.5723364951555,99.202166105214,0.06981855372928385,0.25161876793465393,38.4039997061904,True,7.584999999999985,208.0,135.0,,,,196.0,25.0,False
B1,20,seed43,3,443.888325495238,443.888325495238,0.1817663688987137,0.18176636889871373,2268096.0450061434,30.0,159799.7971782857,158454.95848331015,-1344.8386949755368,99.15842277729857,0.06986254344572121,0.2516289123444349,38.435351857994675,True,6.937,208.0,136.0,,,,196.0,25.0,False
B1,21,seed43,4,444.4525024531778,444.4525024531778,0.1817269387936106,0.18172693879361065,2268096.0450061434,30.0,160002.900883144,158573.4356444775,-1429.4652386665111,99.106600423632,0.06991477984083694,0.2516417186344475,38.47243579018297,True,7.731999999999983,207.0,137.0,,,,196.0,25.0,False
B1,22,seed43,5,445.0569792098141,445.0569792098141,0.1816927970705297,0.18169279707052974,2268096.0450061434,30.0,160220.51251553308,158699.16676941002,-1521.3457461230573,99.05046755734503,0.06997021449723491,0.2516630115677646,38.510175210783835,True,8.149999999999991,207.0,138.0,,,,196.0,25.0,False
B1,23,seed42,17,445.2476001141024,445.2476001141024,0.1798323053306534,0.17983230533065347,2268096.0450061434,30.0,160289.13604107685,158000.76155125452,-2288.3744898223376,98.57234585802752,0.06966228872852981,0.2494945940591832,38.73736067634979,True,8.252999999999973,249.0,230.0,,,,274.0,23.0,False
B1,24,seed43,8,447.9349765967564,447.9349765967564,0.1786353756972715,0.17863537569727153,2268096.0450061434,30.0,161256.59157483233,159304.75521462905,-1951.8363602032769,98.78960832475644,0.07023721749587442,0.24887259319314592,39.318761595633504,True,7.939999999999995,242.0,255.0,,,,250.0,21.0,False
B1,25,seed43,9,448.24760011410257,448.24760011410257,0.1785389203925819,0.17853892039258196,2268096.0450061434,30.0,161369.13604107694,159346.0744799079,-2023.0615611690446,98.74631443731961,0.07025543509533182,0.24879435548791373,39.35020719339516,True,8.033999999999988,212.0,253.0,,,,275.0,20.0,False
B1,26,seed43,10,448.6937270185009,448.6937270185009,0.1770125942932474,0.17701259429324742,2268096.0450061434,30.0,161529.74172666034,159464.09280319535,-2065.6489234649925,98.72119592256857,0.0703074691895437,0.2473200634827911,39.71890783831405,True,8.03499999999999,206.0,290.0,,,,232.0,20.0,False
B1,27,seed43,11,449.2476001141023,449.2476001141023,0.176811587805854,0.176811587805854,2268096.0450061434,30.0,161729.13604107682,159480.7089960634,-2248.4270450134354,98.60975758601569,0.07031479524299926,0.24712638304885326,39.76820530575612,True,7.890999999999997,206.0,291.0,,,,217.0,19.0,False
B1,28,seed43,12,451.6051142380329,451.6051142380329,0.1760417945530227,0.17604179455302274,2268096.0450061434,30.0,162577.84112569183,159879.75833324873,-2698.082792443107,98.34043632652426,0.07049073547183743,0.24653253002486014,40.04204549880685,True,7.321999999999987,206.0,313.0,,,,212.0,18.0,False
B1,29,seed43,13,457.263901370698,457.263901370698,0.1756872637582665,0.17568726375826652,2268096.0450061434,30.0,164615.0044934513,160874.13246657897,-3740.8720268723264,97.72750239968488,0.07092915347248588,0.24661641723075237,40.3723935105959,True,8.09199999999997,206.0,323.0,,,,208.0,18.0,False
B1,30,seed43,14,457.8096680508502,457.8096680508502,0.1682453963728939,0.16824539637289398,2268096.0450061434,30.0,164811.48049830607,160939.62446819726,-3871.8560301088146,97.65073645452229,0.07095802879360047,0.23920342516649437,42.17531672387118,True,8.583999999999977,242.0,575.0,,,,191.0,21.0,False
B1,31,seed43,15,461.13987986295103,461.13987986295103,0.167261545367826,0.16726154536782603,2268096.0450061434,30.0,166010.35675066238,161139.43717692333,-4870.919573739055,97.06589415920907,0.071046125904464,0.23830767127229002,42.47606689763985,True,8.647999999999982,266.0,619.0,,,,187.0,22.0,False
B1,32,seed42,23,462.5668151816717,462.5668151816717,0.166196214672857,0.16619621467285703,2268096.0450061434,30.0,166524.0534654018,161225.05329604656,-5299.000169355248,96.81787702191852,0.07108387391752181,0.2372800885903788,42.771054718330575,True,8.646999999999984,232.0,647.0,,,,182.0,28.0,False
B1,33,seed43,16,468.2476001141024,468.2476001141024,0.1426389278527557,0.14263892785275575,2268096.0450061434,30.0,168569.13604107685,161395.47684401946,-7173.659197057394,95.74438158399927,0.0711590133933602,0.2137979412461159,49.887512802127006,True,8.832999999999974,304.0,1500.0,,,,250.0,17.0,False
