solution_id,pv_kw,bsv_kwh,electrolyzer_kw,h2_tank_kg,fuelcell_kw,lcoe_usd_kwh,rank,crowding_distance,milp_status,solve_time_sec,capex_total_usd,annualized_capex_usd,fixed_opex_annual_usd,variable_h2_opex_annual_usd,degradation_opex_annual_usd,grid_opex_annual_usd,grid_peak_opex_annual_usd,E_grid_total_kwh,E_load_total_kwh,E_grid_peak_opt_kwh,E_grid_peak_ref_kwh,R_peak_percent,P_peak_grid_opt_kw,P_peak_grid_ref_kw,Peak_reduction_percent,peak_grid_dependency_ratio,peak_grid_dependency_percent,total_grid_dependency_ratio,grid_dependency_objective,E_grid_peak_opt_kWh,E_grid_peak_ref_kWh,scenario,label
0,832.0,775.0,356.0,430.0,93.0,0.1860095942961223,0,inf,OPTIMAL,11.805999999999996,2093400.0,175601.70873786407,33029.5,18719.086666750845,0.0,194537.3297516175,31811.61794370039,1175728.4157014485,2268096.0450061434,90890.33698200111,325732.2452614388,72.09661054310088,363.4791496889529,474.8149521321564,23.448251143577124,0.2790338945689912,27.903389456899124,0.5183768201924905,0.3827092586074894,90890.33698200111,325732.2452614388,tariff_035_with_h2,"0,35 USD/kWh | Com penalização"
1,821.0,778.0,351.0,395.0,91.0,0.1845912101241107,0,0.1219255792638147,OPTIMAL,11.955000000000002,2049460.0,171915.86796116503,32448.0,18409.92681957629,0.0,195896.7988446522,32398.216216180444,1182556.8829027084,2268096.0450061434,92566.33204622984,325732.2452614388,71.58207902569352,365.4791496889529,474.8149521321564,23.02703441671985,0.2841792097430647,28.41792097430648,0.5213874807049916,0.3884567058840631,92566.33204622984,325732.2452614388,tariff_035_with_h2,"0,35 USD/kWh | Com penalização"
2,794.0,785.0,353.0,368.0,92.0,0.1831141690851832,0,0.328778012468971,OPTIMAL,12.149,2013100.0,168865.8640776699,32173.5,18277.87366459892,0.0,196003.2849444214,31594.81168250229,1186327.3789342293,2268096.0450061434,90270.89052143513,325732.2452614388,72.28678098817572,365.9352596099437,474.8149521321564,22.930973852716395,0.2771321901182427,27.713219011824275,0.5230498865099938,0.3817421674202415,90270.89052143513,325732.2452614388,tariff_035_with_h2,"0,35 USD/kWh | Com penalização"
3,709.0,913.0,374.0,377.0,87.0,0.1803052945128303,0,0.3140126341377831,OPTIMAL,11.537,1997160.0,167528.76116504855,32726.5,18337.980878375463,0.0,190356.4833347944,25825.324088181274,1170661.0352293672,2268096.0450061434,73786.64025194652,325732.2452614388,77.34745597792322,369.4791496889529,474.8149521321564,22.18460096300529,0.2265254402207678,22.65254402207678,0.5161426200653669,0.3297539642338412,73786.64025194652,325732.2452614388,tariff_035_with_h2,"0,35 USD/kWh | Com penalização"
4,732.0,797.0,340.0,354.0,88.0,0.1802809738732353,0,0.1840676062403043,OPTIMAL,11.852999999999994,1914140.0,160564.75339805824,30859.5,17208.39436972025,0.0,200261.91606396245,32406.379132277696,1211626.567541549,2268096.0450061434,92589.65466365058,325732.2452614388,71.57491896777476,375.5496810129135,474.8149521321564,20.906096295723685,0.2842508103222522,28.425081032225226,0.5342042592108427,0.3910916621644208,92589.65466365058,325732.2452614388,tariff_035_with_h2,"0,35 USD/kWh | Com penalização"
5,704.0,796.0,340.0,342.0,87.0,0.1792789133817811,0,0.089550721900027,OPTIMAL,15.023000000000003,1877420.0,157484.55145631067,30463.0,16953.95547742671,0.0,201720.2874604793,32849.696769303075,1219660.214424898,2268096.0450061434,93856.27648372308,325732.2452614388,71.18606528856476,378.0315289226279,474.8149521321564,20.38339836917995,0.2881393471143524,28.81393471143524,0.5377462815608386,0.3956886034265201,93856.27648372308,325732.2452614388,tariff_035_with_h2,"0,35 USD/kWh | Com penalização"
6,706.0,903.0,330.0,392.0,84.0,0.1784143835018112,0,0.2381347914401967,OPTIMAL,11.807,1909060.0,160138.62524271844,30854.5,16564.407157643956,0.0,197103.42519230512,27572.572705998136,1208984.462402041,2268096.0450061434,78778.77915999468,325732.2452614388,75.81486625717224,379.0685397862196,474.8149521321564,20.16499520834117,0.2418513374282775,24.18513374282775,0.5330393591858524,0.348459209265448,78778.77915999468,325732.2452614388,tariff_035_with_h2,"0,35 USD/kWh | Com penalização"
7,639.0,758.0,336.0,332.0,85.0,0.1778829654553179,0,0.1348857555454178,OPTIMAL,11.663,1787460.0,149938.3922330097,29306.0,16073.82257455984,0.0,208137.43561560143,35899.12021006329,1250824.350922816,2268096.0450061434,102568.91488589512,325732.2452614388,68.51127993067699,388.78303147768935,474.8149521321564,18.119042011659648,0.31488720069323,31.488720069323005,0.5514865006166121,0.4251845008165524,102568.91488589512,325732.2452614388,tariff_035_with_h2,"0,35 USD/kWh | Com penalização"
8,621.0,755.0,335.0,344.0,82.0,0.1778806261762903,0,0.0141249223729654,OPTIMAL,11.74,1770100.0,148482.17475728155,29024.5,15788.722189726645,0.0,210154.9477666522,37228.94603811527,1259208.4287753378,2268096.0450061434,106368.4172517579,325732.2452614388,67.34483036323758,389.5750084333449,474.8149521321564,17.952245041155834,0.3265516963676243,32.65516963676243,0.5551830274330058,0.4375883018542255,106368.4172517579,325732.2452614388,tariff_035_with_h2,"0,35 USD/kWh | Com penalização"
9,650.0,800.0,340.0,344.0,89.0,0.1778637157279835,0,0.0162364523385453,OPTIMAL,11.914,1828100.0,153347.41747572814,30035.0,16360.165723509506,0.0,203669.40699349876,31842.926221201586,1236489.6610187476,2268096.0450061434,90979.78920343309,325732.2452614388,72.06914865600396,389.7129344492333,474.8149521321564,17.923196668675356,0.2793085134399605,27.93085134399605,0.5451663582506703,0.3883417850900945,90979.78920343309,325732.2452614388,tariff_035_with_h2,"0,35 USD/kWh | Com penalização"
10,659.0,780.0,340.0,320.0,91.0,0.1777384408928731,0,0.095366589287132,OPTIMAL,11.905,1820900.0,152743.4563106796,29949.0,16468.95661182618,0.0,203966.4419121779,32278.031701125485,1236812.3491245175,2268096.0450061434,92222.9477175014,325732.2452614388,71.68749822619448,390.0919459714056,474.8149521321564,17.843373672270058,0.2831250177380552,28.31250177380552,0.5453086309319707,0.3921867439244493,92222.9477175014,325732.2452614388,tariff_035_with_h2,"0,35 USD/kWh | Com penalização"
11,632.0,874.0,334.0,368.0,85.0,0.1766600524147456,0,0.2044757873814422,OPTIMAL,11.481,1823580.0,152968.2640776699,30010.0,15899.169332477157,0.0,201804.5327823156,28931.455416533205,1235148.483628644,2268096.0450061434,82661.30119009488,325732.2452614388,74.62292960165814,391.05491140488886,474.8149521321564,17.640565098285787,0.2537707039834185,25.377070398341857,0.5445750352363489,0.3626857110306883,82661.30119009488,325732.2452614388,tariff_035_with_h2,"0,35 USD/kWh | Com penalização"
12,634.0,891.0,315.0,366.0,82.0,0.1753641122692669,0,0.4808072566411868,OPTIMAL,11.737000000000004,1786220.0,149834.37669902912,29234.5,15243.826647526294,0.0,203429.94612738228,29059.723078692045,1245495.9338827694,2268096.0450061434,83027.78022483442,325732.2452614388,74.51042031218162,393.91845139681374,474.8149521321564,17.03747962697404,0.2548957968781837,25.489579687818377,0.549137209874812,0.3647232388531461,83027.78022483442,325732.2452614388,tariff_035_with_h2,"0,35 USD/kWh | Com penalização"
13,635.0,885.0,237.0,371.0,50.0,0.17247483059034,0,0.6614571998429633,OPTIMAL,11.582,1591300.0,133483.8058252427,24873.5,11998.820925986089,0.0,220833.35437382595,41683.92707404448,1313426.4498291465,2268096.0450061434,119096.93449726996,325732.2452614388,63.4371677260013,406.4791496889529,474.8149521321564,14.392091516145744,0.365628322739987,36.5628322739987,0.5790876681439603,0.481445856368779,119096.93449726996,325732.2452614388,tariff_035_with_h2,"0,35 USD/kWh | Com penalização"
14,621.0,895.0,258.0,368.0,84.0,0.1718657837301331,0,0.3843437931660695,OPTIMAL,11.967,1663900.0,139573.74757281554,26936.5,12804.31825766796,0.0,210493.53851971257,28052.750703790716,1296422.6350693572,2268096.0450061434,80150.71629654488,325732.2452614388,75.393680710912,425.5255780835669,474.8149521321564,10.380754402795356,0.2460631928908801,24.60631928908801,0.5715907128023963,0.3603813354513593,80150.71629654488,325732.2452614388,tariff_035_with_h2,"0,35 USD/kWh | Com penalização"
15,647.0,840.0,237.0,345.0,83.0,0.1718237121218351,0,0.1505558811748572,OPTIMAL,12.277,1620700.0,135949.98058252427,25877.0,12091.248413489118,0.0,215794.452905795,31739.720740186476,1317716.4641712564,2268096.0450061434,90684.9164005328,325732.2452614388,72.15967478818457,431.1967193102608,474.8149521321564,9.186364630268685,0.2784032521181542,27.840325211815426,0.5809791287598173,0.3945990778701177,90684.9164005328,325732.2452614388,tariff_035_with_h2,"0,35 USD/kWh | Com penalização"
16,624.0,865.0,235.0,345.0,83.0,0.1706961807532266,0,0.1561918138452819,OPTIMAL,12.362000000000004,1599200.0,134146.4854368932,25704.5,11831.744559561892,0.0,215472.602467592,30238.029814552032,1321291.5219189867,2268096.0450061434,86394.3708987201,325732.2452614388,73.47687490092412,435.20109437895474,474.8149521321564,8.343009750496622,0.2652312509907589,26.52312509907589,0.5825553661310704,0.3817423242169729,86394.3708987201,325732.2452614388,tariff_035_with_h2,"0,35 USD/kWh | Com penalização"
17,612.0,910.0,235.0,371.0,82.0,0.1703274693660599,0,inf,OPTIMAL,11.869000000000002,1611400.0,135169.8640776699,25949.0,11745.125909810013,0.0,213455.0696375857,27918.236148410044,1316678.6122566287,2268096.0450061434,79766.38899545727,325732.2452614388,75.51166942915484,435.5790291974036,474.8149521321564,8.263413516900409,0.2448833057084516,24.488330570845164,0.5805215414733736,0.3609876140031264,79766.38899545727,325732.2452614388,tariff_035_with_h2,"0,35 USD/kWh | Com penalização"
0,832.0,775.0,356.0,430.0,93.0,0.2030877799486245,0,inf,OPTIMAL,13.077000000000002,2093400.0,175601.70873786407,33029.5,18719.080699358383,0.0,233272.3010533307,99640.69727577324,1175565.065019259,2268096.0450061434,284687.7065022093,325732.2452614388,12.600698689282774,364.0315420313464,474.8149521321564,23.331912696375117,0.8739930131071723,87.39930131071722,0.5183047991321174,0.9776539729335958,284687.7065022093,325732.2452614388,tariff_035_with_h2_no_penalty,"0,35 USD/kWh | Sem penalização"
1,830.0,777.0,352.0,440.0,91.0,0.2027189080163525,0,0.1168002090412678,OPTIMAL,13.498,2087240.0,175084.986407767,32842.5,18530.17108804235,0.0,233328.296024044,98782.22882572724,1179208.7208241895,2268096.0450061434,282234.9395020778,325732.2452614388,13.35369966963179,365.4791496889529,474.8149521321564,23.02703441671985,0.8664630033036821,86.6463003303682,0.5199112812795348,0.970445259559589,282234.9395020778,325732.2452614388,tariff_035_with_h2_no_penalty,"0,35 USD/kWh | Sem penalização"
2,804.0,784.0,352.0,422.0,93.0,0.202711841762613,0,0.2158884030230235,OPTIMAL,15.393000000000004,2054580.0,172345.3514563107,32591.0,18319.947126349485,0.0,236513.6279950337,102903.1273414235,1184745.606285278,2268096.0450061434,294008.93526121,325732.2452614388,9.73907571685666,366.2494872164836,474.8149521321564,22.864794890758944,0.9026092428314334,90.26092428314334,0.5223524854222251,1.0070797399158784,294008.93526121,325732.2452614388,tariff_035_with_h2_no_penalty,"0,35 USD/kWh | Sem penalização"
3,792.0,795.0,355.0,399.0,90.0,0.200969277266972,0,0.3202528208387322,OPTIMAL,13.187999999999995,2033300.0,170560.31067961163,32396.5,18351.31457819433,0.0,234509.4976791563,99842.25371959298,1183045.208453069,2268096.0450061434,285263.58205598,325732.2452614388,12.423904539440931,366.4791496889529,474.8149521321564,22.816426053291217,0.8757609546055907,87.57609546055906,0.5216027826766324,0.9800815111409172,285263.58205598,325732.2452614388,tariff_035_with_h2_no_penalty,"0,35 USD/kWh | Sem penalização"
4,802.0,789.0,357.0,351.0,90.0,0.1998777367293885,0,0.1547846191436362,OPTIMAL,15.13,2017180.0,169208.10873786407,32255.5,18513.423461512517,0.0,233364.87196132884,98630.20217748333,1180031.7095422558,2268096.0450061434,281800.5776499524,325732.2452614388,13.487049025872777,367.0315420313464,474.8149521321564,22.70008760608919,0.8651295097412722,86.51295097412722,0.5202741357185602,0.9691843368849844,281800.5776499524,325732.2452614388,tariff_035_with_h2_no_penalty,"0,35 USD/kWh | Sem penalização"
5,806.0,800.0,356.0,343.0,90.0,0.1997303089097679,0,0.1184006608756523,OPTIMAL,12.955000000000002,2016800.0,169176.23300970873,32268.0,18501.212573306075,0.0,233062.0781230852,98611.45386122692,1178084.5061111324,2268096.0450061434,281747.0110320769,325732.2452614388,13.503494010566408,367.2415384694053,474.8149521321564,22.655860599943768,0.8649650598943359,86.49650598943359,0.5194156167702949,0.968848183248395,281747.0110320769,325732.2452614388,tariff_035_with_h2_no_penalty,"0,35 USD/kWh | Sem penalização"
6,748.0,797.0,378.0,350.0,89.0,0.1988838678514786,0,0.2044859153220588,OPTIMAL,13.328000000000005,2005040.0,168189.7631067961,32554.5,18923.16219302441,0.0,231420.28878964277,96569.724554897,1174917.2602932486,2268096.0450061434,275913.4987282772,325732.2452614388,15.294385882237773,367.4791496889529,474.8149521321564,22.60581768986257,0.8470561411776223,84.70561411776222,0.5180191830412835,0.950659977785879,275913.4987282772,325732.2452614388,tariff_035_with_h2_no_penalty,"0,35 USD/kWh | Sem penalização"
7,738.0,794.0,352.0,353.0,87.0,0.1985122140788621,0,0.2015020575224487,OPTIMAL,12.731999999999996,1941580.0,162866.51650485437,31338.0,17765.19299897785,0.0,238275.05813384775,101913.96831241588,1200256.6987497816,2268096.0450061434,291182.7666069025,325732.2452614388,10.606711235114652,369.4791496889529,474.8149521321564,22.18460096300529,0.8939328876488535,89.39328876488534,0.5291913018377185,0.9997711480163972,291182.7666069025,325732.2452614388,tariff_035_with_h2_no_penalty,"0,35 USD/kWh | Sem penalização"
8,720.0,892.0,348.0,355.0,86.0,0.1981255777590217,0,0.1146174087669178,OPTIMAL,13.662999999999997,1937040.0,162485.6854368932,31510.0,17434.57142124792,0.0,237937.5824716532,103484.38112605698,1192024.335997471,2268096.0450061434,295669.6603601628,325732.2452614388,9.229232088197836,370.98307097262176,474.8149521321564,21.8678625627263,0.9077076791180216,90.77076791180215,0.5255616659717962,1.012820012312381,295669.6603601628,325732.2452614388,tariff_035_with_h2_no_penalty,"0,35 USD/kWh | Sem penalização"
9,716.0,780.0,346.0,363.0,85.0,0.1980832409729215,0,0.1535635117616605,OPTIMAL,12.868,1907900.0,160041.3203883495,30783.0,17315.401820841456,0.0,241132.0932234912,103286.04927478178,1214076.6242526774,2268096.0450061434,295102.997927948,325732.2452614388,9.403197804045204,371.4791496889529,474.8149521321564,21.76338423614803,0.905968021959548,90.5968021959548,0.5352844853840345,1.013024919036355,295102.997927948,325732.2452614388,tariff_035_with_h2_no_penalty,"0,35 USD/kWh | Sem penalização"
10,716.0,764.0,337.0,360.0,84.0,0.1978020835440784,0,0.1462668895026445,OPTIMAL,12.408000000000008,1883280.0,157976.10873786407,30278.0,16942.64087334378,0.0,243437.3737690912,104562.70678421648,1224581.704044545,2268096.0450061434,298750.5908120471,325732.2452614388,8.283384541108497,374.40095733201247,474.8149521321564,21.14802711018996,0.917166154588915,91.71661545889152,0.5399161586392291,1.025149386316761,298750.5908120471,325732.2452614388,tariff_035_with_h2_no_penalty,"0,35 USD/kWh | Sem penalização"
11,754.0,795.0,340.0,375.0,82.0,0.197688177600579,0,0.1035336627984015,OPTIMAL,12.553999999999997,1940500.0,162775.9223300971,30960.5,17393.127529883626,0.0,237246.2239003647,98554.09706455884,1206197.3133755403,2268096.0450061434,281583.1344701681,325732.2452614388,13.55380421604736,374.4791496889529,474.8149521321564,21.131559145862123,0.8644619578395264,86.44619578395265,0.5318105095378681,0.9708240597471,281583.1344701681,325732.2452614388,tariff_035_with_h2_no_penalty,"0,35 USD/kWh | Sem penalização"
12,683.0,790.0,357.0,363.0,81.0,0.1967125196983638,0,0.3568180101854974,OPTIMAL,13.718,1893900.0,158866.95145631066,30792.0,17390.755494554996,0.0,239113.18098018647,99742.45320406563,1214116.6229000408,2268096.0450061434,284978.4377259019,325732.2452614388,12.511444024470809,375.4791496889529,474.8149521321564,20.92095078243348,0.8748855597552919,87.4885559755292,0.5353021207251178,0.9819459839003156,284978.4377259019,325732.2452614388,tariff_035_with_h2_no_penalty,"0,35 USD/kWh | Sem penalização"
13,695.0,802.0,358.0,360.0,78.0,0.1955951514923496,0,0.1104521105291455,OPTIMAL,13.385999999999996,1904840.0,159784.6368932039,30883.0,17568.803550676686,0.0,235392.1490782952,95033.06555003612,1207250.267950402,2268096.0450061434,271523.0444286746,325732.2452614388,16.64225805745908,378.4791496889529,474.8149521321564,20.289125692147568,0.8335774194254092,83.35774194254093,0.5322747555635952,0.9400323705381284,271523.0444286746,325732.2452614388,tariff_035_with_h2_no_penalty,"0,35 USD/kWh | Sem penalização"
14,693.0,798.0,358.0,372.0,77.0,0.1955467961195718,0,0.1823570677388899,OPTIMAL,13.120000000000005,1907860.0,160037.96504854367,30874.0,17546.756300757334,0.0,235060.19354312244,94100.57314805272,1208589.583056806,2268096.0450061434,268858.7804230078,325732.2452614388,17.460188748824446,379.4791496889648,474.8149521321564,20.078517328716423,0.8253981125117555,82.53981125117555,0.5328652574999453,0.9319711640117446,268858.7804230078,325732.2452614388,tariff_035_with_h2_no_penalty,"0,35 USD/kWh | Sem penalização"
15,689.0,783.0,352.0,398.0,74.0,0.1951910093055477,0,0.2107388045547559,OPTIMAL,12.505000000000004,1900260.0,159400.4504854369,30550.5,17275.32878154699,0.0,235485.6769596862,92590.98805149522,1217176.9395350693,2268096.0450061434,264545.6801471292,325732.2452614388,18.784313191099667,382.4791496889529,474.8149521321564,19.446692238433027,0.8121568680890033,81.21568680890033,0.5366514095445956,0.9194871499979224,264545.6801471292,325732.2452614388,tariff_035_with_h2_no_penalty,"0,35 USD/kWh | Sem penalização"
16,609.0,796.0,345.0,376.0,69.0,0.1941718201020085,0,0.535790585396828,OPTIMAL,13.762,1789420.0,150102.80388349513,29215.0,15800.36370750087,0.0,245282.169634014,99830.808664031,1254906.621697118,2268096.0450061434,285230.88189723145,325732.2452614388,12.433943508325427,387.4791496889529,474.8149521321564,18.39365042128984,0.8756605649167457,87.56605649167457,0.5532863674182364,0.986317838400393,285230.88189723145,325732.2452614388,tariff_035_with_h2_no_penalty,"0,35 USD/kWh | Sem penalização"
17,609.0,800.0,347.0,401.0,64.0,0.1934071952988869,0,inf,OPTIMAL,13.117000000000004,1802800.0,151225.16504854368,29272.0,15731.368923738788,0.0,242437.5607608537,94606.73964716672,1255843.7778450565,2268096.0450061434,270304.9704204763,325732.2452614388,17.016207528510275,392.4791496889529,474.8149521321564,17.340608604146656,0.8298379247148973,82.98379247148972,0.5536995580985877,0.9405778363346148,270304.9704204763,325732.2452614388,tariff_035_with_h2_no_penalty,"0,35 USD/kWh | Sem penalização"
0,810.0,776.0,356.0,352.0,93.0,0.1894463713813998,0,inf,OPTIMAL,11.743000000000004,2024820.0,169848.97864077668,32347.0,18534.547026336404,0.0,208952.04000380487,45359.35644258661,1181336.603293295,2268096.0450061434,90718.71288517324,325732.2452614388,72.14929924657577,363.6519341950256,474.8149521321564,23.411861281527337,0.2785070075342424,27.85070075342424,0.5208494613331488,0.3826768998008721,90718.71288517324,325732.2452614388,tariff_050_with_h2,"0,50 USD/kWh | Com penalização"
1,812.0,781.0,344.0,329.0,89.0,0.1885985964087278,0,0.1583806241935794,OPTIMAL,11.68,1984920.0,166502.02718446602,31620.5,18027.1290992691,0.0,211610.07432461044,47120.30189240535,1190839.086666178,2268096.0450061434,94240.6037848107,325732.2452614388,71.06807657032192,367.4791496889529,474.8149521321564,22.60581768986257,0.2893192342967808,28.931923429678086,0.5250390913948058,0.394327052575742,94240.6037848107,325732.2452614388,tariff_050_with_h2,"0,50 USD/kWh | Com penalização"
2,735.0,792.0,354.0,380.0,88.0,0.1880110005988951,0,0.2170873653380372,OPTIMAL,12.503,1959640.0,164381.45242718447,31578.0,17824.129316396855,0.0,212643.4251324205,46723.88188200655,1199578.052100106,2268096.0450061434,93447.7637640131,325732.2452614388,71.31147894522687,368.5044382862458,474.8149521321564,22.389883336344678,0.2868852105477312,28.68852105477313,0.5288920875909631,0.3926636280659238,93447.7637640131,325732.2452614388,tariff_050_with_h2,"0,50 USD/kWh | Com penalização"
3,722.0,854.0,355.0,358.0,87.0,0.1855927775918092,0,0.2973087252272471,OPTIMAL,11.699999999999998,1947780.0,163386.59417475728,31658.0,17739.061100792165,0.0,208158.5895621378,41951.73753680651,1191949.1552424885,2268096.0450061434,83903.47507361302,325732.2452614388,74.24158145403428,369.4791496889529,474.8149521321564,22.18460096300529,0.2575841854596573,25.75841854596573,0.525528518894472,0.3626898892385517,83903.47507361302,325732.2452614388,tariff_050_with_h2,"0,50 USD/kWh | Com penalização"
4,708.0,793.0,341.0,335.0,88.0,0.1854509743754867,0,0.3652440489323085,OPTIMAL,12.121000000000002,1879860.0,157689.22718446603,30523.5,17032.55134464165,0.0,215375.34299446936,46638.070971970286,1218191.288760601,2268096.0450061434,93276.14194394056,325732.2452614388,71.36416694973646,378.2155506498117,474.8149521321564,20.344641854382463,0.2863583305026353,28.635833050263532,0.537098634532164,0.3937780574090682,93276.14194394056,325732.2452614388,tariff_050_with_h2,"0,50 USD/kWh | Com penalização"
5,659.0,887.0,342.0,344.0,84.0,0.1823546151861511,0,0.4467382111043879,OPTIMAL,12.358,1853740.0,155498.19029126214,30488.5,16543.780209892564,0.0,211067.31099117183,40761.93019951104,1216893.065676761,2268096.0450061434,81523.86039902209,325732.2452614388,74.97212462536844,380.9919459714055,474.8149521321564,19.759909779470654,0.2502787537463155,25.027875374631552,0.5365262500043136,0.3575840037471782,81523.86039902209,325732.2452614388,tariff_050_with_h2,"0,50 USD/kWh | Com penalização"
6,643.0,936.0,339.0,339.0,85.0,0.180270816829877,0,0.281263537750422,OPTIMAL,11.629000000000003,1840820.0,154414.4155339806,30487.0,16210.669630830806,0.0,207759.44151705952,36017.51424171406,1216981.2103190648,2268096.0450061434,72035.02848342812,325732.2452614388,77.88520187013985,386.8348143764326,474.8149521321564,18.529352826959023,0.2211479812986014,22.114798129860144,0.5365651128392883,0.3284610038664591,72035.02848342812,325732.2452614388,tariff_050_with_h2,"0,50 USD/kWh | Com penalização"
7,640.0,933.0,274.0,357.0,85.0,0.1771023493123787,0,1.0975724394747854,OPTIMAL,11.596000000000004,1717960.0,144108.48932038835,27948.5,13637.318093982278,0.0,215990.83062233217,36273.32112338749,1270663.3722397396,2268096.0450061434,72546.64224677498,325732.2452614388,77.72813612955399,416.3871812876893,474.8149521321564,12.30537719633663,0.2227186387044601,22.27186387044601,0.5602334940962775,0.3347653375237156,72546.64224677498,325732.2452614388,tariff_050_with_h2,"0,50 USD/kWh | Com penalização"
8,602.0,954.0,244.0,336.0,84.0,0.1735434190288235,0,inf,OPTIMAL,11.858,1610680.0,135109.46796116504,26319.0,12054.609065055203,0.0,220130.0653098983,35026.54304106093,1304076.567874371,2268096.0450061434,70053.08608212187,325732.2452614388,78.49365940854398,434.88397487944445,474.8149521321564,8.409797769299788,0.2150634059145601,21.506340591456013,0.5749653198089496,0.33005646987635,70053.08608212187,325732.2452614388,tariff_050_with_h2,"0,50 USD/kWh | Com penalização"
0,775.0,777.0,379.0,325.0,91.0,0.2172076446519706,0,inf,OPTIMAL,12.807000000000006,2017240.0,169213.1417475728,32682.5,19223.35440479808,0.0,271528.8036278634,137218.36775276047,1169839.6413395405,2268096.0450061434,274436.73550552095,325732.2452614388,15.74775310155342,367.3444554936201,474.8149521321564,22.63418541390495,0.8425224689844658,84.25224689844659,0.5157804687836188,0.9456785627411896,274436.73550552095,325732.2452614388,tariff_050_with_h2_no_penalty,"0,50 USD/kWh | Sem penalização"
1,775.0,772.0,368.0,325.0,89.0,0.2168353373509061,0,0.3343760557816204,OPTIMAL,15.646000000000004,1991540.0,167057.3359223301,32137.0,18760.89354283893,0.0,273848.1415979942,138306.7567771085,1180222.7456934548,2268096.0450061434,276613.513554217,325732.2452614388,15.07948089934976,369.3444554936201,474.8149521321564,22.212968687047677,0.8492051910065024,84.92051910065024,0.5203583632589325,0.9532768636582888,276613.513554217,325732.2452614388,tariff_050_with_h2_no_penalty,"0,50 USD/kWh | Sem penalização"
2,774.0,778.0,369.0,332.0,88.0,0.2164217114868258,0,0.1672095246959288,OPTIMAL,12.956000000000005,1996760.0,167495.2077669903,32203.0,18795.110412097307,0.0,272371.9096976427,136552.7933507701,1178566.3623473574,2268096.0450061434,273105.5867015402,325732.2452614388,16.156416604582525,370.3444554936201,474.8149521321564,22.00236032361904,0.8384358339541748,83.84358339541748,0.5196280664314483,0.9423614472404644,273105.5867015402,325732.2452614388,tariff_050_with_h2_no_penalty,"0,50 USD/kWh | Sem penalização"
3,776.0,777.0,367.0,323.0,87.0,0.215794871502658,0,0.4898155390876357,OPTIMAL,14.818,1987840.0,166746.96699029126,32044.5,18726.694782675982,0.0,271925.33281482046,135606.50801620155,1180005.1813565292,2268096.0450061434,271213.0160324031,325732.2452614388,16.737436966143015,371.3444554936201,474.8149521321564,21.7917519601904,0.8326256303385698,83.26256303385698,0.520262439482951,0.93667811823516,271213.0160324031,325732.2452614388,tariff_050_with_h2_no_penalty,"0,50 USD/kWh | Sem penalização"
4,774.0,774.0,387.0,330.0,86.0,0.214151036700442,0,0.4218939345992822,OPTIMAL,13.353999999999996,2028080.0,170122.43883495146,32811.0,19543.32370711634,0.0,263238.35683217016,126648.55847941298,1163895.772643874,2268096.0450061434,253297.116958826,325732.2452614388,22.237629020877257,372.3444554936201,474.8149521321564,21.58114359676177,0.7776237097912274,77.76237097912274,0.5131598263691348,0.8802556750650544,253297.116958826,325732.2452614388,tariff_050_with_h2_no_penalty,"0,50 USD/kWh | Sem penalização"
5,768.0,782.0,400.0,378.0,85.0,0.2139687107457325,0,0.4209388140575267,OPTIMAL,13.592,2077340.0,174254.53980582525,33564.0,20004.98204934958,0.0,257478.0647422847,120663.46405010424,1153424.2660480784,2268096.0450061434,241326.9281002085,325732.2452614388,25.912484376081647,373.3444554936224,474.8149521321564,21.37053523333264,0.7408751562391835,74.08751562391835,0.5085429554835956,0.8425837473359027,241326.9281002085,325732.2452614388,tariff_050_with_h2_no_penalty,"0,50 USD/kWh | Sem penalização"
6,775.0,771.0,391.0,324.0,84.0,0.2125567241023262,0,0.3679747910938774,OPTIMAL,12.963000000000005,2030220.0,170301.9495145631,32850.5,19714.642311683707,0.0,259231.97344970127,121579.8225651852,1160840.651027144,2268096.0450061434,243159.6451303704,325732.2452614388,25.34983911856624,374.827052370822,474.8149521321564,21.05828793140123,0.7465016088143376,74.65016088143376,0.5118128280251023,0.848864174419358,243159.6451303704,325732.2452614388,tariff_050_with_h2_no_penalty,"0,50 USD/kWh | Sem penalização"
7,775.0,769.0,383.0,323.0,83.0,0.2124954246878792,0,0.5860819565408849,OPTIMAL,13.620999999999997,2011880.0,168763.52621359224,32474.5,19387.973039715973,0.0,261334.03306317143,123066.6756942913,1167915.7338477834,2268096.0450061434,246133.3513885826,325732.2452614388,24.43690946500203,375.3444554936201,474.8149521321564,20.94931850647585,0.7556309053499797,75.56309053499797,0.5149322209785961,0.8586173495456989,246133.3513885826,325732.2452614388,tariff_050_with_h2_no_penalty,"0,50 USD/kWh | Sem penalização"
8,775.0,777.0,359.0,322.0,78.0,0.2113002965697914,0,0.5399984555729439,OPTIMAL,14.734999999999996,1958540.0,164289.18058252428,31357.5,18376.04877302371,0.0,265226.6376030211,124448.9742181173,1187415.7043355932,2268096.0450061434,248897.9484362346,325732.2452614388,23.588176467925525,380.3444554936201,474.8149521321564,19.89627668933267,0.7641182353207447,76.41182353207448,0.5235297274778224,0.8688241808163093,248897.9484362346,325732.2452614388,tariff_050_with_h2_no_penalty,"0,50 USD/kWh | Sem penalização"
9,775.0,779.0,359.0,322.0,78.0,0.2112987232925106,0,0.1687876345323321,OPTIMAL,12.831999999999995,1958980.0,164326.08932038833,31368.5,18376.048773023707,0.0,265175.16052117874,124449.06488564685,1187072.1006748397,2268096.0450061434,248898.1297712937,325732.2452614388,23.588120797950666,380.3444554936228,474.8149521321564,19.89627668933209,0.7641187920204934,76.41187920204933,0.5233782331610319,0.8687944386526998,248898.1297712937,325732.2452614388,tariff_050_with_h2_no_penalty,"0,50 USD/kWh | Sem penalização"
10,777.0,882.0,360.0,322.0,77.0,0.2106631286204999,0,inf,OPTIMAL,15.473999999999998,1984340.0,166453.37475728153,31956.0,18397.70069996592,0.0,260997.13339552883,122399.93957655095,1168781.1712796208,2268096.0450061434,244799.87915310197,325732.2452614388,24.846286262933223,381.3444554936201,474.8149521321564,19.685668325904025,0.7515371373706677,75.15371373706678,0.5153137909891532,0.8545998955684984,244799.87915310197,325732.2452614388,tariff_050_with_h2_no_penalty,"0,50 USD/kWh | Sem penalização"
0,865.0,869.0,368.0,394.0,94.0,0.1981651551001333,0,inf,OPTIMAL,12.839,2150780.0,180414.9436893204,34179.5,19503.7277050048,0.0,215359.43314631635,55254.441288876,1141039.2007681036,2268096.0450061434,73672.588385168,325732.2452614388,77.38246997129897,362.4791496889529,474.8149521321564,23.65885950700576,0.2261753002870102,22.617530028701022,0.503082399566114,0.3267917802002331,73672.588385168,325732.2452614388,tariff_075_with_h2,"0,75 USD/kWh | Com penalização"
1,790.0,807.0,378.0,378.0,101.0,0.1974235536412891,0,0.2058608202384443,OPTIMAL,13.163,2081640.0,174615.23883495145,33665.5,19321.188849807742,0.0,220173.6535201069,57479.845974761934,1161265.1782686491,2268096.0450061434,76639.7946330159,325732.2452614388,76.47153582492166,364.9029960570767,474.8149521321564,23.148377190212766,0.2352846417507833,23.52846417507833,0.5120000014221195,0.3376846420352072,76639.7946330159,325732.2452614388,tariff_075_with_h2,"0,75 USD/kWh | Com penalização"
2,774.0,842.0,375.0,381.0,98.0,0.1959559228203064,0,0.1914132990601222,OPTIMAL,11.643000000000004,2065240.0,173239.5495145631,33479.0,19053.660260851066,0.0,218674.643768852,55444.31489435647,1162127.945689112,2268096.0450061434,73925.7531924753,325732.2452614388,77.30474821946439,364.9337210612636,474.8149521321564,23.14190624736461,0.226952517805356,22.695251780535607,0.5123803942288362,0.3294285966511233,73925.7531924753,325732.2452614388,tariff_075_with_h2,"0,75 USD/kWh | Com penalização"
3,822.0,892.0,349.0,405.0,94.0,0.1951484118319403,0,0.1209721562707512,OPTIMAL,12.641999999999998,2081440.0,174598.46213592234,33182.0,18332.5534069558,0.0,216502.3255223759,52309.49788161216,1164364.848113908,2268096.0450061434,69745.99717548289,325732.2452614388,78.58793589209952,366.50816120111705,474.8149521321564,22.81031598619373,0.2141206410790047,21.41206410790048,0.5133666410104578,0.3167939692810964,69745.99717548289,325732.2452614388,tariff_075_with_h2,"0,75 USD/kWh | Com penalização"
4,736.0,903.0,379.0,407.0,89.0,0.1950176118533702,0,0.2006154616992643,OPTIMAL,12.606000000000002,2052560.0,172175.9067961165,33399.5,18841.39634646926,0.0,217901.8710085864,54984.893209447895,1159426.3762735203,2268096.0450061434,73313.19094593053,325732.2452614388,77.49280520659292,367.4791496889529,474.8149521321564,22.60581768986257,0.2250719479340708,22.50719479340708,0.511189276497495,0.3273098032335698,73313.19094593053,325732.2452614388,tariff_075_with_h2,"0,75 USD/kWh | Com penalização"
5,705.0,873.0,374.0,391.0,94.0,0.1938315525431443,0,0.2835978425520532,OPTIMAL,11.793,2001860.0,167923.013592233,32823.5,18291.773941230134,0.0,220590.2901870429,54741.24975672858,1178648.6025444,2268096.0450061434,72988.33300897144,325732.2452614388,77.59253679340537,371.4624493069526,474.8149521321564,21.76690147626974,0.2240746320659462,22.40746320659462,0.5196643260057392,0.328007497267094,72988.33300897144,325732.2452614388,tariff_075_with_h2,"0,75 USD/kWh | Com penalização"
6,737.0,890.0,360.0,365.0,94.0,0.1924412688191752,0,0.446378357099407,OPTIMAL,11.841,1994000.0,167263.68932038834,32521.0,18089.265262702316,0.0,218601.3261216448,52564.81472626798,1176996.4956042026,2268096.0450061434,70086.41963502398,325732.2452614388,78.48342598726407,372.2922081718932,474.8149521321564,21.59214731968421,0.2151657401273592,21.516574012735926,0.51893591463893,0.3189529230551452,70086.41963502398,325732.2452614388,tariff_075_with_h2,"0,75 USD/kWh | Com penalização"
7,698.0,956.0,339.0,408.0,87.0,0.1898653074781279,0,1.3895691809387514,OPTIMAL,11.69,1944220.0,163087.96893203884,31639.0,16861.66638903781,0.0,219044.11765394063,49849.489061892375,1194430.1760295115,2268096.0450061434,66465.9854158565,325732.2452614388,79.59490152333257,379.31049633185233,474.8149521321564,20.114037136244622,0.2040509847666744,20.40509847666744,0.5266223970803126,0.3093754641827369,66465.9854158565,325732.2452614388,tariff_075_with_h2,"0,75 USD/kWh | Com penalização"
8,691.0,957.0,345.0,350.0,112.0,0.1835427784753199,0,inf,OPTIMAL,12.251,1947140.0,163332.90873786408,32441.5,17026.818146932106,0.0,203491.4230645157,30946.0609484662,1191563.8287049518,2268096.0450061434,41261.414597954936,325732.2452614388,87.33272029459725,407.290958309281,474.8149521321564,14.22111783120117,0.1266727970540274,12.667279705402748,0.525358629026543,0.231744522859336,41261.414597954936,325732.2452614388,tariff_075_with_h2,"0,75 USD/kWh | Com penalização"
0,699.0,806.0,345.0,353.0,65.0,0.201898476935883,0,inf,OPTIMAL,10.858,1862620.0,156243.07572815532,29876.0,16036.00330079698,0.0,255770.05800208804,87172.54371224852,1240213.486881928,2268096.0450061434,116230.058282998,325732.2452614388,64.31730049025094,409.8149521321564,474.8149521321564,13.6895436228614,0.3568269950974906,35.682699509749064,0.5468081872514217,0.4661886325477749,116230.058282998,325732.2452614388,tariff_075_with_h2_no_penalty,"0,75 USD/kWh | Sem penalização"
1,663.0,905.0,321.0,381.0,128.0,0.1815076115067465,0,inf,OPTIMAL,10.921000000000005,1899100.0,159303.14563106795,31725.5,15793.104243304231,0.0,204854.9459225913,25727.393104633946,1228486.8762592275,2268096.0450061434,34303.190806178594,325732.2452614388,89.46889928608505,450.0,474.8149521321564,5.22623645711342,0.1053110071391495,10.531100713914956,0.5416379429628166,0.2136385957317129,34303.190806178594,325732.2452614388,tariff_075_with_h2_no_penalty,"0,75 USD/kWh | Sem penalização"
0,569.0,962.0,311.0,386.0,102.0,0.1872625500831264,0,inf,OPTIMAL,11.800000000000002,1766840.0,148208.7145631068,29715.0,13855.94330907772,0.0,232949.79134911933,49930.61469822822,1270058.4590375023,2268096.0450061434,49930.61469822822,325732.2452614388,84.67127052215756,450.0,474.8149521321564,5.22623645711342,0.1532872947784244,15.328729477842447,0.5599667888112129,0.2652806525406671,49930.61469822822,325732.2452614388,tariff_100_with_h2_no_penalty,"1,00 USD/kWh | Sem penalização"
