solution_id,pv_kw,bsv_kwh,electrolyzer_kw,h2_tank_kg,fuelcell_kw,lcoe_usd_kwh,rank,crowding_distance,milp_status,solve_time_sec,capex_total_usd,annualized_capex_usd,fixed_opex_annual_usd,variable_h2_opex_annual_usd,degradation_opex_annual_usd,grid_opex_annual_usd,grid_peak_opex_annual_usd,E_grid_total_kwh,E_load_total_kwh,E_grid_peak_opt_kwh,E_grid_peak_ref_kwh,R_peak_percent,P_peak_grid_opt_kw,P_peak_grid_ref_kw,Peak_reduction_percent,peak_grid_dependency_ratio,peak_grid_dependency_percent,total_grid_dependency_ratio,grid_dependency_objective,E_grid_peak_opt_kWh,E_grid_peak_ref_kWh
0,1000.0,924.0,450.0,205.0,117.0,0.18054682494611393,0,inf,OPTIMAL,11.419999999999993,2378380.0,199506.827184466,37858.6,12102.997533250302,0.0,160029.11488098116,12811.699173072395,1007072.83639887,2268096.0450061434,25623.39834614479,325732.2452614388,92.13360091949787,351.2476001141024,474.8149521321564,26.02431778173262,0.07866399080502139,7.866399080502139,0.444016838976562,0.1452665166515057,25623.39834614479,325732.2452614388
1,1013.0,919.0,417.0,187.0,117.0,0.1792185608802728,0,0.1480637829703147,OPTIMAL,11.215999999999992,2313480.0,194062.78834951457,36538.6,11441.20007102625,0.0,164442.32070369867,13157.77559347991,1034879.1852550851,2268096.0450061434,26315.55118695982,325732.2452614388,91.92110957088744,356.14144756469705,474.8149521321564,24.99363257929348,0.08078890429112558,8.078890429112558,0.45627661471112085,0.14923039649779368,26315.55118695982,325732.2452614388
2,1008.0,1042.0,407.0,146.0,112.0,0.1750722801042846,0,0.2125964506998117,OPTIMAL,15.907000000000005,2284440.0,191626.81165048544,36188.8,11196.996986392429,0.0,158068.13745785778,6933.615226910575,1021430.7119934692,2268096.0450061434,13867.23045382115,325732.2452614388,95.74275170617787,356.2476001141024,474.8149521321564,24.971275964589434,0.0425724829382214,4.25724829382214,0.4503472038772073,0.11012456351980249,13867.23045382115,325732.2452614388
3,847.0,1289.0,485.0,140.0,111.0,0.1713365714570576,0,0.12893709307356901,OPTIMAL,9.151999999999985,2328880.0,195354.59417475728,38710.6,11977.50076860986,0.0,142565.1051432977,48.952869302646405,950205.5875652388,2268096.0450061434,97.90573860529281,325732.2452614388,99.96994287792211,357.3868046780365,474.8149521321564,24.731349955768835,0.00030057122077893096,0.030057122077893097,0.4189441578796391,0.0631421949027248,97.90573860529281,325732.2452614388
4,872.0,1269.0,465.0,138.0,110.0,0.17070716208327133,0,0.03030654643665059,OPTIMAL,9.056999999999992,2306980.0,193517.54563106794,38021.6,11836.123049159723,0.0,143804.97049506276,125.53110587107005,958113.99147302,2268096.0450061434,251.0622117421401,325732.2452614388,99.92292374629947,358.24760011410234,474.8149521321564,24.55005923773217,0.0007707625370053029,0.07707625370053028,0.4224309607975287,0.06413540665663461,251.0622117421401,325732.2452614388
5,874.0,1270.0,463.0,129.0,110.0,0.17044088353402748,0,0.07156768543100776,OPTIMAL,9.065999999999992,2299800.0,192915.26213592233,37912.0,11806.15563599022,0.0,143942.87607896788,120.81895982077059,959055.352047289,2268096.0450061434,241.63791964154117,325732.2452614388,99.92581700978127,358.2476001141024,474.8149521321564,24.550059237732157,0.0007418299021872952,0.07418299021872952,0.42284600520287546,0.06416873068261861,241.63791964154117,325732.2452614388
6,940.0,1267.0,407.0,128.0,105.0,0.16958185426136735,0,0.09612335475401708,OPTIMAL,9.406999999999996,2246040.0,188405.6854368932,36117.8,10902.19239287897,0.0,149202.25512524333,409.08257516375795,992772.648817525,2268096.0450061434,818.1651503275159,325732.2452614388,99.7488227947249,363.2476001141024,474.8149521321564,23.497017420588982,0.002511772052750999,0.2511772052750999,0.4377119086307635,0.06816855834736552,818.1651503275159,325732.2452614388
7,966.0,1303.0,378.0,137.0,103.0,0.16902435524696688,0,0.057779273647629845,OPTIMAL,10.155999999999993,2224760.0,186620.64466019417,35352.2,10380.388818500725,0.0,151010.23816666403,158.0076490327413,1005997.5520822741,2268096.0450061434,316.0152980654826,325732.2452614388,99.9029831087764,365.24760011410234,474.8149521321564,23.07580069373172,0.000970168912236008,0.0970168912236008,0.44354274780261754,0.06750158108262863,316.0152980654826,325732.2452614388
8,944.0,1422.0,394.0,125.0,102.0,0.16832753212914103,0,0.04906552258910174,OPTIMAL,9.669999999999998,2252440.0,188942.53980582525,36184.8,10636.581322284897,0.0,146019.08875963915,4.966622608108224,973437.4141587564,2268096.0450061434,9.933245216216449,325732.2452614388,99.9969504875981,366.2476001141024,474.8149521321564,22.865192330303064,3.0495124018943354e-05,0.0030495124018943354,0.4291870339009915,0.06440855020916766,9.933245216216449,325732.2452614388
9,938.0,1319.0,399.0,106.0,100.0,0.16811012168475772,0,0.0788604947517014,OPTIMAL,9.573000000000004,2219780.0,186202.9048543689,35679.6,10717.85220559341,0.0,148689.54505873815,165.3054056688781,990492.2084984663,2268096.0450061434,330.6108113377562,325732.2452614388,99.89850227720856,368.2476001141024,474.8149521321564,22.4439756034458,0.0010149772279143007,0.10149772279143007,0.43670646605963437,0.06652094713685945,330.6108113377562,325732.2452614388
10,912.0,1473.0,377.0,109.0,100.0,0.16604792868394577,0,0.09038846199172398,OPTIMAL,9.691999999999995,2185460.0,183324.02330097088,35235.2,10130.744160143537,0.0,147922.6828684052,0.0,986151.2191227013,2268096.0450061434,0.0,325732.2452614388,100.0,368.6405407147513,474.8149521321564,22.36121902661846,0.0,0.0,0.4347925306311401,0.06521887959467101,0.0,325732.2452614388
11,916.0,1362.0,366.0,115.0,96.0,0.16591667789714773,0,0.057410887089997586,OPTIMAL,9.878999999999992,2141440.0,179631.47184466018,34226.8,9907.678846434534,0.0,152549.01024798432,80.17591015214569,1016619.247405852,2268096.0450061434,160.35182030429138,325732.2452614388,99.95077189236343,372.2476001141024,474.8149521321564,21.601542149731245,0.0004922810763656205,0.04922810763656205,0.4482258366634109,0.06772615657587726,160.35182030429138,325732.2452614388
12,934.0,1419.0,362.0,72.0,100.0,0.16529273315733342,0,0.04736862501680371,OPTIMAL,10.332999999999995,2143380.0,179794.2058252427,34395.6,9890.309742377392,0.0,150819.67877478368,3.0344330700988564,1005450.364477564,2268096.0450061434,6.068866140197713,325732.2452614388,99.99813685435554,373.0937085434525,474.8149521321564,21.423344638142638,1.8631456444622877e-05,0.0018631456444622877,0.4433014936432468,0.06651385550293164,6.068866140197713,325732.2452614388
13,888.0,1500.0,368.0,117.0,94.0,0.164735091683916,0,0.06224142059947749,OPTIMAL,9.650999999999996,2146400.0,180047.53398058252,34568.0,9836.176147106364,0.0,149183.29979432546,1.5025700553574382,994548.3199685782,2268096.0450061434,3.0051401107148763,325732.2452614388,99.99907742013436,374.2476001141024,474.8149521321564,21.18032542287397,9.22579865650972e-06,0.000922579865650972,0.4384947992649422,0.06578344568839783,3.0051401107148763,325732.2452614388
14,821.0,1358.0,372.0,122.0,93.0,0.1635820125931248,0,0.049143843484511486,OPTIMAL,11.126999999999976,2057860.0,172620.48932038835,33424.2,9651.025195064092,0.0,155324.00128115906,171.64806673542955,1034692.3175629618,2268096.0450061434,343.2961334708591,325732.2452614388,99.89460787549746,375.2476001141024,474.8149521321564,20.969717059445337,0.0010539212450254142,0.10539212450254143,0.4561942250378375,0.06948305500070104,343.2961334708591,325732.2452614388
15,824.0,1350.0,369.0,120.0,92.0,0.16348422055468248,0,0.03630037628907476,OPTIMAL,9.772,2050600.0,172011.49514563105,33248.0,9597.80198464728,0.0,155940.61693070905,299.06264614063366,1038208.4871894041,2268096.0450061434,598.1252922812673,325732.2452614388,99.81637516672592,376.2476001141024,474.8149521321564,20.759108696016703,0.0018362483327409014,0.18362483327409015,0.4577444987284884,0.07049792314201415,598.1252922812673,325732.2452614388
16,782.0,1275.0,374.0,122.0,93.0,0.163325438988968,0,0.04986331075099541,OPTIMAL,11.897999999999985,2004600.0,168152.85436893202,32749.0,9531.938328804328,0.0,160003.9895220341,1668.2497627372802,1058908.0979207866,2268096.0450061434,3336.4995254745604,325732.2452614388,98.97569258984579,378.72559430869114,474.8149521321564,20.2372223941087,0.010243074101541969,1.024307410154197,0.4668709247354287,0.08027371281185627,3336.4995254745604,325732.2452614388
17,845.0,1395.0,357.0,79.0,93.0,0.16241045868362536,0,0.04598007874737159,OPTIMAL,9.744,2034200.0,170635.8058252427,32969.0,9418.785566261555,0.0,155338.92761646005,48.065066482283825,1035368.5471328164,2268096.0450061434,96.13013296456765,325732.2452614388,99.97048798994787,378.86271141825273,474.8149521321564,20.208344384065867,0.0002951201005212481,0.029512010052124813,0.4564923735978791,0.06876897614020311,96.13013296456765,325732.2452614388
18,759.0,1313.0,368.0,120.0,90.0,0.16196435257054634,0,0.0513981544070219,OPTIMAL,9.408999999999997,1972860.0,165490.3922330097,32317.2,9303.062637415527,0.0,160240.0526268115,1141.6729852344986,1062939.2102476489,2268096.0450061434,2283.345970468997,325732.2452614388,99.29901138014864,380.0250332409905,474.8149521321564,19.963549687201677,0.007009886198513571,0.7009886198513571,0.46864823585756477,0.07730712157714828,2283.345970468997,325732.2452614388
19,756.0,1358.0,363.0,121.0,87.0,0.16119999563520093,0,0.0472295043607655,OPTIMAL,10.148999999999994,1966460.0,164953.53786407766,32174.2,9184.609448352261,0.0,159304.72524277688,574.4028851081417,1059350.9548213414,2268096.0450061434,1148.8057702162835,325732.2452614388,99.64731592068993,381.2476001141024,474.8149521321564,19.706066878873518,0.003526840793100574,0.3526840793100574,0.4670661796504619,0.07358676774066986,1148.8057702162835,325732.2452614388
20,766.0,1337.0,364.0,103.0,85.0,0.16119602090741827,0,0.0312367751797858,OPTIMAL,9.425,1960440.0,164448.55922330095,32035.8,9248.93550455389,0.0,159874.76276298816,1244.326832654086,1060024.8932008687,2268096.0450061434,2488.653665308172,325732.2452614388,99.23598179132964,383.2476001141024,474.8149521321564,19.28485015201624,0.007640182086703551,0.7640182086703551,0.4673633180282705,0.07774467979094413,2488.653665308172,325732.2452614388
21,777.0,1358.0,352.0,110.0,90.0,0.16112327846425717,0,0.05263906335421366,OPTIMAL,10.03599999999999,1962760.0,164643.16893203883,31995.2,9039.451873529497,0.0,159765.24983763692,336.3201360477037,1063532.1716160234,2268096.0450061434,672.6402720954075,325732.2452614388,99.79349902200946,384.67232202439754,474.8149521321564,18.98479180214806,0.0020650097799053756,0.20650097799053754,0.46890967159776636,0.07240146051957032,672.6402720954075,325732.2452614388
22,742.0,1357.0,355.0,88.0,88.0,0.15973949827617237,0,0.07225475018646049,OPTIMAL,9.703999999999995,1917740.0,160866.73398058253,31550.8,8950.362864528688,0.0,160936.62742634103,501.10979600126785,1070572.3371276008,2268096.0450061434,1002.2195920025357,325732.2452614388,99.6923179677228,385.0400439915475,474.8149521321564,18.90734648044985,0.003076820322771961,0.3076820322771961,0.47201366956428914,0.07387887075741532,1002.2195920025357,325732.2452614388
23,740.0,1334.0,344.0,70.0,82.0,0.1588287338033524,0,0.0451776509820778,OPTIMAL,9.643999999999993,1870080.0,156868.84660194174,30647.6,8710.802347926729,0.0,164011.57402284874,1759.714916798719,1085198.4905405976,2268096.0450061434,3519.429833597438,325732.2452614388,98.91953287253686,386.2476001141024,474.8149521321564,18.653025061730332,0.01080467127463134,1.0804671274631341,0.4784623177356046,0.08257401893497202,3519.429833597438,325732.2452614388
24,745.0,1368.0,342.0,79.0,81.0,0.15871266021713087,0,0.028585656573814382,OPTIMAL,10.037000000000006,1882660.0,157924.10097087378,30782.2,8690.142079706715,0.0,162579.11388029793,1049.8396130918588,1078961.5076742242,2268096.0450061434,2099.6792261837177,325732.2452614388,99.3553971838132,387.2476001141024,474.8149521321564,18.442416698301688,0.006446028161867966,0.6446028161867966,0.4757124417415497,0.07780289442310043,2099.6792261837177,325732.2452614388
25,742.0,1464.0,335.0,107.0,80.0,0.1583802271600496,0,0.05696256106603442,OPTIMAL,10.046000000000005,1902280.0,159569.89514563108,31023.6,8530.234825343789,0.0,160097.83685790823,60.95885521242508,1067034.4377283968,2268096.0450061434,121.91771042485016,325732.2452614388,99.96257118777817,388.2476001141024,474.8149521321564,18.231808334873058,0.00037428812221828613,0.03742881222182861,0.4704538152508029,0.07094236040983871,121.91771042485016,325732.2452614388
26,781.0,1366.0,304.0,72.0,77.0,0.1578237943054549,0,0.08861036552537455,OPTIMAL,9.679000000000004,1832820.0,153743.34757281552,29415.4,8010.131402046801,0.0,166790.644697203,1657.4546828203993,1104202.8427948584,2268096.0450061434,3314.9093656407986,325732.2452614388,98.98232078221787,391.2476001141024,474.8149521321564,17.599983244587147,0.010176792177821359,1.0176792177821359,0.4868413069305747,0.08320298821740756,3314.9093656407986,325732.2452614388
27,710.0,1368.0,310.0,76.0,76.0,0.15625618061371166,0,0.08034317791142123,OPTIMAL,10.853999999999985,1775360.0,148923.40194174758,28939.2,7860.38118886947,0.0,168681.04212710797,1759.0852709539477,1116331.2162496014,2268096.0450061434,3518.1705419078953,325732.2452614388,98.91991947586149,392.2476001141024,474.8149521321564,17.389374881158513,0.010800805241385132,1.0800805241385132,0.4921886878236577,0.08462910841493379,3518.1705419078953,325732.2452614388
28,708.0,1355.0,301.0,65.0,74.0,0.1556888266414095,0,0.050818740707067926,OPTIMAL,9.826999999999995,1743300.0,146234.09708737864,28358.0,7657.036677782593,0.0,170868.07819186678,2498.325552057544,1127461.6687028434,2268096.0450061434,4996.651104115088,325732.2452614388,98.46602503227622,394.2476001141024,474.8149521321564,16.96815815430124,0.015339749677237766,1.5339749677237766,0.49709608690746143,0.08990416271335698,4996.651104115088,325732.2452614388
29,705.0,1369.0,298.0,64.0,73.0,0.15527352078609022,0,0.0641327180396382,OPTIMAL,9.90999999999999,1735480.0,145578.1281553398,28224.6,7580.148128882764,0.0,170792.38210488792,2231.9485094182874,1128200.1209886342,2268096.0450061434,4463.897018836575,325732.2452614388,98.62958086472104,395.2476001141024,474.8149521321564,16.757549790872595,0.013704191352789675,1.3704191352789674,0.497421669365672,0.08831744175764047,4463.897018836575,325732.2452614388
30,692.0,1471.0,294.0,61.0,73.0,0.15377631065986885,0,0.09728472523589118,OPTIMAL,9.635999999999994,1735120.0,145547.93009708737,28365.4,7442.107081689196,0.0,167424.00484450805,179.14287919699268,1115324.032193801,2268096.0450061434,358.28575839398536,325732.2452614388,99.89000605140998,396.0178363106161,474.8149521321564,16.59533160607135,0.0010999394859002017,0.10999394859002017,0.4917446219482209,0.07486163277813333,358.28575839398536,325732.2452614388
31,683.0,1368.0,272.0,67.0,69.0,0.1536593102520134,0,0.09173977003832709,OPTIMAL,9.738999999999999,1657860.0,139067.09126213592,26822.2,6930.73047627764,0.0,175694.05212255003,3019.246460717711,1157203.8640003176,2268096.0450061434,6038.492921435422,325732.2452614388,98.14617895241264,401.79087364330735,474.8149521321564,15.379481661420824,0.018538210475873566,1.8538210475873567,0.5102093743112114,0.09506961662255527,6038.492921435422,325732.2452614388
32,663.0,1367.0,270.0,61.0,69.0,0.15292311382325735,0,0.05822338483142085,OPTIMAL,9.700999999999995,1630040.0,136733.45242718447,26501.8,6809.651097072668,0.0,176799.40612829712,3054.468644420509,1164408.5205146852,2268096.0450061434,6108.937288841018,325732.2452614388,98.1245524882138,404.19369760728296,474.8149521321564,14.873426838760807,0.01875447511786213,1.8754475117862128,0.5133858961036772,0.09576235953341371,6108.937288841018,325732.2452614388
33,664.0,1410.0,266.0,66.0,68.0,0.15234730826659745,0,0.03861576514366493,OPTIMAL,9.931000000000004,1634200.0,137082.40776699028,26532.0,6727.227409987483,0.0,175196.69216982363,1852.8125125425768,1159331.4894069587,2268096.0450061434,3705.6250250851535,325732.2452614388,98.86237083402321,404.66992345351304,474.8149521321564,14.773129692663877,0.011376291659767826,1.1376291659767825,0.5111474410263868,0.08804840781372583,3705.6250250851535,325732.2452614388
34,664.0,1451.0,268.0,61.0,63.0,0.15176754261202538,0,0.050739665627762935,OPTIMAL,9.943999999999999,1637720.0,137377.6776699029,26567.4,6769.792301240996,0.0,173508.49318749213,1505.8700737093848,1149695.894239304,2268096.0450061434,3011.7401474187695,325732.2452614388,99.07539391901422,405.2476001141024,474.8149521321564,14.651466156586235,0.009246060809857773,0.9246060809857773,0.5068991221825396,0.08528092913723873,3011.7401474187695,325732.2452614388
35,664.0,1452.0,248.0,61.0,62.0,0.1508932749209575,0,0.07499698717766427,OPTIMAL,9.772,1596640.0,133931.74368932037,25732.8,6335.659865972461,0.0,176240.23651095555,1628.5795406594225,1167334.8722166263,2268096.0450061434,3257.159081318845,325732.2452614388,99.00005015508839,406.2476001141024,474.8149521321564,14.44085779315759,0.009999498449116047,0.9999498449116048,0.5146761199936154,0.08720091644815835,3257.159081318845,325732.2452614388
36,631.0,1396.0,247.0,65.0,64.0,0.15081635957862774,0,0.05270792495834352,OPTIMAL,10.060000000000011,1554320.0,130381.79417475728,25218.4,6189.206752187545,0.0,180276.58775556515,3029.7573371681538,1187705.0507969828,2268096.0450061434,6059.5146743363075,325732.2452614388,98.13972526131921,411.1708152850888,474.8149521321564,13.403987503189107,0.018602747386807922,1.860274738680792,0.5236572998802463,0.09715134236884487,6059.5146743363075,325732.2452614388
37,630.0,1361.0,229.0,62.0,58.0,0.15063769111059275,0,0.025491641069095478,OPTIMAL,9.933999999999989,1500020.0,125826.9203883495,24082.4,5794.104058437827,0.0,185957.32699000518,6175.358199351654,1210897.1750030604,2268096.0450061434,12350.716398703307,325732.2452614388,96.20832245552158,411.6482446816756,474.8149521321564,13.30343687932125,0.03791677544478408,3.7916775444784077,0.5338826711810525,0.11799917612194194,12350.716398703307,325732.2452614388
38,622.0,1462.0,256.0,58.0,62.0,0.15003954221795202,0,0.058781127285731254,OPTIMAL,9.73199999999999,1571040.0,131784.32621359223,25658.8,6321.350019042684,0.0,176539.61606643433,1372.074463557533,1170527.7596129603,2268096.0450061434,2744.148927115066,325732.2452614388,99.15754458852774,411.82461394458096,474.8149521321564,13.266292037501625,0.008424554114722541,0.8424554114722541,0.516083859054474,0.08583713297289362,2744.148927115066,325732.2452614388
39,610.0,1458.0,246.0,56.0,54.0,0.14921062035183338,0,0.06480382194036911,OPTIMAL,9.920999999999992,1526560.0,128053.18834951456,24797.2,6061.110313268795,0.0,179512.51923012309,2841.728872680951,1183488.726794976,2268096.0450061434,5683.457745361902,325732.2452614388,98.25517497022739,414.2476001141024,474.8149521321564,12.755990885728497,0.017448250297726137,1.7448250297726138,0.5217983292201237,0.09571799968074468,5683.457745361902,325732.2452614388
40,659.0,1468.0,206.0,53.0,54.0,0.14853246863644257,0,0.03784039407261264,OPTIMAL,10.200000000000012,1495960.0,125486.35339805824,23713.2,5392.133864814131,0.0,182294.217406442,2505.4240727831457,1203602.803703292,2268096.0450061434,5010.848145566291,325732.2452614388,98.46166653180298,414.8887942223611,474.8149521321564,12.620950043948042,0.01538333468197013,1.5383334681970129,0.5306665942799754,0.09498332382396645,5010.848145566291,325732.2452614388
41,609.0,1463.0,226.0,63.0,59.0,0.14843681980020187,0,0.07928597353306285,OPTIMAL,9.756999999999993,1497360.0,125603.79029126214,24246.2,5651.4196380852445,0.0,181167.55399278004,1794.6718243351852,1199408.5581049696,2268096.0450061434,3589.3436486703704,325732.2452614388,98.89806928823106,416.3552465885044,474.8149521321564,12.312102911068568,0.01101930711768955,1.101930711768955,0.5288173579535168,0.09034191081071706,3589.3436486703704,325732.2452614388
42,604.0,1456.0,196.0,54.0,49.0,0.1468920340865669,0,0.08157288162157439,OPTIMAL,10.007000000000001,1412420.0,118478.72621359224,22521.4,4978.0048007593505,0.0,187187.11054029834,4019.2196527799038,1229157.711889016,2268096.0450061434,8038.4393055598075,325732.2452614388,97.53219418018992,419.2476001141024,474.8149521321564,11.702949068585312,0.024678058198100733,2.4678058198100734,0.5419337133431167,0.10596811519956824,8038.4393055598075,325732.2452614388
43,584.0,1467.0,202.0,52.0,51.0,0.14642312467571278,0,0.11362251578823987,OPTIMAL,9.871000000000013,1408240.0,118128.09320388349,22675.8,5039.106257937052,0.0,186258.7105126051,3122.4826860011735,1227153.1508826953,2268096.0450061434,6244.965372002347,325732.2452614388,98.08279178286755,419.86266966024624,474.8149521321564,11.573410278077167,0.019172082171324552,1.9172082171324552,0.5410499055296274,0.10032956800076867,6244.965372002347,325732.2452614388
44,562.0,1467.0,184.0,51.0,48.0,0.14513639262121478,0,0.48387216394986904,OPTIMAL,9.827999999999996,1345740.0,112885.37475728155,21612.8,4573.188552705713,0.0,190111.91478064883,3790.6646881188503,1249722.9966597706,2268096.0450061434,7581.329376237701,325732.2452614388,97.67252721014685,427.27841708578984,474.8149521321564,10.011591849183299,0.02327472789853146,2.3274727898531458,0.5510009152440393,0.10592486518513736,7581.329376237701,325732.2452614388
45,517.0,1272.0,94.0,42.0,97.0,0.14367838437625963,0,0.4428776816451152,OPTIMAL,11.012999999999977,1136140.0,95303.39417475728,18561.8,2485.754280239258,0.0,209525.42690167032,1140.9307944579725,1391511.8356369983,2268096.0450061434,2281.861588915945,325732.2452614388,99.29946708620005,468.2476001141023,474.8149521321564,1.3831392605821335,0.0070053291379994645,0.7005329137999464,0.613515392657558,0.09903263803663315,2281.861588915945,325732.2452614388
46,604.0,1456.0,0.0,0.0,0.0,0.14151787315108888,0,inf,OPTIMAL,6.104000000000008,924320.0,77535.1922330097,12446.400000000001,0.0,0.0,230994.5361586561,22637.83390378585,1434320.3495067067,2268096.0450061434,45275.6678075717,325732.2452614388,86.10034208580345,468.2476001141024,474.8149521321564,1.3831392605821113,0.13899657914196553,13.899657914196553,0.6323895994901846,0.23385501906549322,45275.6678075717,325732.2452614388
