solution_id,pv_kw,bsv_kwh,electrolyzer_kw,h2_tank_kg,fuelcell_kw,lcoe_usd_kwh,rank,crowding_distance,milp_status,solve_time_sec,capex_total_usd,annualized_capex_usd,fixed_opex_annual_usd,variable_h2_opex_annual_usd,degradation_opex_annual_usd,grid_opex_annual_usd,grid_peak_opex_annual_usd,E_grid_total_kwh,E_load_total_kwh,E_grid_peak_opt_kwh,E_grid_peak_ref_kwh,R_peak_percent,P_peak_grid_opt_kw,P_peak_grid_ref_kw,Peak_reduction_percent,peak_grid_dependency_ratio,peak_grid_dependency_percent,total_grid_dependency_ratio,grid_dependency_objective,source_run,source_solution_id,globally_nondominated
0,824.0,1045.0,318.0,162.0,83.0,0.1830818760792044,0,inf,OPTIMAL,9.623999999999995,1895000.0,193009.9357198704,29767.0,8492.669852511028,0.0,183977.67347516716,17969.958608672925,1142658.016327307,2268096.0450061434,35939.91721734585,325732.2452614388,88.96642326936353,387.6337937604121,474.8149521321564,18.361081086485864,0.1103357673063647,11.033576730636478,0.5037961328150953,0.1859051872286291,cold_start_20260830_174912,0,False
1,806.0,1067.0,319.0,101.0,80.0,0.1803703717043011,0,0.1133173778136413,OPTIMAL,9.711999999999986,1843340.0,187748.2506120664,29240.8,8438.172008162714,0.0,183670.10407858435,17584.324825928226,1142407.1780028972,2268096.0450061434,35168.64965185645,325732.2452614388,89.20320288719668,388.2476001141024,474.8149521321564,18.231808334873055,0.1079679711280332,10.79679711280332,0.5036855385900568,0.1835208019165417,cold_start_20260830_174912,1,False
2,718.0,1113.0,373.0,89.0,79.0,0.1792954398396375,0,0.1212878007219537,OPTIMAL,10.01499999999998,1864960.0,189950.2953668229,30612.2,9166.815322130118,0.0,176929.96729896573,14621.391509087189,1111299.954950698,2268096.0450061434,29242.78301817437,325732.2452614388,91.0224475950474,389.2476001141024,474.8149521321564,18.021199971444425,0.0897755240495259,8.977552404952592,0.4899704125835147,0.1632710859370531,cold_start_20260830_174912,2,False
3,718.0,1091.0,319.0,87.0,78.0,0.1764591528064686,0,0.1966529009322494,OPTIMAL,9.972999999999988,1749620.0,178202.66160116074,28304.4,8087.278666054844,0.0,185631.96631827063,16627.324982979415,1159952.2588679004,2268096.0450061434,33254.64996595883,325732.2452614388,89.79080197010644,390.2476001141024,474.8149521321564,17.81059160801578,0.1020919802989354,10.209198029893548,0.5114211373111224,0.1788051508956038,cold_start_20260830_174912,3,False
4,724.0,1348.0,314.0,105.0,78.0,0.1721224202277546,0,0.1816282206765246,OPTIMAL,9.749000000000008,1812960.0,184653.9805080191,29403.2,8005.064029291389,0.0,168327.93603814516,2010.179102625642,1112805.4044420477,2268096.0450061434,4020.358205251284,325732.2452614388,98.7657475537847,390.8885347476156,474.8149521321564,17.675605413786833,0.0123425244621528,1.2342524462152862,0.4906341629104307,0.0859376488987174,cold_start_20260830_174912,4,False
5,724.0,1415.0,309.0,86.0,75.0,0.1706047085571577,0,0.1664700086426579,OPTIMAL,10.309000000000005,1802400.0,183578.42118284665,29267.0,7895.101332003898,0.0,166207.34222306477,773.9840047878047,1104437.0227980888,2268096.0450061434,1547.9680095756094,325732.2452614388,99.52477286725691,393.2476001141024,474.8149521321564,17.17876651772987,0.0047522713274308,0.4752271327430851,0.4869445565278508,0.0777939548066084,cold_start_20260830_174912,5,False
6,698.0,1445.0,298.0,64.0,72.0,0.168111081056778,0,0.1320178637440135,OPTIMAL,11.509999999999978,1743900.0,177620.0669666923,28450.0,7552.431333827272,0.0,167669.57976606593,543.8937209801127,1115259.0277425323,2268096.0450061434,1087.7874419602254,325732.2452614388,99.6660485850619,396.2476001141024,474.8149521321564,16.54694142744396,0.003339514149381,0.3339514149381026,0.4917159615872931,0.0770969083874749,cold_start_20260830_174912,6,True
7,685.0,1437.0,289.0,88.0,70.0,0.1678128710398972,0,0.0538599807852005,OPTIMAL,10.005999999999998,1722940.0,175485.24466975906,27990.8,7308.592864950204,0.0,169831.07157200755,904.5878957756668,1127985.7336330975,2268096.0450061434,1809.1757915513333,325732.2452614388,99.44458191724334,398.2476001141024,474.8149521321564,16.125724700586687,0.0055541808275666,0.5554180827566688,0.4973271463158176,0.0801532527749393,cold_start_20260830_174912,7,True
8,669.0,1444.0,299.0,75.0,69.0,0.1674704637923121,0,0.0414070554943513,OPTIMAL,9.696999999999992,1719380.0,175122.65080634865,28144.6,7423.120725440836,0.0,169148.7250508982,876.5295383966329,1123567.6958268038,2268096.0450061434,1753.0590767932658,325732.2452614388,99.4618097832512,399.2476001141024,474.8149521321564,15.915116337158054,0.0053819021674879,0.5381902167487987,0.495379240354771,0.0796887882207036,cold_start_20260830_174912,8,True
9,668.0,1447.0,289.0,81.0,70.0,0.1669851234583562,0,0.0366944080342398,OPTIMAL,9.617999999999997,1703940.0,173550.05270211922,27822.8,7231.233627557205,0.0,170134.2117610839,703.1797098603678,1130946.573094544,2268096.0450061434,1406.3594197207356,325732.2452614388,99.56824679159658,399.9081249317324,474.8149521321564,15.776004286313006,0.0043175320840341,0.4317532084034128,0.4986325758049989,0.0791124184547839,cold_start_20260830_174912,9,True
10,668.0,1448.0,289.0,67.0,68.0,0.1664921591060872,0,0.0597997674520777,OPTIMAL,11.397999999999987,1693160.0,172452.08589100564,27665.2,7229.745817777343,0.0,170273.17588426694,911.667684810002,1130900.056699333,2268096.0450061434,1823.335369620004,325732.2452614388,99.44023491805162,400.2476001141024,474.8149521321564,15.70450797372942,0.0055976508194838,0.559765081948384,0.4986120667990803,0.0803894608393458,cold_start_20260830_174912,10,True
11,683.0,1485.0,278.0,78.0,65.0,0.1662783368718746,0,0.0635811772258904,OPTIMAL,9.761,1697000.0,172843.19837288657,27487.0,7061.550932185366,0.0,169743.4889242261,539.4503551612465,1129105.8245040884,2268096.0450061434,1078.900710322493,325732.2452614388,99.66877681715036,403.2476001141024,474.8149521321564,15.0726828834435,0.0033122318284962,0.3312231828496277,0.4978209926295383,0.077985380722927,cold_start_20260830_174912,11,True
12,696.0,1460.0,255.0,67.0,65.0,0.1652410276253437,0,0.0403979008391921,OPTIMAL,9.908999999999995,1651900.0,168249.66375496247,26521.0,6611.05829281858,0.0,173400.7991820119,1019.639141863342,1151247.011884717,2268096.0450061434,2039.278283726684,325732.2452614388,99.37394031036445,403.6642641627534,474.8149521321564,14.984929950057568,0.0062605968963555,0.6260596896355537,0.5075830075271784,0.0823980480254323,cold_start_20260830_174912,12,True
13,674.0,1412.0,262.0,61.0,64.0,0.1651489040904277,0,0.0291098076749496,OPTIMAL,9.779999999999982,1628440.0,165860.21093597135,26294.8,6678.120285442492,0.0,175740.4449831841,2485.5787881757637,1160003.598876407,2268096.0450061434,4971.157576351527,325732.2452614388,98.47385156100783,404.2476001141024,474.8149521321564,14.862074520014868,0.0152614843899214,1.5261484389921491,0.5114437730406011,0.0919780503460116,cold_start_20260830_174912,13,True
14,657.0,1380.0,256.0,70.0,63.0,0.1648750254705174,0,0.0454611398479905,OPTIMAL,9.845999999999984,1596500.0,162607.0513861599,25759.0,6483.455522609953,0.0,179102.88628119783,3880.707262072016,1175909.27465165,2268096.0450061434,7761.414524144033,325732.2452614388,97.61724095877749,405.2476001141024,474.8149521321564,14.651466156586237,0.0238275904122251,2.382759041222516,0.5184565606208553,0.1015960745053534,cold_start_20260830_174912,14,True
15,637.0,1333.0,256.0,49.0,64.0,0.1643237486272318,0,0.04680842220689,OPTIMAL,9.642999999999992,1554860.0,158365.9254107639,25265.2,6405.368970627467,0.0,182665.54998061672,5852.673993573475,1190457.8545674356,2268096.0450061434,11705.34798714695,325732.2452614388,96.40645095552269,406.2318256052895,474.8149521321564,14.444180036642573,0.0359354904447731,3.593549044477319,0.5248710067585393,0.114666141458554,cold_start_20260830_174912,15,True
16,637.0,1450.0,270.0,62.0,61.0,0.1640030798212372,0,0.1040516109343743,OPTIMAL,9.607999999999985,1612500.0,164236.68672733032,26301.0,6679.175879586739,0.0,174757.8741044579,1842.4443011984465,1156454.420624127,2268096.0450061434,3684.888602396893,325732.2452614388,98.86873692856555,407.2476001141024,474.8149521321564,14.23024942972896,0.0113126307143443,1.1312630714344332,0.5098789458984283,0.0877944725991085,cold_start_20260830_174912,16,True
17,628.0,1462.0,240.0,58.0,60.0,0.1616318346458821,0,0.13619173546586,OPTIMAL,9.678999999999988,1542440.0,157100.9209771804,25000.8,6025.313728208634,0.0,178469.49020202307,1664.9317616565604,1182026.919792423,2268096.0450061434,3329.863523313121,325732.2452614388,98.97772984659824,409.2257929892148,474.8149521321564,13.813625465755342,0.0102227015340176,1.0222701534017642,0.5211538207982817,0.0883957746537598,cold_start_20260830_174912,17,True
18,631.0,1469.0,237.0,58.0,62.0,0.1615583756877379,0,0.097305761400746,OPTIMAL,9.799,1543580.0,157217.0324952388,25019.6,5971.539196533224,0.0,178221.741243203,1203.7940989776455,1182527.2358261244,2268096.0450061434,2407.5881979552914,325732.2452614388,99.26086893975666,413.2444705279062,474.8149521321564,12.967258366184131,0.0073913106024333,0.7391310602433346,0.5213744093552799,0.0855974720057253,cold_start_20260830_174912,18,True
19,628.0,1487.0,230.0,60.0,61.0,0.1609312956483505,0,0.033672799912117,OPTIMAL,9.771999999999997,1530440.0,155878.6944713026,24761.8,5808.435123641853,0.0,178558.70558279383,925.8789497236314,1186070.6021199154,2268096.0450061434,1851.7578994472628,325732.2452614388,99.43150918388169,415.525792989215,474.8149521321564,12.486792776154887,0.0056849081611831,0.5684908161183144,0.522936674014042,0.0841254092632894,cold_start_20260830_174912,19,True
20,589.0,1425.0,218.0,103.0,52.0,0.1607414032066769,0,0.0298682913779885,OPTIMAL,10.275,1467900.0,149508.85733150275,23526.0,5407.925923419065,0.0,186134.15762687995,4646.192141995394,1219212.154183221,2268096.0450061434,9292.384283990788,325732.2452614388,97.14723229917487,416.2476001141024,474.8149521321564,12.33477415887123,0.0285276770082512,2.85276770082512,0.5375487325008402,0.1091599868833772,cold_start_20260830_174912,20,True
21,615.0,1472.0,227.0,57.0,60.0,0.1603264142720194,0,0.0577258467432016,OPTIMAL,9.603999999999992,1505040.0,153291.64836719458,24388.8,5694.771139251599,0.0,180260.4866139377,1404.6253334583982,1195181.6592034455,2268096.0450061434,2809.2506669167965,325732.2452614388,99.13755831429522,416.708559535566,474.8149521321564,12.237692249509768,0.0086244168570478,0.8624416857047847,0.5269537248367312,0.0876674755825575,cold_start_20260830_174912,21,True
22,609.0,1471.0,209.0,62.0,54.0,0.159091688582614,0,0.0978114037596817,OPTIMAL,9.892,1458020.0,148502.55750833004,23400.4,5281.239011327019,0.0,183651.0331479187,2408.290322502183,1213101.532814448,2268096.0450061434,4816.580645004366,325732.2452614388,98.52130677417628,417.6075019108348,474.8149521321564,12.048367467037757,0.014786932258237,1.478693225823709,0.5348545690935069,0.0950151176222631,cold_start_20260830_174912,22,True
23,605.0,1460.0,193.0,63.0,50.0,0.1581494497185158,0,0.1155813332868311,OPTIMAL,9.980999999999996,1415000.0,144120.8754847581,22522.0,4916.395523362191,0.0,187138.8704183434,3611.957704596246,1230736.6668341735,2268096.0450061434,7223.915409192492,325732.2452614388,97.78225351825564,420.2040016631363,474.8149521321564,11.501522903562677,0.0221774648174436,2.217746481744367,0.5426298721096884,0.1035719456338969,cold_start_20260830_174912,23,True
24,594.0,1430.0,180.0,39.0,46.0,0.1568482658880926,0,0.1075589042729768,OPTIMAL,9.59999999999999,1351800.0,137683.81588713496,21460.0,4589.101717268653,0.0,192014.01392245136,6114.040998433911,1251561.234823651,2268096.0450061434,12228.081996867822,325732.2452614388,96.24597129244808,422.3718753759081,474.8149521321564,11.04495056879584,0.0375402870755191,3.7540287075519134,0.5518113915763478,0.1203119958119713,cold_start_20260830_174912,24,True
25,558.0,1460.0,193.0,34.0,44.0,0.1558592571612314,0,0.0611389306251701,OPTIMAL,9.569999999999991,1342800.0,136767.1460077266,21644.0,4739.926712814551,0.0,190352.69202444333,5140.589505568577,1245028.529136969,2268096.0450061434,10281.179011137154,325732.2452614388,96.84367170868046,424.2476001141024,474.8149521321564,10.649907251442135,0.0315632829131954,3.1563282913195434,0.5489311318531913,0.1139029526911741,cold_start_20260830_174912,25,True
26,572.0,1459.0,158.0,27.0,41.0,0.1543380188643187,0,0.133843256035098,OPTIMAL,9.317999999999978,1278480.0,130216.01193622156,20220.6,3930.816339337477,0.0,195686.02190468583,6074.958182728499,1276223.6745118392,2268096.0450061434,12149.916365456998,325732.2452614388,96.26996818945412,428.9476228014519,474.8149521321564,9.660043165181998,0.0373003181054588,3.7300318105458814,0.5626850226743296,0.1217030715066082,cold_start_20260830_174912,26,True
27,561.0,1429.0,147.0,33.0,37.0,0.1540310924193837,0,0.0507887125505124,OPTIMAL,9.52399999999998,1237280.0,126019.70093270775,19418.6,3746.307712482917,0.0,200172.7028791893,9232.367887144845,1291400.3023879195,2268096.0450061434,18464.73577428969,325732.2452614388,94.33131473997317,431.2476001141024,474.8149521321564,9.175648707441674,0.0566868526002685,5.66868526002685,0.5693763741757337,0.1420933087266285,cold_start_20260830_174912,27,True
28,557.0,1474.0,146.0,36.0,33.0,0.153152435855222,0,0.0982324539815809,OPTIMAL,11.146,1237780.0,126070.62703711934,19398.6,3712.8001502877673,0.0,198182.4068588791,7812.224273195477,1284758.9991176152,2268096.0450061434,15624.448546390957,325732.2452614388,95.20328466902302,435.2476001141024,474.8149521321564,8.333215253727122,0.0479671533097697,4.796715330976975,0.5664482339477539,0.1329343884019328,cold_start_20260830_174912,28,True
29,566.0,1471.0,132.0,47.0,37.0,0.1529465479376509,0,0.079617936896814,OPTIMAL,9.696,1229920.0,125270.06867576938,19137.4,3411.5617325620988,0.0,199078.4300663972,6659.489995249823,1296111.9137981487,2268096.0450061434,13318.979990499643,325732.2452614388,95.9110649362302,436.8806710097879,474.8149521321564,7.989276865023864,0.0408893506376981,4.08893506376981,0.5714537162797434,0.1266074080796596,cold_start_20260830_174912,29,True
30,503.0,1482.0,149.0,28.0,30.0,0.1514607160103072,0,0.0347267981408077,OPTIMAL,9.106999999999978,1182840.0,120474.86668437545,18848.8,3625.107646205116,0.0,200578.6766261961,8370.387744573922,1298129.3680332955,2268096.0450061434,16740.775489147843,325732.2452614388,94.86057160975533,438.2476001141024,474.8149521321564,7.7013901634412125,0.0513942839024468,5.139428390244689,0.5723432086976632,0.1372457652070963,cold_start_20260830_174912,30,True
31,558.0,1477.0,95.0,40.0,27.0,0.1507531692177357,0,0.1157279041731161,OPTIMAL,9.91899999999999,1132040.0,115300.7744761594,17171.8,2497.414100931589,0.0,206952.67829779728,9797.877181567368,1333961.0951380008,2268096.0450061434,19595.754363134736,325732.2452614388,93.9840913363039,442.35360330039424,474.8149521321564,6.836631552143524,0.060159086636961,6.015908663696104,0.5881413611540368,0.1483802908100665,cold_start_20260830_174912,31,True
32,481.0,1484.0,96.0,35.0,26.0,0.1481620181154153,0,0.2995711566085581,OPTIMAL,9.841999999999976,1054280.0,107380.7467180712,16403.6,2399.1619583020274,0.0,209862.17863132895,9707.6298260699,1353778.9183538673,2268096.0450061434,19415.2596521398,325732.2452614388,94.03950332379382,443.8201519946388,474.8149521321564,6.527764131760283,0.0596049667620617,5.960496676206175,0.59687900842409,0.1491368180256752,cold_start_20260830_174912,32,True
33,462.0,1488.0,64.0,17.0,11.0,0.1462597824230723,0,0.2550846640510114,OPTIMAL,8.474999999999985,941860.0,95930.5214021726,14258.2,1503.5369673495816,0.0,220038.9756877073,15304.031683978064,1395507.6900594844,2268096.0450061434,30608.06336795613,325732.2452614388,90.60330568642674,457.2476001141024,474.8149521321564,3.699831258297115,0.0939669431357326,9.396694313573262,0.6152771586247815,0.1862585169294498,cold_start_20260830_174912,33,True
34,453.0,1445.0,38.0,23.0,9.0,0.1457608918658615,0,0.1713998090128006,OPTIMAL,8.934999999999992,872400.0,88855.86697731657,12897.0,965.2917467161708,0.0,227881.54363349592,19407.288897955423,1428642.9426995143,2268096.0450061434,38814.57779591085,325732.2452614388,88.08390070047946,459.2476001141024,474.8149521321564,3.2786145314398385,0.1191609929952054,11.916099299520546,0.6298864397057069,0.2136439589510615,cold_start_20260830_174912,34,True
35,425.0,1486.0,16.0,14.0,4.0,0.1428990508278387,0,0.1744677589602319,OPTIMAL,9.756999999999994,797520.0,81229.17358063906,11668.4,405.7512640769411,0.0,230805.44717303687,18407.623424563957,1452800.738505614,2268096.0450061434,36815.24684912791,325732.2452614388,88.69769653305913,464.2476001141024,474.8149521321564,2.225572714296653,0.1130230346694086,11.30230346694086,0.6405375741051031,0.209103670785174,cold_start_20260830_174912,35,True
36,314.0,1439.0,15.0,28.0,2.0,0.1422749667151897,0,inf,OPTIMAL,8.04599999999999,679980.0,69257.46495556594,10317.6,252.00261389128036,0.0,242866.22174064524,23108.95231047023,1511266.367488774,2268096.0450061434,46217.90462094046,325732.2452614388,85.8110748035261,466.2476001141024,474.8149521321564,1.804355987439388,0.141889251964739,14.188925196473903,0.6663149785108331,0.2418364987413639,cold_start_20260830_174912,36,True
0,990.0,1241.0,441.0,200.0,117.0,0.1940992206737364,0,inf,OPTIMAL,9.649,2417120.0,246189.01099061372,38763.4,11863.383683771475,0.0,143419.8800744911,79.40785326847441,955761.9638480212,2268096.0450061434,158.81570653694882,325732.2452614388,99.95124348023651,351.2476001141024,474.8149521321564,26.02431778173262,0.0004875651976348,0.0487565197634886,0.4213939554951397,0.0636966585219058,warm_start_20260831_030140,0,True
1,979.0,1264.0,434.0,165.0,116.0,0.1921594783204994,0,0.0841408067030589,OPTIMAL,9.621999999999996,2374880.0,241886.77368992387,38225.6,11660.391791420485,0.0,144063.3873078243,41.237728458392624,960230.1393193564,2268096.0450061434,82.47545691678525,325732.2452614388,99.97467998390808,352.2476001141024,474.8149521321564,25.813709418303983,0.0002532001609192,0.0253200160919251,0.4233639670743112,0.0637577952220659,warm_start_20260831_030140,1,True
2,914.0,1262.0,448.0,186.0,115.0,0.1911546434692603,0,0.0524128747330249,OPTIMAL,9.624999999999991,2348740.0,239224.35695128675,38213.8,11685.818203734922,0.0,144433.11568216726,55.87977583254344,962626.6655938964,2268096.0450061434,111.75955166508687,325732.2452614388,99.96568974877653,353.2476001141024,474.8149521321564,25.603101054875346,0.0003431025122348,0.0343102512234816,0.4244205917617078,0.0640061912764909,warm_start_20260831_030140,2,True
3,975.0,1427.0,431.0,134.0,114.0,0.1906083361450367,0,0.0636887306784236,OPTIMAL,11.068999999999976,2379540.0,242361.4049830397,38518.8,11575.170990836446,0.0,139862.63738188316,0.0,932417.5825458876,2268096.0450061434,0.0,325732.2452614388,100.0,354.2476001141024,474.8149521321564,25.392492691446712,0.0,0.0,0.4111014542787415,0.0616652181418112,warm_start_20260831_030140,3,True
4,867.0,1288.0,469.0,133.0,113.0,0.1891082855113361,0,0.0740721879521701,OPTIMAL,9.716000000000005,2315060.0,235793.974558123,38302.2,11885.524765858536,0.0,142934.0551221725,30.896962638197003,952749.5149888382,2268096.0450061434,61.793925276394006,325732.2452614388,99.9810292268649,355.2476001141024,474.8149521321564,25.18188432801808,0.0001897077313509,0.0189707731350935,0.4200657715031894,0.0631995734568293,warm_start_20260831_030140,4,True
5,905.0,1260.0,436.0,121.0,113.0,0.188107704181706,0,0.053907566162403,OPTIMAL,9.525999999999993,2273700.0,231581.36720119748,37167.0,11383.07512362078,0.0,146514.89756489487,92.59609718703103,976333.8686457596,2268096.0450061434,185.19219437406207,325732.2452614388,99.94314588221826,356.2522600419826,474.8149521321564,24.970294544804894,0.0005685411778174,0.0568541177817453,0.4304640761556088,0.0651381526011587,warm_start_20260831_030140,5,True
6,920.0,1252.0,427.0,118.0,110.0,0.1878668687133955,0,0.043795969416844,OPTIMAL,9.427,2263240.0,230515.99309690733,36786.8,11250.713342869698,0.0,147546.59547676385,254.2301011834528,982457.5627062364,2268096.0450061434,508.4602023669056,325732.2452614388,99.84390240457807,358.2476001141024,474.8149521321564,24.55005923773216,0.0015609759542191,0.1560975954219104,0.4331640032922746,0.0665355764480603,warm_start_20260831_030140,6,True
7,904.0,1294.0,429.0,105.0,112.0,0.187070762844149,0,0.0932810286329752,OPTIMAL,9.527999999999995,2255280.0,229705.24951467503,36891.6,11226.05492371375,0.0,146471.55290470785,30.741733723038426,976333.5579406782,2268096.0450061434,61.48346744607685,325732.2452614388,99.98112453761011,358.6139342315874,474.8149521321564,24.47290620878057,0.0001887546238989,0.0188754623898929,0.4304639391662242,0.0647583454988325,warm_start_20260831_030140,7,True
8,867.0,1280.0,428.0,88.0,107.0,0.1848962386193645,0,0.0365173655285643,OPTIMAL,11.298999999999976,2196500.0,223718.37668005028,36123.0,11045.143965568654,0.0,148475.90690347383,158.9286299405503,989097.7124167696,2268096.0450061434,317.8572598811006,325732.2452614388,99.90241762536404,361.2476001141024,474.8149521321564,23.91823414744625,0.0009758237463594,0.0975823746359475,0.4360916349175551,0.0663895689839927,warm_start_20260831_030140,8,True
9,849.0,1280.0,428.0,88.0,107.0,0.1842810581894472,0,0.0528869357640769,OPTIMAL,9.433999999999994,2178500.0,221885.03692123355,35943.0,10964.208889785265,0.0,149174.8934380134,158.92862994055042,993757.6226470334,2268096.0450061434,317.85725988110084,325732.2452614388,99.90241762536404,362.052265304304,474.8149521321564,23.748764928629907,0.0009758237463594,0.0975823746359476,0.4381461820521545,0.0666977510541826,warm_start_20260831_030140,9,True
10,850.0,1291.0,416.0,99.0,104.0,0.183699646115363,0,0.0678028748419172,OPTIMAL,9.296,2160620.0,220063.91942747563,35470.4,10716.661219885722,0.0,150397.46017592173,206.2457371253297,1001687.2543995602,2268096.0450061434,412.4914742506594,325732.2452614388,99.87336486324232,364.2476001141024,474.8149521321564,23.28640905716034,0.0012663513675767,0.1266351367576722,0.441642344293602,0.067512703011617,warm_start_20260831_030140,10,True
11,852.0,1296.0,402.0,107.0,102.0,0.1830445120640078,0,0.0626497815888076,OPTIMAL,9.343000000000002,2137920.0,217751.8742871901,34922.4,10425.657862152531,0.0,152062.60172311292,269.52724947185857,1012492.8843232174,2268096.0450061434,539.0544989437171,325732.2452614388,99.83450993667788,366.69099209102114,474.8149521321564,22.77181027168682,0.0016549006332211,0.1654900633221196,0.4464065296319826,0.0686158800780185,warm_start_20260831_030140,11,True
12,844.0,1280.0,399.0,112.0,102.0,0.1828125580574107,0,0.0528071021780914,OPTIMAL,9.441999999999997,2123400.0,216272.980215078,34682.0,10328.29420497758,0.0,153353.1654874137,465.02081406109977,1020184.339450473,2268096.0450061434,930.0416281221997,325732.2452614388,99.7144766471076,369.21438560785737,474.8149521321564,22.24036249281951,0.0028552335289241,0.2855233528924134,0.449797680171745,0.0703248855546858,warm_start_20260831_030140,12,True
13,833.0,1396.0,399.0,106.0,101.0,0.1819240803207736,0,0.047686268291855,OPTIMAL,9.478000000000002,2133020.0,217252.79846395663,35007.4,10281.734578619553,0.0,150079.35402435035,11.621306792358425,1000474.7940639711,2268096.0450061434,23.24261358471685,325732.2452614388,99.9928645033082,369.8845469503185,474.8149521321564,22.09922090925064,7.135496691788034e-05,0.007135496691788,0.4411077724273626,0.0662375208310222,warm_start_20260831_030140,13,True
14,849.0,1278.0,387.0,91.0,97.0,0.1814814678485158,0,0.0552345497793596,OPTIMAL,9.475,2084860.0,212347.59608703371,33922.2,10087.05382512408,0.0,155260.5495569706,1035.035726250192,1030240.163657303,2268096.0450061434,2070.071452500384,325732.2452614388,99.36448678857724,371.2476001141024,474.8149521321564,21.81215051315989,0.0063551321142274,0.6355132114227457,0.4542312773419225,0.0744898237155158,warm_start_20260831_030140,14,True
15,852.0,1275.0,383.0,86.0,94.0,0.1811360334533573,0,0.0636883013236158,OPTIMAL,9.250000000000009,2072300.0,211068.33234421496,33632.0,10011.855749306944,0.0,156121.7329901383,1516.3808125257442,1033735.109475802,2268096.0450061434,3032.7616250514884,325732.2452614388,99.06894031242828,374.2476001141024,474.8149521321564,21.18032542287397,0.0093105968757171,0.9310596875717164,0.4557721934888352,0.0776764258990424,warm_start_20260831_030140,15,True
16,780.0,1374.0,409.0,100.0,93.0,0.1801858679452257,0,0.0489923627275637,OPTIMAL,9.259,2081180.0,211972.77995856456,34432.6,10174.295165254454,0.0,152099.1793287467,96.75948926372568,1013542.9845750805,2268096.0450061434,193.5189785274513,325732.2452614388,99.94058955435248,375.2476001141024,474.8149521321564,20.969717059445337,0.000594104456475,0.059410445647507,0.4468695171911624,0.0676245320351494,warm_start_20260831_030140,16,True
17,820.0,1266.0,376.0,89.0,92.0,0.1797351141556438,0,0.0356006126962291,OPTIMAL,9.510000000000003,2023520.0,206099.9815978217,32932.4,9730.761903226528,0.0,158893.35806409526,2091.7653278999546,1049527.4822304351,2268096.0450061434,4183.530655799909,325732.2452614388,98.71565351092516,376.2476001141024,474.8149521321564,20.759108696016703,0.0128434648907483,1.284346489074832,0.4627350259444557,0.0822537187824166,warm_start_20260831_030140,17,True
18,835.0,1276.0,363.0,87.0,93.0,0.179370032719817,0,0.0505367246016421,OPTIMAL,9.440999999999995,2014820.0,205213.86738106023,32633.4,9509.226972562365,0.0,159471.967450817,1640.706327406188,1055489.820144218,2268096.0450061434,3281.412654812376,325732.2452614388,98.99260429308168,377.23945331429786,474.8149521321564,20.55021611676208,0.0100739570691831,1.0073957069183166,0.4653638114083299,0.0798785287804326,warm_start_20260831_030140,18,True
19,790.0,1495.0,370.0,106.0,91.0,0.1778909995986625,0,0.0634067168100299,OPTIMAL,9.828999999999995,2040800.0,207859.9877662857,33463.0,9479.736644944318,0.0,152671.1482206859,6.9938554754055104,1017775.0168123542,2268096.0450061434,13.98771095081102,325732.2452614388,99.99570576411936,377.2476001141024,474.8149521321564,20.54850033258806,4.2942358806338695e-05,0.0042942358806338,0.448735413587654,0.0673532543969544,warm_start_20260831_030140,19,True
20,773.0,1272.0,369.0,94.0,88.0,0.1777144879755587,0,0.075154278276222,OPTIMAL,9.499000000000006,1961640.0,199797.3669158451,32082.8,9384.434829866905,0.0,161808.9255719445,2622.191239069519,1066489.2780306388,2268096.0450061434,5244.382478139038,325732.2452614388,98.38997134780752,380.2476001141024,474.8149521321564,19.91667524230215,0.0161002865219247,1.6100286521924776,0.4702134551924365,0.0866323048007902,warm_start_20260831_030140,20,True
21,771.0,1278.0,350.0,91.0,87.0,0.1763554961296084,0,0.0886561077164603,OPTIMAL,9.560999999999996,1919860.0,195541.9816312139,31272.2,8970.229083381735,0.0,164206.7925720655,2610.859536287934,1082527.9393110927,2268096.0450061434,5221.719072575868,325732.2452614388,98.3969290272798,381.9500064836302,474.8149521321564,19.558134222925418,0.0160307097272019,1.6030709727201922,0.4772848758740111,0.0876234411083035,warm_start_20260831_030140,21,True
22,741.0,1340.0,360.0,93.0,84.0,0.1753223458816753,0,0.0832901394272895,OPTIMAL,9.506000000000004,1920800.0,195637.72270750764,31540.0,9045.534901640083,0.0,161424.66168627917,1308.1815239150842,1070059.5641302571,2268096.0450061434,2616.3630478301684,325732.2452614388,99.19677493220536,384.2476001141024,474.8149521321564,19.07424178858761,0.0080322506779463,0.803225067794632,0.4717875887514979,0.078800388990671,warm_start_20260831_030140,22,True
23,739.0,1346.0,341.0,90.0,83.0,0.1739353559381551,0,0.0490118977464681,OPTIMAL,11.503999999999992,1879020.0,191382.3374228764,30729.4,8644.647243214804,0.0,163745.70822397424,1300.1096260112067,1085570.876571776,2268096.0450061434,2600.219252022413,325732.2452614388,99.2017310874656,385.2476001141024,474.8149521321564,18.86363342515897,0.0079826891253441,0.7982689125344127,0.4786265021545132,0.0797766644485211,warm_start_20260831_030140,23,True
24,740.0,1332.0,339.0,89.0,82.0,0.1739205686402528,0,0.0478217161087009,OPTIMAL,9.637999999999987,1871040.0,190569.5567964677,30552.8,8606.176286828551,0.0,164740.02079488066,1816.33052466364,1089790.5961841077,2268096.0450061434,3632.661049327279,325732.2452614388,98.88477081953872,386.2476001141024,474.8149521321564,18.65302506173033,0.0111522918046128,1.1152291804612828,0.480486969933919,0.0832253372947006,warm_start_20260831_030140,24,True
25,731.0,1369.0,331.0,82.0,81.0,0.1725858493832217,0,0.0704396361288836,OPTIMAL,9.701999999999996,1848680.0,188292.14140718203,30224.6,8397.376830828665,0.0,164527.1641721005,1027.3374340567664,1092053.5197884052,2268096.0450061434,2054.6748681135327,325732.2452614388,99.36921354947084,387.2476001141024,474.8149521321564,18.442416698301688,0.0063078645052914,0.6307864505291494,0.4814846894128979,0.0785305679172262,warm_start_20260831_030140,25,True
26,740.0,1375.0,317.0,85.0,79.0,0.1720445985024824,0,0.060465317546703,OPTIMAL,9.78300000000001,1830200.0,186409.91258813025,29721.0,8131.641406734561,0.0,165951.11943328544,1149.150629309937,1100978.0932851234,2268096.0450061434,2298.301258619874,325732.2452614388,99.2944200974714,389.4913761896632,474.8149521321564,17.969858691127495,0.0070557990252859,0.7055799025285981,0.485419519913735,0.0798687270123462,warm_start_20260831_030140,26,True
27,722.0,1377.0,315.0,82.0,78.0,0.1711753558107001,0,0.0602536811336776,OPTIMAL,9.767000000000008,1805540.0,183898.2371185513,29412.8,8016.791327261356,0.0,166914.31907095574,1236.1350951763748,1106993.4966955483,2268096.0450061434,2472.270190352749,325732.2452614388,99.24101152823587,390.5644295673601,474.8149521321564,17.743864675379196,0.0075898847176412,0.7589884717641201,0.4880717018721092,0.0808006399984575,warm_start_20260831_030140,27,True
28,733.0,1449.0,304.0,84.0,76.0,0.1704329653568099,0,0.0580156503067635,OPTIMAL,9.972999999999995,1808980.0,184248.60871690296,29333.6,7821.885881222468,0.0,165154.24006632422,218.50390214658304,1100008.5822321442,2268096.0450061434,437.007804293166,325732.2452614388,99.8658383348132,392.2476001141024,474.8149521321564,17.389374881158513,0.0013416166518682,0.1341616651868209,0.4849920640063391,0.074090426252819,warm_start_20260831_030140,28,True
29,717.0,1462.0,302.0,83.0,75.0,0.1696345910298315,0,0.0736830734852692,OPTIMAL,14.592,1789940.0,182309.34266091016,29105.8,7715.684696707252,0.0,165616.71765337815,163.88601067642816,1103346.6496393643,2268096.0450061434,327.7720213528563,325732.2452614388,99.89937378748309,393.2476001141024,474.8149521321564,17.17876651772987,0.001006262125169,0.1006262125169033,0.4864638127070037,0.0739758340312195,warm_start_20260831_030140,29,True
30,720.0,1474.0,288.0,83.0,72.0,0.1686984126200918,0,0.0691778219148708,OPTIMAL,10.094999999999995,1763680.0,179634.70365721424,28511.6,7423.467759037014,0.0,167054.43104619344,199.6175089501088,1112764.6585995224,2268096.0450061434,399.2350179002176,325732.2452614388,99.87743460351008,396.2476001141024,474.8149521321564,16.54694142744396,0.0012256539648992,0.122565396489925,0.4906161981321688,0.0748180836847245,warm_start_20260831_030140,30,False
31,708.0,1470.0,286.0,83.0,72.0,0.1681864685846776,0,0.0880493129330025,OPTIMAL,10.309999999999985,1746800.0,177915.43837227946,28294.0,7333.217575048324,0.0,167920.40827312943,235.39503539987692,1118370.8783223303,2268096.0450061434,470.7900707997539,325732.2452614388,99.8554671581802,397.4835477191655,474.8149521321564,16.286640525058083,0.0014453284181978,0.1445328418197863,0.4930879716424447,0.0754085241645645,warm_start_20260831_030140,31,False
32,700.0,1470.0,276.0,83.0,72.0,0.1673325636260801,0,0.0883822322589056,OPTIMAL,9.831999999999995,1718800.0,175063.57652523124,27814.0,7085.0001126638745,0.0,169563.74912315616,235.3950353998769,1129326.4839891752,2268096.0450061434,470.7900707997537,325732.2452614388,99.8554671581802,402.9106920148907,474.8149521321564,15.14363854684434,0.0014453284181978,0.1445328418197863,0.4979182810515047,0.0761330705759235,warm_start_20260831_030140,32,False
33,696.0,1470.0,273.0,82.0,72.0,0.1669927914838959,0,0.0649434420100039,OPTIMAL,10.165999999999984,1708200.0,173983.94311170583,27648.0,7004.241101973239,0.0,170119.50569548103,235.39503539987675,1133031.527804674,2268096.0450061434,470.7900707997535,325732.2452614388,99.8554671581802,404.6442641627536,474.8149521321564,14.778533753897449,0.0014453284181978,0.1445328418197862,0.4995518290767996,0.0763781027797178,warm_start_20260831_030140,33,False
34,667.0,1414.0,273.0,82.0,73.0,0.166386454409653,0,0.067591686873228,OPTIMAL,9.664,1668180.0,169907.81771460336,27150.6,6892.082726716446,0.0,173429.9587478093,1034.739377477602,1151370.9412238332,2268096.0450061434,2069.478754955204,325732.2452614388,99.36466874708884,407.9886009922048,474.8149521321564,14.074188447492642,0.0063533125291117,0.635331252911176,0.5076376477790272,0.0824989596959658,warm_start_20260831_030140,34,False
35,650.0,1413.0,276.0,84.0,72.0,0.1660384492544778,0,0.03941470702005,OPTIMAL,9.696999999999996,1656860.0,168754.8507107253,27069.2,6883.434569192488,0.0,173883.66479311662,1188.262531446435,1153679.206807361,2268096.0450061434,2376.5250628928707,325732.2452614388,99.27040534136084,410.0100847049483,474.8149521321564,13.64844707105407,0.0072959465863916,0.7295946586391615,0.5086553584657549,0.0835942503562548,warm_start_20260831_030140,35,False
36,659.0,1442.0,271.0,80.0,74.0,0.1658003795352796,0,0.1044595746774428,OPTIMAL,9.597999999999992,1662440.0,169323.18603595847,27140.8,6817.561806839011,0.0,172769.63724168768,422.5623822242655,1149825.623827538,2268096.0450061434,845.124764448531,325732.2452614388,99.74054617657818,411.0387942223606,474.8149521321564,13.431792243148411,0.0025945382342181,0.2594538234218163,0.5069563197551555,0.0786379861974914,warm_start_20260831_030140,36,False
37,642.0,1500.0,260.0,83.0,72.0,0.1643728464079923,0,0.132527247239668,OPTIMAL,9.773000000000003,1635400.0,166569.10230938048,26726.0,6509.924910411239,0.0,173008.3756245779,82.73693669420678,1153003.0651259464,2268096.0450061434,165.47387338841355,325732.2452614388,99.94919941891058,417.79462067858,474.8149521321564,12.008958689596149,0.0005080058108941,0.0508005810894162,0.5083572486555892,0.0767615931092325,warm_start_20260831_030140,37,False
38,634.0,1398.0,250.0,83.0,73.0,0.1641032081733892,0,0.0844195835608271,OPTIMAL,10.015999999999996,1586260.0,161564.08476781083,25836.2,6267.647938684136,0.0,178533.9047243889,1413.6248203816945,1183629.1156674782,2268096.0450061434,2827.249640763389,325732.2452614388,99.13203261823398,422.023148066598,474.8149521321564,11.11839545669252,0.0086796738176602,0.8679673817660225,0.5218602264545072,0.0869587077858363,warm_start_20260831_030140,38,False
39,634.0,1331.0,244.0,62.0,74.0,0.163881651305781,0,0.057702238194721,OPTIMAL,9.347999999999995,1548220.0,157689.6267441782,25214.4,6135.92124382211,0.0,182659.37718771747,3339.3673070243026,1202145.4671520032,2268096.0450061434,6678.734614048605,325732.2452614388,97.94962435828602,426.36314806659766,474.8149521321564,10.204355159412303,0.0205037564171398,2.050375641713988,0.5300240568731062,0.1000073649481058,warm_start_20260831_030140,39,False
40,620.0,1460.0,252.0,83.0,72.0,0.1633297143513106,0,0.2025638656422394,OPTIMAL,9.706999999999994,1588600.0,161802.41893645702,26010.0,6238.4011615489,0.0,176396.6590541848,339.59789397349084,1174392.9368560226,2268096.0450061434,679.1957879469817,325732.2452614388,99.79148647460376,426.7136906843537,474.8149521321564,10.130527952374711,0.0020851352539624,0.2085135253962488,0.5177880096576076,0.0797533367026036,warm_start_20260831_030140,40,False
41,613.0,1438.0,221.0,78.0,77.0,0.1614855423823289,0,0.3932718016845546,OPTIMAL,9.630000000000004,1518260.0,154638.13456783662,24768.2,5560.038663208628,0.0,181298.3467719869,271.0771834687655,1207390.6182903913,2268096.0450061434,542.154366937531,325732.2452614388,99.83355827529375,443.6797879473245,474.8149521321564,6.557325974049356,0.0016644172470625,0.16644172470625,0.5323366358090541,0.0815149126184206,warm_start_20260831_030140,41,False
42,577.0,1403.0,215.0,79.0,78.0,0.1602459636148434,0,0.340919108786077,OPTIMAL,9.525999999999986,1464460.0,149158.48573315112,24059.2,5297.162861208744,0.0,184938.38770866505,678.8853790439458,1229754.452955562,2268096.0450061434,1357.7707580878916,325732.2452614388,99.5831635406565,464.5112531026123,474.8149521321564,2.1700451898735262,0.004168364593435,0.4168364593435076,0.5421968155463324,0.0854978869253849,warm_start_20260831_030140,42,False
43,428.0,1117.0,123.0,86.0,79.0,0.1556836237105941,0,0.1650628477787073,OPTIMAL,9.381999999999971,1074040.0,109393.34636441666,17711.8,2896.9275937109555,0.0,223103.3372520956,14336.315005490129,1420452.7783216832,2268096.0450061434,28672.63001098025,325732.2452614388,91.1974849195642,468.1107744869143,474.8149521321564,1.411955881999294,0.0880251508043579,8.802515080435795,0.6262754090371141,0.181966462159925,warm_start_20260831_030140,43,False
44,393.0,1083.0,79.0,80.0,86.0,0.154399204420578,0,0.1264623973364183,OPTIMAL,9.017999999999976,949060.0,96663.8573056993,15689.2,2216.622389854376,0.0,235622.5452028544,13924.96732104284,1505833.787187496,2268096.0450061434,27849.93464208568,325732.2452614388,91.45005290473075,468.2476001141024,474.8149521321564,1.3831392605821224,0.0854994709526924,8.549947095269246,0.6639197623500187,0.1850874353051952,warm_start_20260831_030140,44,False
45,433.0,1266.0,99.0,47.0,82.0,0.1501809775834065,0,inf,OPTIMAL,9.422999999999988,1044320.0,106366.29871819264,17340.4,2390.979400503114,0.0,214527.20317338483,4129.853804361312,1410908.7034022128,2268096.0450061434,8259.707608722623,325732.2452614388,97.4642646747812,468.2476001141024,474.8149521321564,1.3831392605821111,0.0253573532521879,2.535735325218793,0.6220674413275965,0.1186674694513274,warm_start_20260831_030140,45,False
