hour_of_week,t_global,hour,demand_kw,pv_kw,p_grid_kw,p_pv_used_kw,p_pv_curtail_kw,p_bat_ch_kw,p_bat_dis_kw,p_elz_kw,p_fc_kw,soc_bat_kwh,h2_level_kg,p_unserved_kw,blackout_flag
0,4368.0,4368.0,419.9626993542198,0.0,364.4902578941872,0.0,0.0,0.0,0.0,0.0,78.2027899004596,82.17,27.281837738261107,-0.0,0.0
1,4369.0,4369.0,418.5385096558323,0.0,364.4902578941872,0.0,0.0,0.0,0.0,0.0,71.08402261297579,82.17,23.109651723463266,-0.0,0.0
2,4370.0,4370.0,422.57143746613554,0.0,364.4902578941872,0.0,0.0,0.0,0.0,0.0,66.21319207946527,82.17,18.99783661576462,-0.0,0.0
3,4371.0,4371.0,420.2134544649997,0.0,364.4902578941872,0.0,0.0,0.0,0.0,0.0,68.4160491050668,82.17,14.796801032432432,-0.0,0.0
4,4372.0,4372.0,416.7163425182925,0.0,364.4902578941872,0.0,0.0,0.0,0.0,0.0,75.19745047276311,82.17,11.587841926482188,-0.0,0.0
5,4373.0,4373.0,325.9949609517052,0.0,316.97965121677606,0.0,0.0,0.0,0.0,0.0,0.0,82.17,8.362423480290637,-0.0,0.0
6,4374.0,4374.0,316.90729570697,0.0,312.3706257747724,0.0,0.0,0.0,0.0,0.0,0.0,82.17,7.066120002550305,-0.0,0.0
7,4375.0,4375.0,149.32214398218508,182.93436206995065,0.0,182.93436206995065,0.0,0.0,0.0,32.76622567740188,0.0,82.17,7.691196808086578,-0.0,0.0
8,4376.0,4376.0,150.76569303735226,353.40204967816135,0.0,353.40204967816135,0.0,0.0,0.0,201.8521895267544,0.0,82.17,11.962549074086894,-0.0,0.0
9,4377.0,4377.0,149.17972410792763,499.78597162530616,0.0,499.5274730610227,0.0,0.0,0.0,349.67354716025693,0.0,82.17,18.728776772192973,-0.0,0.0
10,4378.0,4378.0,117.5873951508843,612.1103055415559,0.0,491.8466610188936,113.05427122715406,0.0,0.0,374.0,0.0,82.17,26.583562250740822,-0.0,0.0
11,4379.0,4379.0,121.79428313973968,682.720333695257,0.0,504.6058983499347,185.4493079315978,0.0,0.0,374.0,0.0,98.75272737214588,34.43834772928868,-0.0,0.0
12,4380.0,4380.0,120.44425620302,706.8040993563228,0.0,667.1863044787715,16.820033802286957,164.8252818082441,0.0,374.0,0.0,256.1719925853431,42.29313320783653,-0.0,0.0
13,4381.0,4381.0,118.51435004140994,682.720333695257,0.0,682.720333695257,0.0,190.4140947613992,0.0,374.0,0.0,434.3762732368858,50.14791868638439,-0.0,0.0
14,4382.0,4382.0,120.02275907932096,612.1103055415559,0.0,607.7014484044938,0.0,111.27635962517309,0.0,374.0,0.0,547.8000000000001,58.00270416493224,-0.0,0.0
15,4383.0,4383.0,121.8818587844506,499.78597162530616,0.0,493.5599603752656,0.0,0.0,0.0,374.0,0.0,547.8000000000001,65.837820417003,-0.0,0.0
16,4384.0,4384.0,261.4246107262296,353.40204967816135,0.0,353.40204967816135,0.0,0.0,0.0,91.61544422028904,0.0,547.8000000000001,68.19493214028991,-0.0,0.0
17,4385.0,4385.0,261.7992099333755,182.93436206995085,70.9163545838247,182.93436206995085,0.0,0.0,0.0,0.0,0.0,547.8000000000001,67.14686570165993,-0.0,0.0
18,4386.0,4386.0,258.20256141406907,8.655853779009485e-14,147.3234258824767,0.0,0.0,0.0,1.4596324149351858e-13,0.0,87.0,547.8,61.92634364945471,-0.0,0.0
19,4387.0,4387.0,339.9561154803338,0.0,0.0,0.0,0.0,0.0,241.73974147254935,0.0,87.0,279.6459773696044,56.70582159724949,-0.0,0.0
20,4388.0,4388.0,342.94550947458856,0.0,59.287353815606565,0.0,0.0,0.0,182.0638552606432,0.0,87.0,82.17,51.48529954504427,-0.0,0.0
21,4389.0,4389.0,340.0243628753021,0.0,333.9259342572769,0.0,0.0,0.0,0.0,0.0,22.47029447314403,82.17,50.77443051564972,-0.0,0.0
22,4390.0,4390.0,419.7174905277428,0.0,355.07261041390063,0.0,0.0,0.0,0.0,0.0,87.0,82.17,46.09870186676182,-0.0,0.0
23,4391.0,4391.0,420.7529588079656,0.0,355.07261041390063,0.0,0.0,0.0,0.0,0.0,87.0,82.17,41.173179993461794,-0.0,0.0
24,4308.0,4308.0,414.5312223670039,0.0,355.4316093200747,0.0,0.0,0.0,0.0,0.0,87.0,82.17,36.90695288746201,-0.0,0.0
25,4309.0,4309.0,419.46424204282846,0.0,355.07261041390063,0.0,0.0,0.0,0.0,0.0,87.0,82.17,33.08208044871874,-0.0,0.0
26,4310.0,4310.0,418.52244598750394,0.0,355.07261041390063,0.0,0.0,0.0,0.0,0.0,87.0,82.17,29.070112202257825,-0.0,0.0
27,4311.0,4311.0,420.4813640512756,0.0,353.7696068557143,0.0,0.0,0.0,0.0,0.0,87.0,82.17,24.04850791958388,-0.0,0.0
28,4312.0,4312.0,417.3057172027522,0.0,342.3667815789237,0.0,0.0,0.0,0.0,0.0,87.0,82.17,19.21897016829677,-0.0,0.0
29,4313.0,4313.0,319.47082960341606,0.0,258.09263476169383,0.0,0.0,0.0,0.0,0.0,87.0,82.17,17.994448802654993,-0.0,0.0
30,4314.0,4314.0,321.75914078361734,0.0,295.7481413182427,0.0,0.0,0.0,0.0,0.0,6.488626829235227,82.17,14.663780483155604,-0.0,0.0
31,4315.0,4315.0,151.71849414699685,183.55005009581254,0.0,183.55005009581254,0.0,0.0,0.0,34.922071948905554,0.0,82.17,15.50900343865511,-0.0,0.0
32,4316.0,4316.0,147.19768409382635,354.5914676083952,0.0,354.5914676083952,0.0,0.0,0.0,204.16923913046108,0.0,82.17,19.589095095445984,-0.0,0.0
33,4317.0,4317.0,150.93670242283434,501.46806259357265,0.0,499.65709614731367,0.0,0.0,0.0,340.6989218066751,0.0,82.17,27.26852950633191,-0.0,0.0
34,4318.0,4318.0,116.54405685573681,614.1704378281545,0.0,491.5641738770197,122.88069576129271,0.0,0.0,374.0,0.0,82.17,35.12331498487977,-0.0,0.0
35,4319.0,4319.0,116.96307279600131,685.0181126893851,0.0,506.65455691472226,183.70443413689645,0.0,0.0,374.0,0.0,104.10589984772591,42.97810046342762,-0.0,0.0
36,4320.0,4320.0,120.96934144642988,708.2678523207842,0.0,667.7356834100032,0.0,164.3796469328085,0.0,374.0,0.0,290.29448606447625,50.832885941975476,-0.0,0.0
37,4321.0,4321.0,119.06894992685392,685.0181126893851,0.0,675.2132724105047,0.0,178.1163319778732,0.0,374.0,0.0,440.722904997204,58.68767142052333,-0.0,0.0
38,4322.0,4322.0,122.40243078567931,614.1704378281545,0.0,609.744100370315,0.0,110.02262756648503,0.0,374.0,0.0,546.6513721513202,66.54245689907118,-0.0,0.0
39,4323.0,4323.0,117.74274464647206,501.46806259357265,0.0,494.29042134933434,0.0,1.2458618253868678,0.0,374.0,0.0,547.8000000000001,74.3410881510369,-0.0,0.0
40,4324.0,4324.0,258.88752237121275,354.5914676083952,0.0,354.5914676083952,0.0,0.0,0.0,94.00049533001099,0.0,547.8000000000001,76.43520911248417,-0.0,0.0
41,4325.0,4325.0,258.66535611764095,183.5500500958127,76.36571719715816,183.5500500958127,0.0,0.0,0.0,0.0,0.0,547.8000000000001,76.43520911248416,-0.0,0.0
42,4326.0,4326.0,261.1858485728808,8.684986116231675e-14,152.87341353473977,0.0,0.0,0.0,1.4596324149351858e-13,0.0,87.0,547.8,71.21468706027895,-0.0,0.0
43,4327.0,4327.0,343.7228216551084,0.0,0.0,0.0,0.0,0.0,236.45992641946668,0.0,87.0,285.389518727913,65.99416500807371,-0.0,0.0
44,4328.0,4328.0,338.7215915157682,0.0,51.94669215834189,0.0,0.0,0.0,187.35913875016584,0.0,87.0,82.17,60.77364295586849,-0.0,0.0
45,4329.0,4329.0,341.42192963740285,0.0,263.41983736801365,0.0,0.0,0.0,0.0,0.0,87.0,82.17,56.265509978178855,-0.0,0.0
46,4330.0,4330.0,416.3437733890192,0.0,346.0847951664042,0.0,0.0,0.0,0.0,0.0,87.0,82.17,51.26421146699958,-0.0,0.0
47,4331.0,4331.0,421.47549709636667,0.0,342.8542557172423,0.0,0.0,0.0,0.0,0.0,87.0,82.17,46.62812326028417,-0.0,0.0
48,4332.0,4332.0,421.8067502828654,0.0,349.81406468627245,0.0,0.0,0.0,0.0,0.0,87.0,82.17,41.407601208078944,-0.0,0.0
49,4333.0,4333.0,421.3176156617578,0.0,337.96251924038893,0.0,0.0,0.0,0.0,0.0,87.0,82.17,36.59681532713477,-0.0,0.0
50,4334.0,4334.0,416.38083207637,0.0,333.25804706980455,0.0,0.0,0.0,0.0,0.0,87.0,82.17,31.82764888025266,-0.0,0.0
51,4335.0,4335.0,421.1959779442327,0.0,336.9264831883588,0.0,0.0,0.0,0.0,0.0,87.0,82.17,27.670162266870697,-0.0,0.0
52,4336.0,4336.0,419.4574933823434,0.0,335.8822684712028,0.0,0.0,0.0,0.0,0.0,87.0,82.17,23.39220833457093,-0.0,0.0
53,4337.0,4337.0,319.3104920490733,0.0,233.8802249441364,0.0,0.0,0.0,0.0,0.0,87.0,82.17,18.715347883844466,-0.0,0.0
54,4338.0,4338.0,321.5923405622165,0.0,234.59234056221652,0.0,0.0,0.0,0.0,0.0,87.0,82.17,14.55230350538428,-0.0,0.0
55,4339.0,4339.0,151.2497114031591,183.55007466328016,0.0,183.55007466328016,0.0,0.0,0.0,33.144202683207155,0.0,82.17,15.114005484282186,-0.0,0.0
56,4340.0,4340.0,151.1744195170839,354.5915150690982,0.0,354.5915150690982,0.0,0.0,0.0,207.05051590946994,0.0,82.17,19.370704516212978,-0.0,0.0
57,4341.0,4341.0,147.5763429725236,501.4681297131425,0.0,497.85216503445815,0.0,0.0,0.0,352.1888608343554,0.0,82.17,26.943889689797242,-0.0,0.0
58,4342.0,4342.0,123.03425318618524,614.1705200325033,0.0,506.6034114740281,102.5861166585432,0.0,0.0,374.0,0.0,92.53878128380273,34.7986751683451,-0.0,0.0
59,4343.0,4343.0,118.85148946454527,685.0182043764228,0.0,593.0367922680115,80.80527086703529,100.88496533478357,0.0,374.0,0.0,177.37700090596323,42.65346064689295,-0.0,0.0
60,4344.0,4344.0,122.16104797556055,708.6338719145654,0.0,667.72588163308,0.0,167.000689860431,0.0,374.0,0.0,363.1882490740054,50.508246125440806,-0.0,0.0
61,4345.0,4345.0,120.67600369351348,685.0182043764228,0.0,665.9551429112427,0.0,167.4963302467877,0.0,374.0,0.0,479.87287832361176,58.36303160398866,-0.0,0.0
62,4346.0,4346.0,119.53869932570805,614.1705200325034,0.0,577.7878950055585,0.0,73.67730801781235,0.0,374.0,0.0,547.8000000000001,66.21781708253651,-0.0,0.0
63,4347.0,4347.0,119.67627855518026,501.4681297131425,0.0,497.85216503445815,0.0,0.0,0.0,374.0,0.0,547.8000000000001,73.88523624055975,-0.0,0.0
64,4348.0,4348.0,258.5905410657465,354.5915150690982,0.0,354.5915150690982,0.0,0.0,0.0,97.53829071235478,0.0,547.8000000000001,75.94030262500615,-0.0,0.0
65,4349.0,4349.0,261.5209114704317,183.55007466328033,71.50213927395522,183.55007466328033,0.0,0.0,0.0,0.0,0.0,547.8000000000001,75.94030262500615,-0.0,0.0
66,4350.0,4350.0,257.92180368281333,8.684987278683632e-14,155.05716781470966,0.0,0.0,0.0,1.4596324149351858e-13,0.0,87.0,547.8,70.71978057280094,-0.0,0.0
67,4351.0,4351.0,340.019031664634,0.0,0.0,0.0,0.0,0.0,245.4985891834916,0.0,87.0,269.4496201247752,65.4992585205957,-0.0,0.0
68,4352.0,4352.0,334.6852267348225,0.0,73.67043701485034,0.0,0.0,0.0,172.66327836852886,0.0,87.0,82.17,60.27873646839049,-0.0,0.0
69,4353.0,4353.0,337.1979415888693,0.0,253.99561259322283,0.0,0.0,0.0,0.0,0.0,87.0,82.17,56.07609149384181,-0.0,0.0
70,4354.0,4354.0,417.198408042129,0.0,332.68319669450716,0.0,0.0,0.0,0.0,0.0,87.0,82.17,50.91764557396709,-0.0,0.0
71,4355.0,4355.0,420.47738375815175,0.0,336.25185677336526,0.0,0.0,0.0,0.0,0.0,87.0,82.17,45.697123521761874,-0.0,0.0
72,4356.0,4356.0,418.87497922663033,0.0,334.29015541200016,0.0,0.0,0.0,0.0,0.0,87.0,82.17,41.01724076149263,-0.0,0.0
73,4357.0,4357.0,419.0037170223342,0.0,333.89654460552384,0.0,0.0,0.0,0.0,0.0,87.0,82.17,36.6027411133163,-0.0,0.0
74,4358.0,4358.0,422.83515370244925,0.0,337.3849927195005,0.0,0.0,0.0,0.0,0.0,87.0,82.17,31.382219061111073,-0.0,0.0
75,4359.0,4359.0,425.8275487319115,0.0,338.8275487319115,0.0,0.0,0.0,0.0,0.0,87.0,82.17,26.161697008905854,-0.0,0.0
76,4360.0,4360.0,423.17132829294405,0.0,337.1347006157455,0.0,0.0,0.0,0.0,0.0,87.0,82.17,21.53198327870252,-0.0,0.0
77,4361.0,4361.0,319.9119394133187,0.0,234.57304212365213,0.0,0.0,0.0,0.0,0.0,87.0,82.17,16.60386813059176,-0.0,0.0
78,4362.0,4362.0,319.8048423818086,0.0,234.80665451566495,0.0,0.0,0.0,0.0,0.0,87.0,82.17,11.835618406241714,-0.0,0.0
79,4363.0,4363.0,151.63355810521776,183.55008519349502,0.0,183.55008519349502,0.0,0.0,0.0,34.85761564888989,0.0,82.17,12.28522488752269,-0.0,0.0
80,4364.0,4364.0,149.98282727579385,354.59153541191114,0.0,354.59153541191114,0.0,0.0,0.0,204.33853943032818,0.0,82.17,16.492441237248986,-0.0,0.0
81,4365.0,4365.0,148.60134599497175,501.46815848222445,0.0,497.8513900135872,0.0,0.0,0.0,355.4219312738681,0.0,82.17,24.21883792909226,-0.0,0.0
82,4366.0,4366.0,116.28125195628445,614.1705552672889,0.0,593.2653248726785,0.0,99.02710995929493,0.0,374.0,0.0,173.46848427469507,32.07362340764011,-0.0,0.0
83,4367.0,4367.0,117.806266155407,685.0182436757195,0.0,661.7014889310705,0.0,166.93150401798073,0.0,374.0,0.0,312.404023785392,39.92840888618797,-0.0,0.0
84,4368.0,4368.0,121.58983863633638,709.0,0.0,514.096868241834,176.09042236326007,3.026189652361917,0.0,374.0,0.0,401.2127082375234,47.78319436473582,-0.0,0.0
85,4369.0,4369.0,118.53516871804615,685.0182436757195,0.0,546.8264748212036,117.6830558231346,47.58436343072654,0.0,374.0,0.0,448.6617053723172,55.637979843283674,-0.0,0.0
86,4370.0,4370.0,121.03740134531834,614.170555267289,0.0,601.5415408522963,0.0,104.42609410334768,0.0,374.0,0.0,547.8000000000001,63.49276532183153,-0.0,0.0
87,4371.0,4371.0,117.84481392444647,501.46815848222445,0.0,487.67203666013097,0.0,0.0,0.0,374.0,0.0,547.8000000000001,71.34755080037938,-0.0,0.0
88,4372.0,4372.0,261.4173091116578,354.59153541191114,0.0,354.59153541191114,0.0,0.0,0.0,90.16641928961644,0.0,547.8000000000001,73.23316991596343,-0.0,0.0
89,4373.0,4373.0,257.35159708469064,183.55008519349528,67.57876672729759,183.55008519349528,0.0,0.0,0.0,0.0,0.0,547.8000000000001,72.96720510437709,-0.0,0.0
90,4374.0,4374.0,257.507891953479,8.68498777693885e-14,156.70132836504925,0.0,0.0,0.0,1.3737100909845591e-13,0.0,87.0,547.8,67.74668305217187,-0.0,0.0
91,4375.0,4375.0,340.45581883787935,0.0,0.0,0.0,0.0,0.0,240.1606267798515,0.0,87.0,281.0190653078074,62.52616099996665,-0.0,0.0
92,4376.0,4376.0,338.9213929149829,0.0,54.47700823875353,0.0,0.0,0.0,183.3297797896467,0.0,87.0,82.17,57.30563894776143,-0.0,0.0
93,4377.0,4377.0,337.16195491957194,0.0,253.78261358614026,0.0,0.0,0.0,0.0,0.0,87.0,82.17,53.34136890481146,-0.0,0.0
94,4378.0,4378.0,419.6703348703851,0.0,333.8857205755246,0.0,0.0,0.0,0.0,0.0,87.0,82.17,48.49351240150766,-0.0,0.0
95,4379.0,4379.0,420.4690731127218,0.0,335.54503454410906,0.0,0.0,0.0,0.0,0.0,87.0,82.17,43.27299034930244,-0.0,0.0
96,4380.0,4380.0,420.61020923567173,0.0,333.61020923567173,0.0,0.0,0.0,0.0,0.0,87.0,82.17,38.104553198746714,-0.0,0.0
97,4381.0,4381.0,417.84127662902847,0.0,332.3040977628067,0.0,0.0,0.0,0.0,0.0,87.0,82.17,32.8840311465415,-0.0,0.0
98,4382.0,4382.0,422.80648286656447,0.0,337.4455578844497,0.0,0.0,0.0,0.0,0.0,87.0,82.17,27.66350909433628,-0.0,0.0
99,4383.0,4383.0,418.4822937524887,0.0,337.0825436309118,0.0,0.0,0.0,0.0,0.0,87.0,82.17,22.442987042131055,-0.0,0.0
100,4384.0,4384.0,420.6784032261395,0.0,338.58975763466054,0.0,0.0,0.0,0.0,0.0,87.0,82.17,17.35587754513323,-0.0,0.0
101,4385.0,4385.0,322.38736416019674,0.0,236.22320993746553,0.0,0.0,0.0,0.0,0.0,87.0,82.17,12.25938308676088,-0.0,0.0
102,4386.0,4386.0,318.44136929282325,0.0,231.44136929282325,0.0,0.0,0.0,0.0,0.0,87.0,82.17,7.462017446133448,-0.0,0.0
103,4387.0,4387.0,154.35994321082862,183.55008168333677,0.0,183.55008168333677,0.0,0.0,0.0,31.833037549665093,0.0,82.17,7.9862248539808816,-0.0,0.0
104,4388.0,4388.0,153.93466046864296,354.591528630806,0.0,354.591528630806,0.0,0.0,0.0,200.21635121652463,0.0,82.17,12.465797707897476,-0.0,0.0
105,4389.0,4389.0,148.97865685306903,501.4681488922937,0.0,497.8516483602572,0.0,0.0,0.0,351.4121054399961,0.0,82.17,20.002126319948417,-0.0,0.0
106,4390.0,4390.0,118.25118476183818,614.1705435220704,0.0,494.50159319381527,111.20428451930209,0.0,0.0,374.0,0.0,82.17,27.85691179849627,-0.0,0.0
107,4391.0,4391.0,120.18311883494525,685.0182305756305,0.0,508.05723826411156,166.82722503451873,4.118417750287862,0.0,374.0,0.0,155.85085676697008,35.711697277044124,-0.0,0.0
108,4392.0,4392.0,120.61869116178788,708.8169291761776,0.0,663.690672873902,44.78303614888705,156.66957769311725,0.0,374.0,0.0,261.928346161483,43.56648275559198,-0.0,0.0
109,4393.0,4393.0,120.69790110633883,685.0182305756305,0.0,672.8317905188226,0.0,178.29940475913014,0.0,374.0,0.0,432.7100724401341,51.42126823413983,-0.0,0.0
110,4394.0,4394.0,120.69116498605493,614.1705435220705,0.0,607.5525492251653,0.0,121.77404540010363,0.0,374.0,0.0,547.8000000000001,59.27605371268769,-0.0,0.0
111,4395.0,4395.0,120.75436336764632,501.4681488922937,0.0,492.5470556073178,0.0,0.0,0.0,374.0,0.0,547.8000000000001,67.11489230177163,-0.0,0.0
112,4396.0,4396.0,261.92044690622345,354.591528630806,0.0,354.591528630806,0.0,0.0,0.0,94.95713727007097,0.0,547.8000000000001,69.49338464964872,-0.0,0.0
113,4397.0,4397.0,263.25873695586597,183.55008168333694,64.98561803160672,183.55008168333694,0.0,0.0,0.0,0.0,0.0,547.8000000000001,67.87984452064359,-0.0,0.0
114,4398.0,4398.0,262.43598562167796,8.684987610849677e-14,148.4823357867003,0.0,0.0,0.0,1.510511707974345e-13,0.0,87.0,547.8,62.659322468438376,-0.0,0.0
115,4399.0,4399.0,337.374453219168,0.0,0.0,0.0,0.0,0.0,239.35376817290214,0.0,87.0,287.54769050182625,57.43880041623315,-0.0,0.0
116,4400.0,4400.0,345.58529992830086,0.0,56.96542756264711,0.0,0.0,0.0,189.3488748117726,0.0,87.0,82.17,52.218278364027924,-0.0,0.0
117,4401.0,4401.0,340.39073435981936,0.0,258.45090898484534,0.0,0.0,0.0,0.0,0.0,87.0,82.17,47.347674633616435,-0.0,0.0
118,4402.0,4402.0,423.96848390093464,0.0,338.9819600313529,0.0,0.0,0.0,0.0,0.0,87.0,82.17,42.748662655769344,-0.0,0.0
119,4403.0,4403.0,420.56505921014207,0.0,333.56505921014207,0.0,0.0,0.0,0.0,0.0,87.0,82.17,37.528140603564125,-0.0,0.0
120,4404.0,4404.0,348.8805911434341,0.0,263.1072672086889,0.0,0.0,0.0,0.0,0.0,87.0,82.17,32.3076185513589,-0.0,0.0
121,4405.0,4405.0,343.4307750168225,0.0,259.94971356023973,0.0,0.0,0.0,0.0,0.0,87.0,82.17,27.672351037156236,-0.0,0.0
122,4406.0,4406.0,343.54569389339576,0.0,256.54569389339576,0.0,0.0,0.0,0.0,0.0,87.0,82.17,22.451828984951018,-0.0,0.0
123,4407.0,4407.0,340.45138199031373,0.0,253.4513819903138,0.0,0.0,0.0,0.0,0.0,87.0,82.17,17.23130693274579,-0.0,0.0
124,4408.0,4408.0,341.4564835742188,0.0,258.3811534830555,0.0,0.0,0.0,0.0,0.0,87.0,82.17,12.139737910061797,-0.0,0.0
125,4409.0,4409.0,268.0569097405722,0.0,181.0569097405722,0.0,0.0,0.0,0.0,0.0,87.0,82.17,6.989796997907375,-0.0,0.0
126,4410.0,4410.0,262.8315913086628,0.0,177.03623969538484,0.0,0.0,0.0,0.0,0.0,87.0,82.17,2.2496575902003033,-0.0,0.0
127,4411.0,4411.0,122.21460056040729,183.55006413384544,0.0,183.55006413384544,0.0,0.0,0.0,61.26712008601595,0.0,82.17,3.601584380155388,-0.0,0.0
128,4412.0,4412.0,123.30943726345961,354.5914947277923,0.0,354.5914947277923,0.0,0.0,0.0,235.15691585788431,0.0,82.17,8.814650628163557,-0.0,0.0
129,4413.0,4413.0,123.84376150132488,501.4681009461917,0.0,485.0170218839781,0.0,0.0,0.0,374.0,0.0,82.17,16.669436106711412,-0.0,0.0
130,4414.0,4414.0,92.9296976964146,614.170484800328,0.0,494.65077744589934,99.30063279160288,36.6468093714635,0.0,374.0,0.0,118.80286873421045,24.524221585259266,-0.0,0.0
131,4415.0,4415.0,98.52015212684833,685.0181650800373,0.0,651.2029615520014,0.0,179.8017586488172,0.0,374.0,0.0,313.6275324596355,32.37900706380712,-0.0,0.0
132,4416.0,4416.0,98.96453637279527,708.4508417763689,0.0,482.1380412679806,212.5610641883241,0.0,0.0,374.0,0.0,351.75345260030105,40.233792542354976,-0.0,0.0
133,4417.0,4417.0,98.74129254875092,685.0181650800373,0.0,652.6829764332215,0.0,177.1225724510012,0.0,374.0,0.0,545.5218815391474,48.08857802090283,-0.0,0.0
134,4418.0,4418.0,98.31628640216708,614.170484800328,0.0,477.7192380823386,125.8271885267865,0.0,0.0,374.0,0.0,547.8000000000001,55.94336349945068,-0.0,0.0
135,4419.0,4419.0,98.02900926165526,501.4681009461917,0.0,475.26642106887476,0.0,0.0,0.0,374.0,0.0,547.8000000000001,63.79814897799854,-0.0,0.0
136,4420.0,4420.0,212.17920743113024,354.5914947277923,0.0,354.5914947277923,0.0,0.0,0.0,145.80621353322584,0.0,547.8000000000001,67.50148000328332,-0.0,0.0
137,4421.0,4421.0,211.92258062801284,183.55006413384564,17.119315937661383,183.55006413384564,0.0,0.0,0.0,0.0,0.0,547.8000000000001,67.5263981084083,-0.0,0.0
138,4422.0,4422.0,214.7552907248164,8.68498678046533e-14,70.95135097925038,0.0,0.0,0.0,55.412824500203,0.0,87.0,487.69635306073064,62.48178581814459,-0.0,0.0
139,4423.0,4423.0,273.1234416681641,0.0,0.0,0.0,0.0,0.0,184.8196037473754,0.0,87.0,288.83290229566535,57.26126376593937,-0.0,0.0
140,4424.0,4424.0,277.53378153880635,0.0,0.0,0.0,0.0,0.0,190.5337815388063,0.0,87.0,82.17,52.04074171373415,-0.0,0.0
141,4425.0,4425.0,278.1658799439547,0.0,197.67804001209174,0.0,0.0,0.0,0.0,0.0,87.0,82.17,46.98469846984699,-0.0,0.0
142,4426.0,4426.0,346.53415223227285,0.0,260.27112014669717,0.0,0.0,0.0,0.0,0.0,87.0,82.17,41.76417641764177,-0.0,0.0
143,4427.0,4427.0,336.7394067253495,0.0,249.7394067253495,0.0,0.0,0.0,0.0,0.0,87.0,82.17,36.54365436543655,-0.0,0.0
144,4428.0,4428.0,345.9621469763401,0.0,258.9621469763401,0.0,0.0,0.0,0.0,0.0,87.0,82.17,31.32313231323133,-0.0,0.0
145,4429.0,4429.0,347.0148740546309,0.0,260.0148740546309,0.0,0.0,0.0,0.0,0.0,87.0,82.17,26.102610261026108,-0.0,0.0
146,4430.0,4430.0,345.39198726972904,0.0,258.39198726972904,0.0,0.0,0.0,0.0,0.0,87.0,82.17,20.882088208820885,-0.0,0.0
147,4431.0,4431.0,349.397953001794,0.0,262.397953001794,0.0,0.0,0.0,0.0,0.0,87.0,82.17,15.661566156615663,-0.0,0.0
148,4432.0,4432.0,347.3030511706207,0.0,261.0895314895522,0.0,0.0,0.0,0.0,0.0,87.0,82.17,10.441044104410445,-0.0,0.0
149,4433.0,4433.0,261.80532668235037,0.0,175.62711128598215,0.0,0.0,0.0,0.0,0.0,87.0,82.17,5.220522052205221,-0.0,0.0
150,4434.0,4434.0,262.3394720210499,0.0,175.3394720210499,0.0,0.0,0.0,0.0,0.0,87.0,82.17,0.0,-0.0,0.0
151,4435.0,4435.0,117.96057084086056,183.5500325502215,0.0,183.5500325502215,0.0,0.0,0.0,62.352429189431106,0.0,82.17,1.3095319661746707,-0.0,0.0
152,4436.0,4436.0,121.4269976859822,354.59143371291606,0.0,354.59143371291606,0.0,0.0,0.0,236.32399315350324,0.0,82.17,6.268670207276072,-0.0,0.0
153,4437.0,4437.0,121.37231430399584,501.4680146581263,0.0,485.711571454356,0.0,0.0,0.0,374.0,0.0,82.17,14.063688675562142,-0.0,0.0
154,4438.0,4438.0,97.62492314749058,614.1703791194624,0.0,472.6600238349826,137.8712334507796,0.0,0.0,374.0,0.0,82.17,21.918474154109994,-0.0,0.0
155,4439.0,4439.0,97.33130585332441,685.0180472083478,0.0,655.9766222759764,0.0,183.97121496736537,0.0,374.0,0.0,256.44145692262794,29.773259632657854,-0.0,0.0
156,4440.0,4440.0,101.10485736470801,708.0849171039936,0.0,670.3421197758519,0.0,193.93589004388042,0.0,374.0,0.0,410.1714983186461,37.62804511120571,-0.0,0.0
157,4441.0,4441.0,96.49119589938724,685.0180472083478,0.0,487.41677623256544,184.9125088627718,4.499495762696103,0.0,374.0,0.0,460.61346711694716,45.48283058975356,-0.0,0.0
158,4442.0,4442.0,97.65729336432466,614.1703791194625,0.0,575.7782997765864,17.019183391580924,92.17248049499351,0.0,374.0,0.0,547.8000000000001,53.337616068301415,-0.0,0.0
159,4443.0,4443.0,98.78769983686297,501.4680146581263,0.0,475.5977885530697,0.0,0.0,0.0,374.0,0.0,547.8000000000001,61.18632582793775,-0.0,0.0
160,4444.0,4444.0,213.2965175388183,354.59143371291606,0.0,354.59143371291606,0.0,0.0,0.0,139.67865502855918,0.0,547.8000000000001,64.25894784633749,-0.0,0.0
161,4445.0,4445.0,214.2913885463958,183.55003255022163,0.0,183.55003255022163,0.0,0.0,0.0,0.0,29.678785586535184,547.8000000000001,62.44681726058133,-0.0,0.0
162,4446.0,4446.0,212.51939474448366,8.684985286031873e-14,77.47913001091092,0.0,0.0,0.0,43.535371606725946,0.0,87.0,500.5792595302381,57.2262952083761,-0.0,0.0
163,4447.0,4447.0,279.6373816190566,0.0,0.0,0.0,0.0,0.0,192.16699975223608,0.0,87.0,294.66294261425594,52.00577315617088,-0.0,0.0
164,4448.0,4448.0,284.2435249771952,0.0,0.0,0.0,0.0,0.0,195.9088131293119,0.0,87.0,82.17,46.78525110396566,-0.0,0.0
165,4449.0,4449.0,276.0217558798439,0.0,189.0217558798439,0.0,0.0,0.0,0.0,0.0,87.0,82.17,41.564729051760445,-0.0,0.0
166,4450.0,4450.0,344.16003067617646,0.0,257.16003067617646,0.0,0.0,0.0,0.0,0.0,87.0,82.17,36.344206999555226,-0.0,0.0
167,4451.0,4451.0,343.14259813569504,0.0,256.14259813569504,0.0,0.0,0.0,0.0,0.0,87.0,82.17,31.123684947350004,-0.0,0.0
